Gene	ERR1797969	ERR1797970	ERR1797971	ERR1797972	ERR1797973	ERR1797974
IBPFAHIO_00001	0	1	0	0	0	0
IBPFAHIO_00003	4	3	2	3	1	2
IBPFAHIO_00004	134	146	148	134	136	134
IBPFAHIO_00006	694	880	808	1626	1593	1419
IBPFAHIO_00007	154	206	157	431	398	337
IBPFAHIO_00008	5	2	1	5	4	5
IBPFAHIO_00009	980	1101	1055	1158	1021	1028
IBPFAHIO_00010	1588	1831	1653	1476	1476	1394
IBPFAHIO_00011	55	57	67	95	86	80
IBPFAHIO_00012	87	113	131	113	133	118
IBPFAHIO_00013	11855	13740	13065	9052	9401	8654
IBPFAHIO_00014	968	1188	1009	1576	1443	1385
IBPFAHIO_00015	771	924	837	638	677	616
IBPFAHIO_00016	849	1033	938	694	679	563
IBPFAHIO_00017	1261	1477	1286	1166	985	992
IBPFAHIO_00018	6220	7575	6625	4751	4579	4058
IBPFAHIO_00019	18335	21560	19322	19386	22260	20525
IBPFAHIO_00020	5	2	5	5	5	11
IBPFAHIO_00021	64	76	75	34	28	34
IBPFAHIO_00022	0	0	0	0	0	0
IBPFAHIO_00023	3	4	5	2	15	9
IBPFAHIO_00024	168	227	171	211	269	288
IBPFAHIO_00025	6848	7001	6584	657	789	812
IBPFAHIO_00026	11	13	12	7	16	16
IBPFAHIO_00027	8370	8079	6990	1161	1330	959
IBPFAHIO_00028	1030	1178	1089	2386	2326	2099
IBPFAHIO_00029	646	788	701	692	717	736
IBPFAHIO_00030	8	12	6	7	11	8
IBPFAHIO_00031	233	277	238	111	117	113
IBPFAHIO_00032	454	534	498	169	181	146
IBPFAHIO_00033	0	1	0	0	0	1
IBPFAHIO_00034	50	59	55	42	47	36
IBPFAHIO_00035	11124	13074	11395	5343	5120	4783
IBPFAHIO_00037	220	221	215	524	531	506
IBPFAHIO_00038	2961	3024	3058	1887	2019	1755
IBPFAHIO_00039	841	1026	861	930	1158	953
IBPFAHIO_00040	210	212	223	224	223	206
IBPFAHIO_00041	923	928	892	1133	1200	1019
IBPFAHIO_00042	1812	1948	1615	262	286	274
IBPFAHIO_00043	1080	1258	1158	373	363	324
IBPFAHIO_00044	1092	1157	1222	367	241	230
IBPFAHIO_00045	37	41	44	25	20	26
IBPFAHIO_00046	2231	2448	2259	517	553	502
IBPFAHIO_00047	4845	5358	5120	1186	1164	1094
IBPFAHIO_00048	1254	1604	1531	338	404	335
IBPFAHIO_00049	1481	1926	1629	440	467	425
IBPFAHIO_00050	1910	2085	2001	461	481	377
IBPFAHIO_00051	270	290	319	82	57	72
IBPFAHIO_00052	76	99	86	31	24	21
IBPFAHIO_00053	121	130	121	49	45	29
IBPFAHIO_00054	833	848	833	340	361	286
IBPFAHIO_00055	206	246	216	92	79	79
IBPFAHIO_00056	178	223	221	74	103	86
IBPFAHIO_00057	0	0	0	0	0	0
IBPFAHIO_00058	0	0	0	0	0	0
IBPFAHIO_00059	1154	1467	1368	395	386	384
IBPFAHIO_00060	4	8	7	2	2	0
IBPFAHIO_00061	1236	1573	1513	811	934	840
IBPFAHIO_00062	1802	1943	1951	474	446	423
IBPFAHIO_00063	857	1018	825	890	856	750
IBPFAHIO_00064	62	68	55	77	73	65
IBPFAHIO_00065	66	47	54	56	45	38
IBPFAHIO_00066	62	84	84	79	94	81
IBPFAHIO_00067	101	112	123	125	106	89
IBPFAHIO_00068	354	375	364	296	291	262
IBPFAHIO_00069	212	276	258	234	292	227
IBPFAHIO_00070	182	247	259	250	258	221
IBPFAHIO_00071	663	775	729	654	671	599
IBPFAHIO_00072	13	11	19	17	14	6
IBPFAHIO_00073	64	71	100	72	121	99
IBPFAHIO_00074	7	15	13	13	15	16
IBPFAHIO_00075	71	69	95	81	89	73
IBPFAHIO_00076	131	154	137	149	122	113
IBPFAHIO_00077	186	253	269	196	177	157
IBPFAHIO_00078	284	346	324	504	327	329
IBPFAHIO_00079	54	79	73	113	79	81
IBPFAHIO_00080	477	585	568	596	584	495
IBPFAHIO_00081	0	0	0	0	0	0
IBPFAHIO_00082	0	0	0	0	0	0
IBPFAHIO_00083	0	0	0	0	0	0
IBPFAHIO_00084	7	19	21	21	24	13
IBPFAHIO_00085	14	15	15	14	6	9
IBPFAHIO_00086	10	12	12	18	8	12
IBPFAHIO_00087	22	22	19	20	16	15
IBPFAHIO_00088	160	191	161	219	252	198
IBPFAHIO_00089	3	14	9	11	25	20
IBPFAHIO_00090	0	0	0	1	0	1
IBPFAHIO_00091	19	25	18	53	58	57
IBPFAHIO_00092	7	10	6	6	8	6
IBPFAHIO_00093	32	34	35	72	80	66
IBPFAHIO_00094	1	2	0	3	1	2
IBPFAHIO_00095	6052	7061	6695	16738	18008	15330
IBPFAHIO_00096	2090	1885	1811	329	310	285
IBPFAHIO_00097	190	251	217	1567	1981	2013
IBPFAHIO_00098	258	329	279	2217	2100	1906
IBPFAHIO_00099	6046	7287	6825	554	546	511
IBPFAHIO_00100	384	470	382	322	326	292
IBPFAHIO_00101	154	183	203	101	96	103
IBPFAHIO_00102	246	304	250	187	197	183
IBPFAHIO_00103	282	326	310	724	657	605
IBPFAHIO_00104	263	315	269	677	559	536
IBPFAHIO_00105	269	343	310	1537	1287	1057
IBPFAHIO_00106	1458	1828	1510	8131	6883	6185
IBPFAHIO_00107	916	1095	863	1840	1523	1578
IBPFAHIO_00108	315	358	298	172	184	149
IBPFAHIO_00109	1490	1678	1562	698	618	604
IBPFAHIO_00110	4839	6291	5043	987	1176	1271
IBPFAHIO_00111	4143	4356	4480	5309	5277	4662
IBPFAHIO_00112	5162	5306	5423	7263	7531	6046
IBPFAHIO_00113	1117	1236	1205	2074	2129	1751
IBPFAHIO_00114	259	275	239	1252	1327	1288
IBPFAHIO_00115	187	204	191	758	724	795
IBPFAHIO_00116	364	455	371	2225	2073	1713
IBPFAHIO_00117	1078	1270	1091	5138	4846	4328
IBPFAHIO_00118	220	254	249	737	690	596
IBPFAHIO_00119	3411	3758	4149	6848	7677	6504
IBPFAHIO_00120	981	1066	1110	4273	3808	3290
IBPFAHIO_00121	178	210	193	1197	991	969
IBPFAHIO_00122	97734	114677	107561	14517	15202	12806
IBPFAHIO_00123	16	26	26	41	38	34
IBPFAHIO_00124	1	1	0	1	0	0
IBPFAHIO_00125	22	43	47	63	50	53
IBPFAHIO_00126	1262	1404	1357	1549	1627	1508
IBPFAHIO_00127	6251	7351	6436	50123	54382	51238
IBPFAHIO_00128	10896	12076	11008	62197	58989	52114
IBPFAHIO_00129	2172	2694	2351	7885	7250	6059
IBPFAHIO_00130	3236	3717	3291	4592	3785	3648
IBPFAHIO_00131	1101	1264	1151	3205	3300	3001
IBPFAHIO_00132	398	519	468	992	1028	1051
IBPFAHIO_00133	2873	3389	2959	5664	4925	4610
IBPFAHIO_00134	8191	8867	8104	15235	13215	11677
IBPFAHIO_00135	7069	8103	7294	11853	11551	10431
IBPFAHIO_00136	1203	1400	1262	5628	6142	5777
IBPFAHIO_00137	3768	4201	3916	14689	15011	13826
IBPFAHIO_00138	712	933	852	2923	2608	2520
IBPFAHIO_00139	1301	1408	1428	5313	4531	3873
IBPFAHIO_00140	9385	10397	9870	23389	21607	20606
IBPFAHIO_00141	4614	5522	5238	7381	8201	6479
IBPFAHIO_00142	882	1027	949	215	221	177
IBPFAHIO_00143	3704	3977	3755	776	731	665
IBPFAHIO_00144	1630	1875	1663	337	366	325
IBPFAHIO_00145	272	326	333	1037	849	756
IBPFAHIO_00146	336	403	438	1713	1567	1475
IBPFAHIO_00147	5129	5999	5257	1063	999	1001
IBPFAHIO_00148	4237	4716	4301	622	554	545
IBPFAHIO_00149	385	422	395	62	69	75
IBPFAHIO_00150	367	433	395	91	127	105
IBPFAHIO_00151	47	40	44	65	68	66
IBPFAHIO_00152	279	355	321	252	296	248
IBPFAHIO_00153	504	552	572	538	619	535
IBPFAHIO_00154	1585	1496	1694	182	185	157
IBPFAHIO_00155	52	67	86	139	105	103
IBPFAHIO_00156	794	960	821	987	813	697
IBPFAHIO_00157	1236	1410	1374	6718	7228	6544
IBPFAHIO_00158	1332	1367	1318	6847	6753	6297
IBPFAHIO_00159	11765	13211	12135	36944	38981	34394
IBPFAHIO_00160	1864	2093	1917	8117	6526	5899
IBPFAHIO_00161	1	4	2	12	11	11
IBPFAHIO_00162	8791	10334	9147	20559	19367	17561
IBPFAHIO_00163	11837	13225	12974	29539	29953	28371
IBPFAHIO_00164	3877	4282	4006	2559	2517	2246
IBPFAHIO_00165	6846	8013	7325	4488	4146	3731
IBPFAHIO_00166	2806	3322	2983	8424	8149	7717
IBPFAHIO_00167	3437	3854	3401	8655	9186	7757
IBPFAHIO_00168	3234	3434	3253	2718	2718	2411
IBPFAHIO_00169	5001	5575	5078	4594	4746	4222
IBPFAHIO_00170	2341	2878	2599	2263	2378	2243
IBPFAHIO_00171	41	41	55	31	31	32
IBPFAHIO_00172	60	70	64	38	43	45
IBPFAHIO_00173	319	407	326	139	127	135
IBPFAHIO_00174	10	8	10	8	4	3
IBPFAHIO_00175	145	158	151	124	114	101
IBPFAHIO_00176	198	201	240	30	21	29
IBPFAHIO_00177	219	267	231	32	27	23
IBPFAHIO_00178	103	107	120	33	39	26
IBPFAHIO_00179	2277	2489	2356	1492	1487	1226
IBPFAHIO_00180	4801	5346	4924	7540	6448	6097
IBPFAHIO_00181	4676	5750	5256	3305	2646	2493
IBPFAHIO_00182	12058	12647	11696	8638	7442	6757
IBPFAHIO_00183	12901	15019	13966	10728	9205	8067
IBPFAHIO_00184	6945	8122	8483	20279	20303	18625
IBPFAHIO_00185	795	930	805	826	707	727
IBPFAHIO_00186	4522	5080	4740	2822	2547	2291
IBPFAHIO_00187	1570	2072	1836	1062	1006	929
IBPFAHIO_00188	363	379	362	943	934	878
IBPFAHIO_00189	8214	9644	8867	44431	45771	40874
IBPFAHIO_00190	18247	21249	20889	25061	24908	21508
IBPFAHIO_00191	2144	2423	2215	4799	4539	4139
IBPFAHIO_00192	4595	5000	4718	759	671	620
IBPFAHIO_00193	1375	1442	1333	51	51	42
IBPFAHIO_00194	239	200	243	16	16	18
IBPFAHIO_00195	205	249	238	11748	12172	9840
IBPFAHIO_00196	194	274	280	17246	21627	16288
IBPFAHIO_00197	297	367	325	16940	17246	16134
IBPFAHIO_00198	1045	1270	1103	1817	1822	1627
IBPFAHIO_00199	3422	3832	3641	5900	5752	5165
IBPFAHIO_00200	2984	3295	3038	5747	4810	4457
IBPFAHIO_00201	1191	1593	1377	3244	2516	2241
IBPFAHIO_00202	2679	3429	3063	5573	4716	4505
IBPFAHIO_00203	7055	8007	7305	9675	8068	7624
IBPFAHIO_00204	12353	14025	13588	17948	15556	13319
IBPFAHIO_00205	880	949	912	5510	5407	4724
IBPFAHIO_00206	25	26	28	97	92	120
IBPFAHIO_00207	508	597	571	1497	1325	1359
IBPFAHIO_00208	511	600	614	330	280	234
IBPFAHIO_00209	102	107	99	166	204	150
IBPFAHIO_00210	85	83	72	86	70	58
IBPFAHIO_00211	116	127	107	88	77	80
IBPFAHIO_00212	493	575	536	2060	2016	1789
IBPFAHIO_00213	721	929	828	2363	2089	1954
IBPFAHIO_00214	1205	1360	1157	3589	3378	2843
IBPFAHIO_00215	1034	1238	1149	2982	2972	2701
IBPFAHIO_00216	1189	1428	1206	4093	3558	3335
IBPFAHIO_00217	235	271	248	766	827	770
IBPFAHIO_00218	693	826	721	2257	2598	2160
IBPFAHIO_00219	172	204	204	390	402	406
IBPFAHIO_00220	47	53	46	38	42	35
IBPFAHIO_00221	81	89	102	40	67	56
IBPFAHIO_00222	48	45	46	107	118	104
IBPFAHIO_00223	34	29	41	67	68	74
IBPFAHIO_00224	13	27	20	22	21	30
IBPFAHIO_00225	64	64	74	42	49	37
IBPFAHIO_00226	77	84	76	86	83	79
IBPFAHIO_00227	27	30	28	32	24	25
IBPFAHIO_00228	559	738	651	851	863	792
IBPFAHIO_00229	351	397	370	581	537	512
IBPFAHIO_00230	749	808	742	1265	1384	1169
IBPFAHIO_00231	513	534	468	1050	1078	906
IBPFAHIO_00232	565	611	638	1476	1507	1327
IBPFAHIO_00233	7512	8585	7707	33816	33093	30063
IBPFAHIO_00234	70	91	67	750	696	697
IBPFAHIO_00235	0	0	0	1	0	0
IBPFAHIO_00236	1436	1720	1342	1335	1221	1074
IBPFAHIO_00237	2053	2228	2080	1087	930	821
IBPFAHIO_00238	2578	2848	2726	3759	3772	3278
IBPFAHIO_00239	1268	1473	1323	1864	2069	1653
IBPFAHIO_00240	1049	1280	1091	1863	1673	1484
IBPFAHIO_00241	5139	6026	5298	13590	14115	12990
IBPFAHIO_00242	2948	3659	3140	2399	2705	2415
IBPFAHIO_00243	10199	12429	11315	6678	7008	5849
IBPFAHIO_00244	4719	5632	4842	5449	5536	4901
IBPFAHIO_00245	2744	2841	2609	1985	1837	1684
IBPFAHIO_00246	767	794	694	574	491	445
IBPFAHIO_00247	10905	11788	9991	2175	2158	2071
IBPFAHIO_00248	2140	2504	2211	1024	1010	958
IBPFAHIO_00249	5940	7089	6384	3539	3955	3625
IBPFAHIO_00250	275	375	351	244	248	262
IBPFAHIO_00251	6677	7512	7133	3759	3678	3282
IBPFAHIO_00252	5475	6220	5813	2635	2858	2311
IBPFAHIO_00253	0	0	0	0	0	1
IBPFAHIO_00254	124	113	114	133	138	120
IBPFAHIO_00255	225	239	197	268	274	257
IBPFAHIO_00256	9	10	11	14	8	13
IBPFAHIO_00257	273	324	284	330	325	294
IBPFAHIO_00258	1071	1211	1169	898	949	832
IBPFAHIO_00259	579	674	715	2378	2464	2035
IBPFAHIO_00260	182	217	185	527	494	457
IBPFAHIO_00261	340	450	399	1070	1136	1003
IBPFAHIO_00262	2011	2125	2141	3473	3402	3139
IBPFAHIO_00263	702	914	832	633	697	636
IBPFAHIO_00264	1540	1500	1474	1012	927	843
IBPFAHIO_00265	2152	2534	2138	1547	1515	1427
IBPFAHIO_00266	4226	4862	4408	7717	7698	6836
IBPFAHIO_00267	21	29	25	84	78	93
IBPFAHIO_00268	3	6	1	1	2	1
IBPFAHIO_00269	4	5	2	4	11	7
IBPFAHIO_00270	1794	2024	1942	511	601	477
IBPFAHIO_00271	277	299	266	182	224	188
IBPFAHIO_00272	8291	9546	8792	449	377	375
IBPFAHIO_00273	9	6	10	30	14	21
IBPFAHIO_00274	32	30	32	51	27	40
IBPFAHIO_00275	3	7	4	5	6	5
IBPFAHIO_00276	9	7	0	10	14	9
IBPFAHIO_00277	24	26	25	37	33	29
IBPFAHIO_00278	0	0	1	0	0	0
IBPFAHIO_00279	27	21	24	26	20	18
IBPFAHIO_00280	38	44	34	45	65	51
IBPFAHIO_00281	202	276	253	1414	1612	1501
IBPFAHIO_00282	2370	2600	2525	699	479	383
IBPFAHIO_00283	154	196	166	60	54	46
IBPFAHIO_00284	148	160	160	54	57	61
IBPFAHIO_00285	612	717	667	283	323	302
IBPFAHIO_00286	8	10	8	9	8	10
IBPFAHIO_00287	33	37	33	223	273	246
IBPFAHIO_00288	51	41	50	53	53	68
IBPFAHIO_00289	111	120	123	93	89	80
IBPFAHIO_00290	401	400	431	312	264	254
IBPFAHIO_00291	151	179	180	351	344	339
IBPFAHIO_00292	17	20	17	12	6	3
IBPFAHIO_00293	9	13	16	2	3	1
IBPFAHIO_00294	3	5	1	0	0	0
IBPFAHIO_00295	2	1	0	3	1	4
IBPFAHIO_00296	1	3	0	2	2	0
IBPFAHIO_00297	2	2	2	2	4	3
IBPFAHIO_00298	2	3	1	2	3	4
IBPFAHIO_00299	1	1	1	1	4	0
IBPFAHIO_00300	1	0	0	4	0	1
IBPFAHIO_00301	1	5	2	6	2	3
IBPFAHIO_00302	16	15	12	21	19	14
IBPFAHIO_00303	7	7	12	15	17	19
IBPFAHIO_00304	269	360	300	237	266	305
IBPFAHIO_00305	8065	11810	10092	15222	18788	17966
IBPFAHIO_00306	10	29	22	22	18	24
IBPFAHIO_00307	263	308	291	164	184	166
IBPFAHIO_00308	301	361	367	297	275	269
IBPFAHIO_00309	211	254	220	156	184	192
IBPFAHIO_00310	276	250	251	195	154	170
IBPFAHIO_00312	2196	2268	2182	70	86	82
IBPFAHIO_00313	1585	1690	1664	100	96	77
IBPFAHIO_00314	6623	7067	6898	50	51	44
IBPFAHIO_00315	4286	4461	4385	42	39	32
IBPFAHIO_00316	417	468	389	9	4	6
IBPFAHIO_00317	6661	6560	6158	62	55	56
IBPFAHIO_00318	19110	17359	17515	162	139	94
IBPFAHIO_00319	4607	4418	4300	510	417	436
IBPFAHIO_00320	508	564	539	47	32	31
IBPFAHIO_00321	17	12	14	0	2	1
IBPFAHIO_00322	18855	18427	17147	1124	1037	919
IBPFAHIO_00323	2591	2748	2698	236	266	252
IBPFAHIO_00324	20	22	23	141	198	160
IBPFAHIO_00325	13	31	26	59	67	61
IBPFAHIO_00326	86	80	74	147	130	126
IBPFAHIO_00327	33	49	26	35	24	33
IBPFAHIO_00328	12732	12356	12030	1730	1560	1447
IBPFAHIO_00329	4883	4572	4665	647	522	390
IBPFAHIO_00330	9966	11307	10036	1236	1475	1297
IBPFAHIO_00331	1169	1155	1140	154	140	164
IBPFAHIO_00332	0	0	0	0	1	0
IBPFAHIO_00333	95	111	93	75	51	73
IBPFAHIO_00334	159	206	173	99	104	114
IBPFAHIO_00335	12	28	25	64	76	65
IBPFAHIO_00336	27	27	17	48	54	43
IBPFAHIO_00337	526	598	565	5557	5510	4640
IBPFAHIO_00338	92	101	89	369	387	314
IBPFAHIO_00339	128	121	106	689	577	470
IBPFAHIO_00340	985	1069	1041	3764	4026	3414
IBPFAHIO_00341	47	67	58	231	270	301
IBPFAHIO_00342	695	841	780	1015	928	858
IBPFAHIO_00343	206	229	229	195	202	189
IBPFAHIO_00344	84210	95965	85387	65314	63755	57395
IBPFAHIO_00345	465	581	555	522	552	508
IBPFAHIO_00346	128	170	154	193	220	207
IBPFAHIO_00347	786	944	858	569	614	577
IBPFAHIO_00348	120	107	122	314	314	279
IBPFAHIO_00349	666	778	671	18696	21153	17457
IBPFAHIO_00350	134	192	187	5772	6535	5590
IBPFAHIO_00351	118	140	171	184	232	184
IBPFAHIO_00352	72	59	67	256	321	268
IBPFAHIO_00353	27	35	33	111	129	100
IBPFAHIO_00354	95	97	69	392	398	347
IBPFAHIO_00355	73	92	72	124	147	153
IBPFAHIO_00356	64	87	88	161	165	134
IBPFAHIO_00357	151	171	142	960	867	797
IBPFAHIO_00358	641	750	675	1111	1159	996
IBPFAHIO_00359	250	261	229	104	133	94
IBPFAHIO_00360	85	93	75	69	78	59
IBPFAHIO_00361	500	693	603	186	200	190
IBPFAHIO_00362	63	71	91	24	17	18
IBPFAHIO_00363	879	922	1193	87	70	61
IBPFAHIO_00364	91	109	120	83	71	74
IBPFAHIO_00365	20	13	19	22	31	31
IBPFAHIO_00366	8	14	11	39	41	36
IBPFAHIO_00367	1142	1319	1282	7033	7727	7008
IBPFAHIO_00368	2185	2399	2216	2897	2779	2610
IBPFAHIO_00369	5206	6109	5683	6473	6396	5478
IBPFAHIO_00370	4053	4349	3451	2202	2008	1909
IBPFAHIO_00371	1634	1959	1456	756	738	642
IBPFAHIO_00372	933	1161	978	433	332	270
IBPFAHIO_00373	125	170	141	278	321	293
IBPFAHIO_00374	784	865	813	977	932	868
IBPFAHIO_00375	678	738	692	795	819	780
IBPFAHIO_00376	43	55	43	905	939	853
IBPFAHIO_00377	340	414	357	3495	3695	3474
IBPFAHIO_00378	471	614	529	5620	5729	5405
IBPFAHIO_00379	224	301	245	1964	1907	2073
IBPFAHIO_00380	1802	2040	1968	1999	2149	1941
IBPFAHIO_00381	3527	3860	3378	3114	3288	3180
IBPFAHIO_00382	168	198	208	602	703	601
IBPFAHIO_00383	230	279	295	942	972	794
IBPFAHIO_00384	360	408	339	1086	1032	1008
IBPFAHIO_00385	399	470	441	2983	3774	3254
IBPFAHIO_00386	37	43	45	435	376	408
IBPFAHIO_00387	960	1167	1022	6839	6717	6642
IBPFAHIO_00388	549	629	516	4263	4421	3919
IBPFAHIO_00389	918	1019	973	1704	1937	1447
IBPFAHIO_00390	4637	5189	4705	4933	5211	4745
IBPFAHIO_00391	4326	4845	4480	2207	2254	1966
IBPFAHIO_00392	2793	3484	3006	808	761	699
IBPFAHIO_00393	3828	4471	4275	1385	1320	1166
IBPFAHIO_00394	2945	3945	3437	1837	2149	1773
IBPFAHIO_00395	3966	4507	4174	1551	1424	1348
IBPFAHIO_00396	1182	1447	1303	355	356	310
IBPFAHIO_00397	20808	21408	20367	510	515	427
IBPFAHIO_00398	539	568	529	334	351	312
IBPFAHIO_00399	325	442	434	267	277	269
IBPFAHIO_00400	21	21	20	227	261	189
IBPFAHIO_00401	1	0	1	15	16	24
IBPFAHIO_00402	5	4	2	43	46	26
IBPFAHIO_00403	288	308	285	232	251	217
IBPFAHIO_00404	12	14	15	71	63	75
IBPFAHIO_00405	2	4	1	10	6	14
IBPFAHIO_00406	2	7	5	11	13	8
IBPFAHIO_00407	67	65	71	168	145	139
IBPFAHIO_00408	25	27	16	40	37	40
IBPFAHIO_00409	24	15	14	21	21	32
IBPFAHIO_00410	51	69	56	97	132	120
IBPFAHIO_00411	152	212	184	303	293	246
IBPFAHIO_00412	90	110	104	483	582	575
IBPFAHIO_00413	761	1010	774	3375	3320	3050
IBPFAHIO_00414	1309	1456	1398	4307	3974	3908
IBPFAHIO_00415	3936	3900	4555	181	184	147
IBPFAHIO_00416	93	114	153	21	24	12
IBPFAHIO_00417	124	102	134	56	61	50
IBPFAHIO_00418	76	79	67	160	149	134
IBPFAHIO_00419	9	15	18	34	37	36
IBPFAHIO_00420	2	4	1	4	5	8
IBPFAHIO_00421	0	0	0	1	0	0
IBPFAHIO_00422	5680	7340	6405	4479	4460	4159
IBPFAHIO_00423	98	138	129	45	50	46
IBPFAHIO_00424	481	615	534	289	300	299
IBPFAHIO_00425	183	240	180	982	730	673
IBPFAHIO_00426	1586	1792	1633	6831	6001	5646
IBPFAHIO_00427	2527	2496	2500	2067	1779	1595
IBPFAHIO_00428	2648	3469	3044	4756	4645	3851
IBPFAHIO_00429	412	550	531	883	834	721
IBPFAHIO_00430	3755	4280	4163	837	989	873
IBPFAHIO_00431	2374	2748	2706	529	500	458
IBPFAHIO_00432	7203	8496	8068	1090	1114	1045
IBPFAHIO_00433	554	707	598	559	625	554
IBPFAHIO_00434	4	3	3	1	2	2
IBPFAHIO_00435	8742	9817	9473	7012	6670	5977
IBPFAHIO_00436	3834	3853	3580	4079	4061	3694
IBPFAHIO_00437	2218	2238	2161	2365	2354	2076
IBPFAHIO_00438	1351	1578	1405	1398	1580	1219
IBPFAHIO_00439	1822	2050	2538	1070	994	883
IBPFAHIO_00440	1322	1634	1980	989	975	892
IBPFAHIO_00441	983	1165	1342	571	529	484
IBPFAHIO_00442	533	482	692	299	245	206
IBPFAHIO_00443	995	1011	1251	342	396	360
IBPFAHIO_00444	7304	8145	10582	3350	3276	3015
IBPFAHIO_00445	2316	2785	3779	1002	1044	908
IBPFAHIO_00446	1644	1829	2535	730	769	681
IBPFAHIO_00447	1248	1452	1994	600	639	600
IBPFAHIO_00448	1302	1574	2115	835	810	757
IBPFAHIO_00449	1181	1338	1812	507	555	471
IBPFAHIO_00450	4416	4820	4459	3915	4464	3873
IBPFAHIO_00451	1600	1837	1710	1328	1242	1085
IBPFAHIO_00452	819	927	813	548	684	645
IBPFAHIO_00453	1857	2007	2055	1698	1503	1241
IBPFAHIO_00454	19702	24332	20608	2108	1889	1792
IBPFAHIO_00455	3312	3718	3286	1706	1723	1616
IBPFAHIO_00456	1325	1581	1460	1711	1652	1399
IBPFAHIO_00457	386	395	379	533	482	412
IBPFAHIO_00458	1442	1758	1608	1785	1794	1568
IBPFAHIO_00459	1647	2032	1905	1591	1693	1476
IBPFAHIO_00460	4473	5365	4865	24330	24615	22543
IBPFAHIO_00461	257	267	255	194	196	189
IBPFAHIO_00462	5704	6551	6021	12668	12363	11105
IBPFAHIO_00463	1805	2186	2026	2150	2304	2076
IBPFAHIO_00464	57	87	78	33	45	39
IBPFAHIO_00465	49	43	43	105	119	69
IBPFAHIO_00466	31	28	30	34	35	35
IBPFAHIO_00467	41	57	47	57	77	70
IBPFAHIO_00468	24	23	19	15	25	13
IBPFAHIO_00469	767	845	785	1115	1029	925
IBPFAHIO_00470	7226	8070	7225	7561	7672	6888
IBPFAHIO_00471	4784	5506	4973	8486	8356	7542
IBPFAHIO_00472	4051	4983	4661	5576	7013	6418
IBPFAHIO_00473	382	441	470	864	903	731
IBPFAHIO_00474	246	339	301	988	947	958
IBPFAHIO_00475	4846	5835	5233	12394	11683	10209
IBPFAHIO_00476	0	0	0	0	0	0
IBPFAHIO_00477	21	26	22	100	123	105
IBPFAHIO_00478	2091	2303	2179	1984	1720	1512
IBPFAHIO_00479	1010	1180	1012	1556	1674	1462
IBPFAHIO_00480	341	421	354	301	308	270
IBPFAHIO_00481	172	200	146	118	142	121
IBPFAHIO_00482	4287	4529	4254	952	911	720
IBPFAHIO_00483	8030	8539	8494	5816	5831	4949
IBPFAHIO_00484	1018	1146	981	1489	1473	1585
IBPFAHIO_00485	12089	13612	12605	4501	4526	3669
IBPFAHIO_00486	239	266	305	1003	899	871
IBPFAHIO_00487	200	284	256	209	248	258
IBPFAHIO_00488	65654	73314	70617	31776	28143	25533
IBPFAHIO_00489	1120	1528	1173	1258	1615	1679
IBPFAHIO_00490	1910	2309	1985	2615	2450	2363
IBPFAHIO_00491	3091	3636	3599	359	315	348
IBPFAHIO_00492	1153	1390	1290	7833	6901	6566
IBPFAHIO_00493	3881	4336	4133	18758	17788	15526
IBPFAHIO_00494	1826	1759	1612	1153	1037	968
IBPFAHIO_00495	1415	1704	1570	1611	1521	1316
IBPFAHIO_00496	991	1110	1102	2199	2082	1890
IBPFAHIO_00497	8348	9367	8651	4686	4084	3725
IBPFAHIO_00498	4304	4953	4683	14967	11940	10700
IBPFAHIO_00499	25695	28592	27010	4272	4489	3956
IBPFAHIO_00500	559	644	548	3067	2926	2617
IBPFAHIO_00501	26	19	28	21	21	22
IBPFAHIO_00502	702	828	714	951	1010	844
IBPFAHIO_00503	650	783	725	3951	3408	2852
IBPFAHIO_00504	702	859	711	8913	8326	7669
IBPFAHIO_00505	826	1118	907	12835	14866	12805
IBPFAHIO_00506	3573	3877	3754	5442	5713	5146
IBPFAHIO_00507	317	374	390	1042	1067	1075
IBPFAHIO_00508	976	1049	955	1967	1936	1803
IBPFAHIO_00509	214	263	190	364	355	340
IBPFAHIO_00510	2052	2294	2068	4345	4250	3827
IBPFAHIO_00511	381	455	376	1295	1461	1278
IBPFAHIO_00512	872	1042	1016	1418	1324	1253
IBPFAHIO_00513	477	583	521	960	832	827
IBPFAHIO_00514	4396	4543	4445	6927	6013	5231
IBPFAHIO_00515	3311	3869	3760	4133	4467	3979
IBPFAHIO_00516	1082	1304	1221	4824	4420	4189
IBPFAHIO_00517	3395	3894	3462	15352	14835	13126
IBPFAHIO_00518	724	850	722	6355	6494	5763
IBPFAHIO_00519	4809	5765	5001	3509	3441	3321
IBPFAHIO_00520	10491	11549	10983	9033	9169	8272
IBPFAHIO_00521	6345	7274	6862	5200	5302	4548
IBPFAHIO_00522	2317	2809	2531	2154	2462	2230
IBPFAHIO_00523	1	0	1	1	3	2
IBPFAHIO_00524	942	1210	1086	2123	2083	2208
IBPFAHIO_00525	1806	2302	1994	4371	4897	4248
IBPFAHIO_00526	83	113	107	460	638	551
IBPFAHIO_00527	840	948	916	451	478	452
IBPFAHIO_00528	500	569	584	353	406	338
IBPFAHIO_00529	307	320	338	519	501	463
IBPFAHIO_00530	4475	4889	4576	975	822	778
IBPFAHIO_00532	568	617	644	932	729	595
IBPFAHIO_00533	23691	30209	24525	173	131	108
IBPFAHIO_00534	1168	1304	1195	683	550	421
IBPFAHIO_00535	2213	2539	2369	1274	1234	1104
IBPFAHIO_00536	51	62	54	34	48	51
IBPFAHIO_00537	1695	1957	1766	208	182	169
IBPFAHIO_00538	663	717	701	71	68	56
IBPFAHIO_00539	1543	1461	1482	242	273	208
IBPFAHIO_00540	3508	4863	4311	1526	1783	1537
IBPFAHIO_00542	230	281	245	182	174	162
IBPFAHIO_00543	6252	8093	7260	2765	2709	2420
IBPFAHIO_00544	578	673	553	1364	1236	1107
IBPFAHIO_00545	1305	1585	1393	1689	1779	1588
IBPFAHIO_00546	2670	3057	2956	2393	2353	2164
IBPFAHIO_00547	1253	1670	1377	1502	1833	1654
IBPFAHIO_00548	1094	1308	1198	824	736	716
IBPFAHIO_00549	368	533	441	1422	1590	1659
IBPFAHIO_00550	907	1018	932	4967	5457	4798
IBPFAHIO_00551	261	318	328	681	734	686
IBPFAHIO_00552	285	298	296	942	841	783
IBPFAHIO_00553	1380	1998	1879	10247	11098	10226
IBPFAHIO_00554	1625	1812	1611	1352	1312	1240
IBPFAHIO_00555	881	1066	892	365	400	351
IBPFAHIO_00556	356	476	430	645	585	555
IBPFAHIO_00557	145	181	160	323	311	282
IBPFAHIO_00558	92	100	85	183	154	169
IBPFAHIO_00559	34	30	41	78	67	72
IBPFAHIO_00560	1989	2298	2208	3146	3082	2739
IBPFAHIO_00561	607	746	638	789	792	753
IBPFAHIO_00562	741	848	790	1329	1404	1209
IBPFAHIO_00563	2528	2938	2761	2423	2494	2101
IBPFAHIO_00564	1814	2177	1952	1995	1814	1654
IBPFAHIO_00565	3638	4045	3674	4424	4490	4051
IBPFAHIO_00566	15985	18781	16507	25505	21990	20373
IBPFAHIO_00567	4064	4572	4134	6844	6720	5900
IBPFAHIO_00568	858	1088	988	1312	1341	1113
IBPFAHIO_00569	1702	1884	1840	3461	3373	3102
IBPFAHIO_00570	7194	8338	7469	25415	25956	23882
IBPFAHIO_00571	679	794	734	1553	1371	1178
IBPFAHIO_00572	329	392	310	487	462	487
IBPFAHIO_00573	4234	4811	3956	11390	10575	9224
IBPFAHIO_00574	4894	5348	4751	13514	13040	11795
IBPFAHIO_00575	1496	1659	1522	5461	5629	4695
IBPFAHIO_00576	1913	2238	2033	8565	9271	7899
IBPFAHIO_00577	486	572	528	540	441	434
IBPFAHIO_00578	2266	2967	2439	3141	2599	2554
IBPFAHIO_00579	11	27	22	19	12	13
IBPFAHIO_00580	9	9	8	12	10	8
IBPFAHIO_00581	3	3	1	11	3	10
IBPFAHIO_00582	21	19	29	37	38	33
IBPFAHIO_00583	39	35	44	39	47	41
IBPFAHIO_00584	33	34	28	85	74	73
IBPFAHIO_00585	50183	59848	67486	1292	1242	1030
IBPFAHIO_00586	62336	71288	79400	364	204	203
IBPFAHIO_00587	54626	60244	66819	305	186	156
IBPFAHIO_00588	13250	13838	15338	81	45	52
IBPFAHIO_00589	37290	43879	46439	199	119	111
IBPFAHIO_00590	40405	46066	49217	166	102	77
IBPFAHIO_00591	92994	105562	107147	381	178	147
IBPFAHIO_00592	26546	29477	29772	99	33	38
IBPFAHIO_00593	6318	6896	6790	17	12	5
IBPFAHIO_00594	31629	36860	35014	120	58	50
IBPFAHIO_00595	1686	2117	1972	253	297	266
IBPFAHIO_00596	44299	54527	47126	4183	4478	3722
IBPFAHIO_00597	15461	17639	15961	1679	1670	1628
IBPFAHIO_00598	5130	6586	5177	138	122	124
IBPFAHIO_00599	10757	13866	11758	5928	6600	5912
IBPFAHIO_00600	7119	8159	7455	3146	3002	2941
IBPFAHIO_00601	64	67	59	66	66	44
IBPFAHIO_00602	12	18	19	6	20	18
IBPFAHIO_00603	26	18	23	24	24	21
IBPFAHIO_00604	13	19	22	12	17	20
IBPFAHIO_00605	20	18	20	23	32	29
IBPFAHIO_00606	3574	3771	3528	2102	2024	1853
IBPFAHIO_00607	3138	3370	3089	2271	2031	1899
IBPFAHIO_00608	5559	6105	5682	4233	3847	3534
IBPFAHIO_00609	1614	1506	1425	1146	941	981
IBPFAHIO_00610	1391	1570	1421	1484	1484	1396
IBPFAHIO_00611	725	859	733	355	383	363
IBPFAHIO_00612	215	232	221	257	237	259
IBPFAHIO_00613	4324	4584	4455	2146	2162	1903
IBPFAHIO_00614	1281	1391	1252	575	441	444
IBPFAHIO_00615	788	949	876	69	56	66
IBPFAHIO_00616	442	452	450	48	38	31
IBPFAHIO_00617	333	328	336	53	47	47
IBPFAHIO_00618	100	145	121	52	67	59
IBPFAHIO_00619	10	17	19	16	16	23
IBPFAHIO_00620	4670	5260	4935	7977	8383	7268
IBPFAHIO_00621	2533	2753	2489	3446	3282	3144
IBPFAHIO_00622	3148	3520	3443	4560	4464	4151
IBPFAHIO_00623	79	101	78	84	77	91
IBPFAHIO_00625	168	244	189	480	505	430
IBPFAHIO_00626	207	272	235	369	372	396
IBPFAHIO_00627	13	29	20	18	27	12
IBPFAHIO_00628	196	283	262	369	421	403
IBPFAHIO_00629	131	158	148	71	71	64
IBPFAHIO_00630	1254	1623	1384	410	426	361
IBPFAHIO_00631	796	891	840	774	764	674
IBPFAHIO_00632	3578	4500	4279	2504	2783	2410
IBPFAHIO_00633	1101	1137	1048	371	338	345
IBPFAHIO_00634	640	736	661	243	270	211
IBPFAHIO_00635	1090	1183	1150	506	524	442
IBPFAHIO_00636	824	962	912	338	291	311
IBPFAHIO_00637	2535	2932	2488	1851	1884	1637
IBPFAHIO_00638	203	171	131	146	108	83
IBPFAHIO_00639	1345	1557	1351	1079	1049	923
IBPFAHIO_00640	1736	2159	1746	1910	1920	1687
IBPFAHIO_00641	21	24	31	72	99	105
IBPFAHIO_00642	272	353	327	2265	2559	2238
IBPFAHIO_00643	6904	8011	6865	2919	2827	2970
IBPFAHIO_00644	1158	1305	1195	715	696	651
IBPFAHIO_00645	1042	1075	1113	86	85	60
IBPFAHIO_00646	642	637	590	41	49	52
IBPFAHIO_00647	875	879	872	534	522	523
IBPFAHIO_00648	491	671	606	72	79	89
IBPFAHIO_00649	457	528	429	1459	1459	1408
IBPFAHIO_00650	3095	3553	3191	7968	8129	7396
IBPFAHIO_00651	680	688	743	1754	1874	1632
IBPFAHIO_00652	2586	2948	2963	5709	6708	6300
IBPFAHIO_00653	11015	11993	10848	19345	18394	16694
IBPFAHIO_00654	5008	5850	5253	14046	12881	11049
IBPFAHIO_00655	1339	1341	1179	1316	1201	1110
IBPFAHIO_00656	1195	1472	1344	2705	2728	2486
IBPFAHIO_00657	1661	2024	1680	3215	3564	3430
IBPFAHIO_00658	1959	2512	2408	5511	6298	4884
IBPFAHIO_00659	3956	4329	3635	10333	9704	8683
IBPFAHIO_00660	684	797	725	4189	3849	3052
IBPFAHIO_00661	502	568	524	2543	2552	2473
IBPFAHIO_00662	1704	1956	1859	7013	7170	6504
IBPFAHIO_00663	1969	2264	2052	12546	12565	10757
IBPFAHIO_00664	104	119	103	458	535	487
IBPFAHIO_00665	820	1036	826	1732	1832	1568
IBPFAHIO_00666	869	1010	874	2189	2240	1967
IBPFAHIO_00667	2908	3278	3006	105	100	96
IBPFAHIO_00668	6618	8227	7952	273	303	265
IBPFAHIO_00669	3155	3408	3492	3311	3040	2913
IBPFAHIO_00670	351	485	436	418	458	427
IBPFAHIO_00671	1843	2100	1996	1830	1879	1713
IBPFAHIO_00672	1496	1862	1612	1596	1719	1571
IBPFAHIO_00673	3049	3458	3154	3647	3341	2981
IBPFAHIO_00674	4891	5465	5073	10087	10010	9069
IBPFAHIO_00675	2231	2886	2601	688	623	570
IBPFAHIO_00676	847	990	921	1203	1034	1131
IBPFAHIO_00677	1320	1565	1398	1875	2084	1849
IBPFAHIO_00678	2515	3222	2871	4846	5031	4508
IBPFAHIO_00679	1076	1271	1116	5828	5195	4932
IBPFAHIO_00680	231	285	246	1496	1566	1445
IBPFAHIO_00681	2077	2286	2232	2004	2022	1661
IBPFAHIO_00682	2978	3318	2934	3297	3249	2997
IBPFAHIO_00683	645	638	591	1033	1032	924
IBPFAHIO_00684	210	243	214	374	348	309
IBPFAHIO_00685	2632	3085	2766	2733	2427	2074
IBPFAHIO_00686	5359	5834	5468	5836	5465	4711
IBPFAHIO_00687	1143	1246	1238	813	675	633
IBPFAHIO_00688	21115	27837	25408	23455	27199	26923
IBPFAHIO_00689	3392	3841	3564	13127	11889	11250
IBPFAHIO_00690	25517	27093	24435	22471	21282	20035
IBPFAHIO_00691	628	770	760	4258	3889	3428
IBPFAHIO_00692	2212	2493	2510	8143	7863	6936
IBPFAHIO_00693	646	633	662	376	400	339
IBPFAHIO_00694	68	76	71	66	48	53
IBPFAHIO_00695	810	1049	913	719	711	743
IBPFAHIO_00696	220	267	251	463	437	407
IBPFAHIO_00697	11287	12777	11999	9204	8769	8135
IBPFAHIO_00698	8234	10010	9429	11866	13044	11531
IBPFAHIO_00699	1066	1403	1118	1074	823	813
IBPFAHIO_00700	2674	2955	2781	4274	4024	3594
IBPFAHIO_00701	1498	1715	1568	2667	2259	1831
IBPFAHIO_00702	1930	2165	2038	3143	2807	2445
IBPFAHIO_00703	650	646	592	995	881	833
IBPFAHIO_00704	2504	2824	2609	4170	3695	3425
IBPFAHIO_00705	0	1	0	9	5	5
IBPFAHIO_00706	865	1087	880	2228	1810	1785
IBPFAHIO_00707	1417	1659	1520	2475	2852	2441
IBPFAHIO_00708	2619	3002	2821	8338	8104	7883
IBPFAHIO_00709	2	0	3	3	0	2
IBPFAHIO_00710	11843	13458	12432	15569	12857	12129
IBPFAHIO_00711	5040	5747	5335	9374	7768	7152
IBPFAHIO_00712	1913	2266	2135	8868	8253	7575
IBPFAHIO_00713	935	1080	985	899	710	753
IBPFAHIO_00714	315	294	294	163	174	154
IBPFAHIO_00715	167	183	185	513	546	448
IBPFAHIO_00716	1495	1665	1578	2719	2889	2673
IBPFAHIO_00717	32847	38212	32276	5879	5189	4549
IBPFAHIO_00718	2121	2460	2282	1307	1496	1273
IBPFAHIO_00719	795	853	797	3467	3140	2721
IBPFAHIO_00720	9968	11579	10243	2476	2417	2003
IBPFAHIO_00721	729	787	639	152	135	139
IBPFAHIO_00722	1893	2449	1977	8704	8919	8888
IBPFAHIO_00723	3848	4536	4016	8781	7885	6989
IBPFAHIO_00724	1625	1888	1753	5524	5457	4853
IBPFAHIO_00725	1747	2069	1878	5227	5298	4668
IBPFAHIO_00726	173	204	200	473	505	457
IBPFAHIO_00727	10486	12202	11047	16514	16015	15107
IBPFAHIO_00728	1965	2370	2175	4867	5409	4544
IBPFAHIO_00729	850	904	865	2009	1887	1708
IBPFAHIO_00730	13	6	8	23	26	36
IBPFAHIO_00731	27	24	31	97	119	97
IBPFAHIO_00732	338	358	323	774	711	755
IBPFAHIO_00733	35	76	50	227	245	208
IBPFAHIO_00734	2379	2445	2703	1228	1199	928
IBPFAHIO_00735	209	265	221	496	449	415
IBPFAHIO_00736	38	33	35	46	40	37
IBPFAHIO_00737	522	547	546	823	844	705
IBPFAHIO_00738	55	69	85	125	164	162
IBPFAHIO_00739	24	28	27	51	56	47
IBPFAHIO_00740	30	19	14	20	22	22
IBPFAHIO_00741	5	2	1	6	5	3
IBPFAHIO_00742	20	21	25	24	26	24
IBPFAHIO_00743	10	12	3	1	1	3
IBPFAHIO_00744	6	3	3	1	3	3
IBPFAHIO_00745	26	49	35	90	106	124
IBPFAHIO_00746	119	150	155	241	270	231
IBPFAHIO_00747	38	46	27	93	84	78
IBPFAHIO_00748	359	461	361	395	433	371
IBPFAHIO_00749	743	704	739	177	188	173
IBPFAHIO_00750	85	69	72	170	172	154
IBPFAHIO_00751	245	312	292	348	395	355
IBPFAHIO_00752	796	858	959	124	128	98
IBPFAHIO_00753	3051	3001	3166	487	459	359
IBPFAHIO_00754	123	115	116	148	125	106
IBPFAHIO_00755	132	153	128	148	160	137
IBPFAHIO_00756	111	98	94	138	134	109
IBPFAHIO_00757	33	47	28	49	46	43
IBPFAHIO_00758	50	61	74	73	57	48
IBPFAHIO_00759	17	10	10	12	13	13
IBPFAHIO_00760	29	33	31	39	44	33
IBPFAHIO_00761	1	4	0	2	0	0
IBPFAHIO_00762	22	20	13	11	24	10
IBPFAHIO_00763	339	375	336	221	202	200
IBPFAHIO_00764	0	6	3	1	1	2
IBPFAHIO_00765	150	158	157	44	56	37
IBPFAHIO_00766	180	197	183	88	83	66
IBPFAHIO_00767	95	111	124	181	178	175
IBPFAHIO_00768	36	37	33	21	17	27
IBPFAHIO_00769	20	21	12	8	7	16
IBPFAHIO_00770	29	14	21	16	11	16
IBPFAHIO_00771	5	9	5	5	7	6
IBPFAHIO_00772	15	17	10	17	22	11
IBPFAHIO_00773	4	4	2	3	3	3
IBPFAHIO_00774	5	7	11	15	3	5
IBPFAHIO_00775	89	80	65	92	80	62
IBPFAHIO_00776	611	746	662	1679	1577	1465
IBPFAHIO_00777	500	576	519	274	250	247
IBPFAHIO_00778	4	6	9	5	3	2
IBPFAHIO_00779	30	44	50	44	47	27
IBPFAHIO_00780	27	38	32	8	9	9
IBPFAHIO_00781	61	58	67	25	26	17
IBPFAHIO_00782	25	27	26	13	9	5
IBPFAHIO_00783	3	1	0	1	0	1
IBPFAHIO_00784	59	51	58	54	52	43
IBPFAHIO_00801	8180	9437	8955	10320	9384	8514
IBPFAHIO_00802	3773	4317	4070	4883	4153	3976
IBPFAHIO_00803	11042	12262	11096	23035	21604	19583
IBPFAHIO_00804	964	1008	1051	2258	2123	2164
IBPFAHIO_00805	4647	5613	5021	22976	22040	22265
IBPFAHIO_00806	384	413	386	207	257	224
IBPFAHIO_00807	21788	27011	22881	77684	66632	64848
IBPFAHIO_00808	19499	22045	19690	66641	60518	57450
IBPFAHIO_00809	7137	7774	7044	4410	4429	4132
IBPFAHIO_00810	893	1119	1081	635	695	636
IBPFAHIO_00811	2652	3042	2971	3104	3012	2661
IBPFAHIO_00812	0	0	0	0	0	2
IBPFAHIO_00813	22536	27400	24301	1618	1413	1234
IBPFAHIO_00814	2591	3052	2782	2954	2681	2604
IBPFAHIO_00815	0	0	0	3	0	1
IBPFAHIO_00816	7579	8968	8113	7838	7641	7035
IBPFAHIO_00817	1020	1120	1055	936	859	858
IBPFAHIO_00818	3986	4660	3963	17552	17661	15845
IBPFAHIO_00819	933	1078	897	1389	1395	1392
IBPFAHIO_00820	526	568	567	1487	1422	1254
IBPFAHIO_00821	3472	4010	3620	4923	5197	4683
IBPFAHIO_00822	917	1174	999	469	551	474
IBPFAHIO_00823	0	0	0	0	0	0
IBPFAHIO_00824	2500	2738	2623	15938	15691	14041
IBPFAHIO_00825	845	896	843	8747	8592	7626
IBPFAHIO_00826	2031	2328	2130	14394	14138	13059
IBPFAHIO_00827	1073	1304	1161	7926	8328	7605
IBPFAHIO_00828	1833	2141	1882	12000	12524	10856
IBPFAHIO_00829	1563	1833	1688	13954	11748	10432
IBPFAHIO_00830	308	339	296	2404	2494	2373
IBPFAHIO_00831	1965	2199	2048	19185	19104	16751
IBPFAHIO_00832	803	993	847	13046	13882	12092
IBPFAHIO_00833	850	1005	756	30616	29125	26365
IBPFAHIO_00834	803	990	741	29383	28709	25825
IBPFAHIO_00835	1234	1497	1230	56734	59289	51518
IBPFAHIO_00836	365	394	291	18801	15918	14657
IBPFAHIO_00837	500	519	434	23777	20454	17993
IBPFAHIO_00838	860	1052	828	44212	38666	35839
IBPFAHIO_00839	678	818	639	37899	39185	33450
IBPFAHIO_00840	527	684	588	37943	34846	29853
IBPFAHIO_00841	405	473	342	23050	25064	24470
IBPFAHIO_00842	1291	1663	1398	40907	35864	33297
IBPFAHIO_00843	710	953	745	21052	20478	18785
IBPFAHIO_00844	456	541	506	448	447	440
IBPFAHIO_00845	5838	7038	6423	5992	5690	5813
IBPFAHIO_00846	4231	5213	4812	3153	3489	2927
IBPFAHIO_00847	3238	3530	3258	3061	2941	2743
IBPFAHIO_00848	2753	2973	2764	2552	2707	2386
IBPFAHIO_00849	180	180	217	164	172	181
IBPFAHIO_00850	51925	60571	56080	100398	101957	93442
IBPFAHIO_00851	8680	10714	9694	21524	23806	24280
IBPFAHIO_00852	11577	12618	11547	12287	12304	10886
IBPFAHIO_00853	39493	39077	38776	2340	2335	1867
IBPFAHIO_00854	43	48	50	51	48	63
IBPFAHIO_00855	1906	2128	2005	8393	8651	7538
IBPFAHIO_00856	4642	5358	4901	10675	9898	9348
IBPFAHIO_00857	3204	3686	3503	3120	3282	3097
IBPFAHIO_00858	280	399	344	750	659	671
IBPFAHIO_00859	7284	8401	7545	10440	10489	9468
IBPFAHIO_00860	1516	1710	1678	2062	2029	1787
IBPFAHIO_00861	535	592	517	604	631	564
IBPFAHIO_00862	1413	1707	1564	3494	3739	3366
IBPFAHIO_00863	488	577	529	481	736	556
IBPFAHIO_00864	3217	3526	3667	768	853	779
IBPFAHIO_00865	7598	8462	7725	7794	7649	6921
IBPFAHIO_00866	16608	16835	16082	9448	10163	8275
IBPFAHIO_00867	15604	19019	16717	9790	10432	9148
IBPFAHIO_00868	323	377	356	1027	944	887
IBPFAHIO_00869	473	541	537	300	288	239
IBPFAHIO_00870	281	374	344	685	775	708
IBPFAHIO_00871	867	835	851	627	590	518
IBPFAHIO_00872	0	4	1	1	1	0
IBPFAHIO_00873	0	0	0	0	0	0
IBPFAHIO_00874	20	25	23	21	30	25
IBPFAHIO_00875	2379	2866	2672	1880	1845	1587
IBPFAHIO_00876	5660	5965	5808	5351	5207	4628
IBPFAHIO_00877	1074	1204	1091	3207	3012	2516
IBPFAHIO_00878	1481	1569	1545	4681	4634	4122
IBPFAHIO_00879	1172	1508	1434	5187	5203	4436
IBPFAHIO_00880	3402	3870	3569	19702	20258	19004
IBPFAHIO_00881	3042	3475	3207	10511	10996	9769
IBPFAHIO_00882	150	158	130	867	915	930
IBPFAHIO_00883	0	0	0	1	2	1
IBPFAHIO_00884	6116	7404	6511	11308	12536	10932
IBPFAHIO_00885	2611	3309	2825	7591	8012	6727
IBPFAHIO_00886	2467	2727	2515	7180	6568	5533
IBPFAHIO_00887	1378	1686	1469	4656	4895	4495
IBPFAHIO_00888	297	401	305	1145	1127	977
IBPFAHIO_00889	276	303	274	795	827	861
IBPFAHIO_00890	1070	1239	1157	3879	3672	3168
IBPFAHIO_00891	1379	1690	1452	4620	4809	4363
IBPFAHIO_00892	1173	1356	1268	4186	4596	3754
IBPFAHIO_00893	469	592	509	1550	1538	1356
IBPFAHIO_00894	291	392	318	1043	981	977
IBPFAHIO_00895	1035	1365	1169	2572	2480	2282
IBPFAHIO_00896	195	231	187	446	494	455
IBPFAHIO_00897	1788	1981	1797	6990	7282	6532
IBPFAHIO_00898	1	1	0	1	1	0
IBPFAHIO_00899	4080	4617	4221	20373	20245	18588
IBPFAHIO_00900	1449	1656	1522	7252	7208	7114
IBPFAHIO_00901	975	1149	1115	5406	5464	5051
IBPFAHIO_00902	233	338	275	2265	2498	2411
IBPFAHIO_00903	2041	2285	2045	7204	6901	6187
IBPFAHIO_00904	5533	6737	6011	13375	13806	12323
IBPFAHIO_00905	2927	3461	3120	7428	7710	6848
IBPFAHIO_00906	9632	11295	10218	20891	19341	17388
IBPFAHIO_00907	1738	1971	1894	4238	3959	3792
IBPFAHIO_00908	2374	3073	2691	7859	8305	7067
IBPFAHIO_00909	1623	1872	1740	4085	3859	3596
IBPFAHIO_00910	1145	1257	1039	2278	2207	1963
IBPFAHIO_00911	1658	1697	1615	3541	2894	2639
IBPFAHIO_00912	1335	1502	1467	3486	2573	2383
IBPFAHIO_00913	1615	1856	1628	3748	3623	3047
IBPFAHIO_00914	4811	4946	4775	8664	8554	7651
IBPFAHIO_00915	1810	2342	2128	5601	5170	4702
IBPFAHIO_00916	929	1000	940	348	328	297
IBPFAHIO_00917	7468	8475	8102	4131	4380	3957
IBPFAHIO_00918	19	22	18	30	39	43
IBPFAHIO_00919	0	0	0	0	0	0
IBPFAHIO_00920	1	0	0	1	1	0
IBPFAHIO_00921	1	0	0	1	0	3
IBPFAHIO_00922	0	0	0	0	0	0
IBPFAHIO_00923	1	0	0	0	0	0
IBPFAHIO_00924	0	0	0	0	0	0
IBPFAHIO_00926	21	31	34	6	7	4
IBPFAHIO_00927	0	0	0	0	0	0
IBPFAHIO_00928	0	0	0	0	0	0
IBPFAHIO_00929	0	0	0	0	0	0
IBPFAHIO_00930	78	80	66	19	17	13
IBPFAHIO_00931	0	0	0	0	0	0
IBPFAHIO_00932	0	0	0	0	0	0
IBPFAHIO_00933	0	0	0	0	0	0
IBPFAHIO_00934	359	489	428	24	19	16
IBPFAHIO_00935	310	389	333	27	31	40
IBPFAHIO_00936	1487	1812	1721	90	78	77
IBPFAHIO_00937	18	33	26	2	0	1
IBPFAHIO_00938	252	283	230	2	5	6
IBPFAHIO_00939	314	377	377	8	5	6
IBPFAHIO_00940	206	267	206	4	5	5
IBPFAHIO_00941	311	350	343	9	3	6
IBPFAHIO_00942	212	245	191	3	4	2
IBPFAHIO_00943	214	304	279	7	5	5
IBPFAHIO_00944	86	105	71	3	5	2
IBPFAHIO_00945	815	963	852	18	15	16
IBPFAHIO_00946	236	249	222	6	2	1
IBPFAHIO_00947	613	719	620	68	46	54
IBPFAHIO_00948	203	225	225	14	21	14
IBPFAHIO_00949	779	874	889	41	41	26
IBPFAHIO_00950	34	47	46	1	3	3
IBPFAHIO_00951	75	80	82	5	2	2
IBPFAHIO_00952	915	936	954	63	45	45
IBPFAHIO_00953	391	434	457	24	24	21
IBPFAHIO_00954	148	159	170	13	19	9
IBPFAHIO_00955	108	106	92	4	6	1
IBPFAHIO_00956	285	380	330	389	401	436
IBPFAHIO_00957	564	713	667	84	67	64
IBPFAHIO_00958	26	30	38	11	20	22
IBPFAHIO_00959	0	0	0	0	0	0
IBPFAHIO_00960	0	0	0	0	0	0
IBPFAHIO_00961	0	0	0	0	0	0
IBPFAHIO_00962	0	0	0	0	0	0
IBPFAHIO_00963	206	254	200	32	26	23
IBPFAHIO_00964	125	138	112	13	17	8
IBPFAHIO_00965	256	305	246	22	28	31
IBPFAHIO_00966	78	119	83	10	10	6
IBPFAHIO_00967	329	410	389	29	29	28
IBPFAHIO_00968	49	27	31	8	4	3
IBPFAHIO_00969	276	260	233	20	26	19
IBPFAHIO_00970	92	116	114	15	10	13
IBPFAHIO_00971	58	85	74	4	2	3
IBPFAHIO_00972	4784	5255	4768	246	250	205
IBPFAHIO_00973	2140	2653	2458	121	125	105
IBPFAHIO_00974	1298	1720	1537	85	70	91
IBPFAHIO_00975	1	0	1	0	0	0
IBPFAHIO_00976	503	671	595	25	24	21
IBPFAHIO_00977	33	33	40	0	2	2
IBPFAHIO_00978	107	137	151	4	12	8
IBPFAHIO_00979	1249	1286	1204	57	36	21
IBPFAHIO_00980	1748	1987	1612	69	58	77
IBPFAHIO_00981	444	521	507	18	20	12
IBPFAHIO_00982	936	1078	827	37	35	34
IBPFAHIO_00983	5428	6058	5873	189	187	163
IBPFAHIO_00984	4141	4516	4373	1010	977	942
IBPFAHIO_00985	2223	2498	2465	52	66	66
IBPFAHIO_00986	2858	3288	3212	281	222	213
IBPFAHIO_00987	1187	1754	1319	26	35	25
IBPFAHIO_00988	601	755	690	859	868	847
IBPFAHIO_00989	335	391	316	440	465	375
IBPFAHIO_00990	394	479	402	187	189	165
IBPFAHIO_00991	633	735	674	1024	1182	1091
IBPFAHIO_00992	25150	29325	26762	24354	26146	23260
IBPFAHIO_00993	785	845	773	2882	3207	2915
IBPFAHIO_00994	3069	3011	2886	1573	1660	1616
IBPFAHIO_00995	414	462	441	184	162	160
IBPFAHIO_00996	927	1068	931	413	490	465
IBPFAHIO_00997	1791	2152	2011	5977	6063	5155
IBPFAHIO_00998	1652	1876	1788	4116	3866	3377
IBPFAHIO_00999	2509	2891	2671	5014	5383	4779
IBPFAHIO_01000	3356	3805	3307	5618	5481	4900
IBPFAHIO_01001	2667	3116	2792	3454	3785	3528
IBPFAHIO_01002	2562	2777	2575	12638	10748	9471
IBPFAHIO_01003	514	583	575	4356	4018	3630
IBPFAHIO_01005	112	115	110	173	163	121
IBPFAHIO_01006	0	0	0	0	0	0
IBPFAHIO_01007	23	29	32	27	28	24
IBPFAHIO_01008	28	47	32	26	40	25
IBPFAHIO_01009	37	49	51	23	26	29
IBPFAHIO_01010	9940	11424	11021	13369	12453	10812
IBPFAHIO_01011	3039	3485	3282	5637	4796	4392
IBPFAHIO_01012	268	271	294	524	537	489
IBPFAHIO_01013	28	21	36	37	34	24
IBPFAHIO_01014	1591	1841	1972	318	339	284
IBPFAHIO_01015	402	531	474	65	72	60
IBPFAHIO_01016	5257	6229	5888	3638	4193	3814
IBPFAHIO_01017	13130	14652	13487	15609	16572	15293
IBPFAHIO_01018	7501	8736	7845	9019	8914	8287
IBPFAHIO_01019	714	798	695	893	936	883
IBPFAHIO_01020	586	733	634	449	425	378
IBPFAHIO_01021	452	461	434	830	913	872
IBPFAHIO_01022	371	432	409	2647	2743	2381
IBPFAHIO_01023	27	22	17	50	53	52
IBPFAHIO_01024	226	261	235	495	440	417
IBPFAHIO_01025	116	134	143	121	110	108
IBPFAHIO_01026	8811	10309	9690	94683	96267	88605
IBPFAHIO_01027	23132	23646	25264	219443	214770	171302
IBPFAHIO_01028	6377	7344	6901	44943	49988	42383
IBPFAHIO_01029	6994	8367	7841	53080	58570	50989
IBPFAHIO_01030	1327	1517	1499	1309	1121	1039
IBPFAHIO_01031	1715	2086	1742	1431	1438	1371
IBPFAHIO_01032	1037	1166	1148	1380	1249	1236
IBPFAHIO_01033	1122	1306	1157	785	656	687
IBPFAHIO_01034	1344	1639	1532	5391	5206	4968
IBPFAHIO_01035	82	148	124	108	76	102
IBPFAHIO_01036	293	305	331	607	540	482
IBPFAHIO_01037	3363	4366	3780	1609	1685	1625
IBPFAHIO_01038	479	638	575	1410	1304	1453
IBPFAHIO_01039	258	297	274	1101	1208	1090
IBPFAHIO_01040	144	179	145	195	197	167
IBPFAHIO_01041	170	229	184	137	149	140
IBPFAHIO_01042	117	129	120	44	44	47
IBPFAHIO_01043	249	322	290	320	406	315
IBPFAHIO_01044	231	276	230	180	201	172
IBPFAHIO_01045	541	624	585	771	656	640
IBPFAHIO_01046	2100	2472	2113	4846	4285	3994
IBPFAHIO_01047	836	943	858	1781	1822	1683
IBPFAHIO_01048	390	418	380	1520	1144	963
IBPFAHIO_01049	213	269	260	680	612	568
IBPFAHIO_01050	449	500	499	1888	1899	1769
IBPFAHIO_01051	1803	1943	1834	5809	4823	4845
IBPFAHIO_01052	1947	2395	2098	4913	4787	4281
IBPFAHIO_01053	1541	1785	1545	1432	1347	1168
IBPFAHIO_01054	956	1073	907	877	820	793
IBPFAHIO_01055	496	610	523	954	942	837
IBPFAHIO_01056	2815	3043	2949	6345	6788	6682
IBPFAHIO_01057	0	0	0	0	0	0
IBPFAHIO_01058	10579	12388	11393	8582	9286	8510
IBPFAHIO_01059	312	341	323	579	620	570
IBPFAHIO_01060	9992	12120	11177	4664	5444	4796
IBPFAHIO_01061	23479	25613	23711	5828	6274	5922
IBPFAHIO_01062	162	187	183	649	741	691
IBPFAHIO_01063	4634	5227	4855	11018	10221	8733
IBPFAHIO_01064	1056	1113	1015	2064	2109	1963
IBPFAHIO_01065	2336	2599	2602	4471	4551	4091
IBPFAHIO_01066	286	358	317	865	827	806
IBPFAHIO_01067	1097	1254	1076	1642	1629	1469
IBPFAHIO_01068	278	330	278	477	499	430
IBPFAHIO_01069	223	258	276	459	454	346
IBPFAHIO_01070	16829	19766	18012	15509	15316	13934
IBPFAHIO_01071	4910	5879	5222	8777	8168	7058
IBPFAHIO_01072	6935	8551	7404	19026	19116	16350
IBPFAHIO_01073	1734	2151	1771	8448	7768	6950
IBPFAHIO_01074	6763	7101	6586	1789	2078	1705
IBPFAHIO_01075	3073	3400	3228	1190	1278	1076
IBPFAHIO_01076	3550	3961	3758	2992	2814	2667
IBPFAHIO_01077	38817	44294	42315	30842	31124	26864
IBPFAHIO_01078	591	802	672	1202	1240	1167
IBPFAHIO_01079	669	831	709	1334	1232	1103
IBPFAHIO_01080	229	226	180	642	566	519
IBPFAHIO_01081	150	173	167	1116	966	913
IBPFAHIO_01082	769	893	877	1147	1273	1133
IBPFAHIO_01083	758	932	907	171	165	184
IBPFAHIO_01084	12539	13326	12033	2646	3036	2687
IBPFAHIO_01085	1440	1874	1798	573	454	467
IBPFAHIO_01086	443	509	502	868	827	739
IBPFAHIO_01087	1308	1525	1324	9013	8691	7862
IBPFAHIO_01088	558	683	595	7560	8376	7560
IBPFAHIO_01089	5	8	5	13	18	23
IBPFAHIO_01090	18	24	17	40	32	20
IBPFAHIO_01091	6	7	10	15	16	18
IBPFAHIO_01092	12	6	11	16	9	19
IBPFAHIO_01093	1	1	5	5	7	5
IBPFAHIO_01094	25	26	29	24	46	38
IBPFAHIO_01095	18	25	26	45	33	43
IBPFAHIO_01096	3770	4426	4081	585	683	633
IBPFAHIO_01097	290	353	308	899	792	941
IBPFAHIO_01098	1064	1233	1210	2855	2660	2651
IBPFAHIO_01099	1527	1595	1501	1378	1305	1293
IBPFAHIO_01100	845	920	915	915	760	692
IBPFAHIO_01101	3062	3668	3508	951	1132	978
IBPFAHIO_01102	4405	4692	4399	1486	1366	1338
IBPFAHIO_01103	14435	16099	14694	7581	8189	7097
IBPFAHIO_01104	3968	4373	4040	3375	3169	2901
IBPFAHIO_01105	5971	6534	6085	4285	3813	3496
IBPFAHIO_01106	1358	1542	1452	734	652	631
IBPFAHIO_01107	193	211	200	469	465	464
IBPFAHIO_01108	90	105	90	236	205	169
IBPFAHIO_01109	19	18	20	41	23	30
IBPFAHIO_01110	79	74	74	175	136	127
IBPFAHIO_01111	3	0	1	4	9	8
IBPFAHIO_01112	24	25	16	31	48	36
IBPFAHIO_01113	14	17	14	31	32	26
IBPFAHIO_01114	16	18	26	40	45	45
IBPFAHIO_01115	22	15	9	22	39	25
IBPFAHIO_01116	37	45	35	47	47	50
IBPFAHIO_01117	7	7	8	5	5	8
IBPFAHIO_01118	6	10	13	16	21	13
IBPFAHIO_01119	7	10	8	14	17	11
IBPFAHIO_01120	28	16	18	7	21	15
IBPFAHIO_01121	60	64	56	88	100	81
IBPFAHIO_01122	301	368	385	505	592	518
IBPFAHIO_01123	159	155	184	73	76	59
IBPFAHIO_01124	115	126	146	172	135	137
IBPFAHIO_01125	110	111	114	183	191	165
IBPFAHIO_01126	73	78	81	156	181	137
IBPFAHIO_01127	126	133	135	291	295	262
IBPFAHIO_01128	121	141	124	358	324	337
IBPFAHIO_01129	4135	5073	4399	7247	9099	8517
IBPFAHIO_01130	3138	3640	3294	5094	4828	4319
IBPFAHIO_01131	507	540	511	1414	1279	1147
IBPFAHIO_01132	175	187	183	319	308	310
IBPFAHIO_01133	120	152	131	297	310	228
IBPFAHIO_01134	61	58	62	180	222	171
IBPFAHIO_01135	400	454	439	526	511	500
IBPFAHIO_01136	472	481	491	532	562	521
IBPFAHIO_01137	217	237	245	308	375	321
IBPFAHIO_01138	144	185	150	275	264	258
IBPFAHIO_01139	18	26	28	61	61	69
IBPFAHIO_01140	88	82	82	111	126	88
IBPFAHIO_01141	15	16	27	20	20	16
IBPFAHIO_01142	13	10	13	16	19	17
IBPFAHIO_01143	1064	1198	1073	2994	2730	2658
IBPFAHIO_01144	423	543	503	1470	1490	1459
IBPFAHIO_01145	187	224	224	90	101	80
IBPFAHIO_01146	1957	2529	2377	3883	4188	3850
IBPFAHIO_01147	106	115	106	170	191	190
IBPFAHIO_01148	21	19	21	19	18	29
IBPFAHIO_01149	14	15	13	10	3	8
IBPFAHIO_01150	725	798	1093	67	58	61
IBPFAHIO_01151	379	395	481	7	6	8
IBPFAHIO_01152	225	241	224	265	274	256
IBPFAHIO_01153	112	151	130	834	785	777
IBPFAHIO_01154	852	1014	914	1204	1139	1036
IBPFAHIO_01155	1057	1313	1098	1699	1555	1394
IBPFAHIO_01156	84	53	56	138	143	108
IBPFAHIO_01157	992	1131	1001	1482	1499	1310
IBPFAHIO_01158	1667	1986	1822	44948	46620	37905
IBPFAHIO_01159	1538	1682	1455	34543	31535	29068
IBPFAHIO_01160	425	485	440	1101	987	933
IBPFAHIO_01161	6129	7225	6502	22956	22753	20218
IBPFAHIO_01162	34504	41462	39009	8249	8201	7447
IBPFAHIO_01163	353	427	438	1291	1332	1302
IBPFAHIO_01164	1861	2099	1951	5768	4813	4473
IBPFAHIO_01165	1885	2136	1970	4647	5118	3751
IBPFAHIO_01166	1402	1800	1586	6157	6415	5704
IBPFAHIO_01167	875	1069	952	5413	5146	4543
IBPFAHIO_01168	526	526	423	459	478	477
IBPFAHIO_01169	307	409	375	1482	1707	1493
IBPFAHIO_01170	75	86	77	96	77	88
IBPFAHIO_01171	0	0	1	0	0	0
IBPFAHIO_01172	3292	4331	3901	8240	8149	7654
IBPFAHIO_01199	0	0	0	0	0	0
IBPFAHIO_01200	14258	16886	15758	37592	40511	35288
IBPFAHIO_01201	1432	1556	1390	3121	3096	2865
IBPFAHIO_01202	917	1117	1018	3564	3331	2795
IBPFAHIO_01203	27060	30424	28798	32845	25569	23544
IBPFAHIO_01204	3776	4283	3939	6451	6105	5150
IBPFAHIO_01205	2005	2188	2096	2685	2237	2304
IBPFAHIO_01206	7003	8617	7946	7983	8940	8082
IBPFAHIO_01207	3273	3583	3413	3689	3684	3587
IBPFAHIO_01208	415	366	409	1086	1042	876
IBPFAHIO_01209	881	1041	895	2478	2237	2268
IBPFAHIO_01210	4755	5375	4981	10760	10341	9079
IBPFAHIO_01211	259	283	266	771	748	676
IBPFAHIO_01212	18273	21746	19845	74279	83939	76212
IBPFAHIO_01213	3196	3738	3671	4364	4453	4189
IBPFAHIO_01214	1573	1605	1574	2421	1989	1819
IBPFAHIO_01215	121	131	141	339	327	306
IBPFAHIO_01216	3238	3753	3354	2466	2630	2335
IBPFAHIO_01217	221312	260671	237458	68136	70859	64878
IBPFAHIO_01218	838	1140	1011	1189	1066	1279
IBPFAHIO_01219	5275	5893	5328	5601	5250	4718
IBPFAHIO_01220	4488	4729	4538	3597	3197	2891
IBPFAHIO_01221	1563	1795	1660	1098	1151	1107
IBPFAHIO_01222	5703	6292	5541	3913	3905	3471
IBPFAHIO_01223	12834	14434	13572	19499	19651	17892
IBPFAHIO_01224	3849	4442	4042	7216	7251	6223
IBPFAHIO_01225	3969	4590	4242	7072	6526	5922
IBPFAHIO_01226	2146	2371	2233	4226	3989	3495
IBPFAHIO_01227	1491	1590	1450	2131	1934	1693
IBPFAHIO_01228	3871	4374	4100	5333	4816	4463
IBPFAHIO_01229	9249	10308	9589	5414	5307	4302
IBPFAHIO_01230	16075	17886	15434	11159	10160	9024
IBPFAHIO_01231	537	596	524	950	823	780
IBPFAHIO_01232	1190	1335	1217	2017	1958	1675
IBPFAHIO_01233	331	342	314	572	404	373
IBPFAHIO_01234	588	623	626	826	804	702
IBPFAHIO_01235	6446	7126	7118	3192	3089	2814
IBPFAHIO_01236	1499	1751	1576	850	670	582
IBPFAHIO_01237	5291	6293	5334	9202	9023	8847
IBPFAHIO_01238	7096	8511	7518	13365	14270	12472
IBPFAHIO_01239	1937	2259	1923	3915	4110	3533
IBPFAHIO_01240	239	271	298	678	603	678
IBPFAHIO_01241	353	453	394	886	863	843
IBPFAHIO_01242	425	527	488	1690	1913	1764
IBPFAHIO_01243	3332	3736	3625	4384	4209	3721
IBPFAHIO_01244	4659	5417	5077	5319	5357	4726
IBPFAHIO_01245	1201	1446	1344	1426	1947	1546
IBPFAHIO_01246	26887	29924	29088	21881	20659	19776
IBPFAHIO_01247	13463	15984	14937	15816	14524	13405
IBPFAHIO_01248	1229	1416	1288	3323	3134	2968
IBPFAHIO_01249	2493	2823	2561	4093	4266	4003
IBPFAHIO_01250	5347	5647	5521	7491	7267	6689
IBPFAHIO_01251	1875	2352	2045	2784	2803	2567
IBPFAHIO_01252	999	1175	1049	1707	1595	1454
IBPFAHIO_01253	2109	2232	2205	2358	2322	1985
IBPFAHIO_01254	1264	1462	1330	1178	1056	984
IBPFAHIO_01255	5256	6323	5339	3346	3153	2962
IBPFAHIO_01256	11	8	8	85	100	88
IBPFAHIO_01257	1030	1053	1079	3048	2628	2389
IBPFAHIO_01258	1632	1808	1749	3722	4812	3865
IBPFAHIO_01259	483	611	528	1713	1924	1684
IBPFAHIO_01260	1659	1956	1734	6152	6569	5695
IBPFAHIO_01261	833	887	807	2279	2136	1976
IBPFAHIO_01262	11606	13267	11770	18481	20162	17981
IBPFAHIO_01263	3718	4128	4054	3824	3793	3364
IBPFAHIO_01264	4318	4881	4491	6579	5708	4974
IBPFAHIO_01265	1448	1806	1585	2143	2017	1751
IBPFAHIO_01266	1201	1366	1249	1674	1651	1553
IBPFAHIO_01267	3284	3791	3240	4816	4698	4345
IBPFAHIO_01268	1171	1371	1215	2060	2246	1928
IBPFAHIO_01269	761	904	859	573	408	399
IBPFAHIO_01270	6	5	6	29	28	27
IBPFAHIO_01271	1	0	1	5	2	2
IBPFAHIO_01272	1480	1744	1666	928	881	804
IBPFAHIO_01273	58	67	58	373	381	435
IBPFAHIO_01274	423	463	471	281	312	281
IBPFAHIO_01275	120	109	125	368	422	413
IBPFAHIO_01276	90	107	102	466	514	455
IBPFAHIO_01277	85	94	81	665	676	613
IBPFAHIO_01278	4944	5542	5261	16915	16594	15311
IBPFAHIO_01279	1713	1912	1856	504	426	448
IBPFAHIO_01280	62	71	54	74	80	73
IBPFAHIO_01281	207	210	220	325	363	348
IBPFAHIO_01282	190	187	173	1160	1287	1117
IBPFAHIO_01283	207	281	232	1597	1679	1528
IBPFAHIO_01284	12	13	14	9	8	15
IBPFAHIO_01285	146	157	166	132	135	123
IBPFAHIO_01286	363	388	415	376	375	355
IBPFAHIO_01287	1249	1358	1156	212	202	172
IBPFAHIO_01288	242	244	230	208	217	173
IBPFAHIO_01289	100	140	136	74	72	93
IBPFAHIO_01290	3	4	2	4	2	7
IBPFAHIO_01291	137	134	116	524	475	582
IBPFAHIO_01292	68	103	129	511	484	399
IBPFAHIO_01293	870	970	950	1022	1081	924
IBPFAHIO_01294	667	670	651	3454	3569	3128
IBPFAHIO_01295	380	452	417	610	557	563
IBPFAHIO_01296	973	1048	926	2975	2856	2538
IBPFAHIO_01297	61	83	68	27	27	34
IBPFAHIO_01298	2016	2507	2203	835	829	744
IBPFAHIO_01299	849	1041	894	1343	1257	1070
IBPFAHIO_01300	397	441	421	622	538	472
IBPFAHIO_01301	170	213	208	85	83	64
IBPFAHIO_01302	656	875	741	314	287	266
IBPFAHIO_01303	1	2	1	6	7	4
IBPFAHIO_01304	69	89	96	127	147	135
IBPFAHIO_01305	7	13	10	4	6	5
IBPFAHIO_01306	13	9	10	7	6	5
IBPFAHIO_01307	5	8	7	6	4	10
IBPFAHIO_01308	110	98	97	104	130	106
IBPFAHIO_01309	0	0	0	0	0	0
IBPFAHIO_01310	41	36	38	62	51	47
IBPFAHIO_01311	2479	2913	2678	1414	1305	1198
IBPFAHIO_01312	182	238	222	106	119	98
IBPFAHIO_01313	8	6	8	6	4	3
IBPFAHIO_01314	12	14	15	8	7	4
IBPFAHIO_01315	4	7	9	2	0	4
IBPFAHIO_01316	9	9	20	7	16	8
IBPFAHIO_01317	2	0	3	5	4	6
IBPFAHIO_01318	0	0	0	0	0	0
IBPFAHIO_01319	7	15	10	33	23	23
IBPFAHIO_01320	12	21	14	17	21	16
IBPFAHIO_01321	35	21	32	41	35	41
IBPFAHIO_01322	10	12	12	42	36	53
IBPFAHIO_01323	41	44	53	116	130	132
IBPFAHIO_01324	338	390	317	917	987	902
IBPFAHIO_01325	237	269	210	643	690	600
IBPFAHIO_01326	40	49	54	125	151	131
IBPFAHIO_01327	41	56	59	197	234	197
IBPFAHIO_01328	38	47	40	121	98	95
IBPFAHIO_01329	1020	1221	1045	2499	2573	2463
IBPFAHIO_01330	54	72	43	84	116	84
IBPFAHIO_01331	97	111	94	210	217	183
IBPFAHIO_01332	14	24	16	11	17	10
IBPFAHIO_01333	20	31	25	7	8	5
IBPFAHIO_01334	28	40	46	115	121	117
IBPFAHIO_01335	4	7	7	24	27	49
IBPFAHIO_01336	48	48	35	149	180	144
IBPFAHIO_01337	301	314	314	1044	970	879
IBPFAHIO_01338	7	8	14	22	27	32
IBPFAHIO_01339	59	54	67	37	34	38
IBPFAHIO_01340	928	1060	994	817	782	732
IBPFAHIO_01341	616	725	675	514	564	451
IBPFAHIO_01342	34	47	52	35	32	39
IBPFAHIO_01343	263	290	254	219	226	208
IBPFAHIO_01344	20	21	17	23	12	15
IBPFAHIO_01345	80	122	77	97	93	89
IBPFAHIO_01346	300	374	323	304	294	302
IBPFAHIO_01347	147	200	187	123	107	147
IBPFAHIO_01348	63	78	49	51	46	49
IBPFAHIO_01349	25	34	21	21	11	12
IBPFAHIO_01350	17	30	26	17	21	23
IBPFAHIO_01351	15	20	13	25	35	23
IBPFAHIO_01352	195	253	244	187	236	194
IBPFAHIO_01353	22	23	20	10	17	12
IBPFAHIO_01354	62	57	55	39	43	24
IBPFAHIO_01355	755	826	748	513	537	493
IBPFAHIO_01356	407	490	465	291	243	230
IBPFAHIO_01357	96	161	121	69	72	73
IBPFAHIO_01358	2	1	0	0	1	0
IBPFAHIO_01359	512	591	501	421	439	392
IBPFAHIO_01360	340	392	320	213	213	229
IBPFAHIO_01361	3373	4201	3712	34913	33191	34623
IBPFAHIO_01362	2883	3328	3155	56321	57863	57571
IBPFAHIO_01363	15530	18536	17062	18747	22693	19735
IBPFAHIO_01364	830	923	907	1126	1126	1032
IBPFAHIO_01365	55	61	44	122	80	109
IBPFAHIO_01366	1713	1683	1499	181	156	143
IBPFAHIO_01367	20	22	17	40	55	57
IBPFAHIO_01368	41	33	33	142	117	137
IBPFAHIO_01369	42	44	46	67	83	77
IBPFAHIO_01370	11	11	12	15	19	16
IBPFAHIO_01371	4	4	4	6	9	6
IBPFAHIO_01372	4	6	4	12	18	5
IBPFAHIO_01373	7	9	6	19	20	17
IBPFAHIO_01374	14	15	10	26	31	34
IBPFAHIO_01375	6	12	16	16	19	14
IBPFAHIO_01376	10	16	15	33	41	30
IBPFAHIO_01377	1201	1332	1223	1325	1429	1204
IBPFAHIO_01378	26601	30009	27910	72553	66610	63226
IBPFAHIO_01379	28419	31594	29327	73160	68778	64848
IBPFAHIO_01380	334	431	356	512	500	473
IBPFAHIO_01381	128	180	138	216	222	192
IBPFAHIO_01382	331	392	345	368	387	290
IBPFAHIO_01383	2240	2595	2277	1969	2174	1865
IBPFAHIO_01384	2520	2613	2411	1771	1716	1398
IBPFAHIO_01385	2432	2745	2476	11394	11537	10043
IBPFAHIO_01386	1051	1245	1175	1923	2117	2013
IBPFAHIO_01387	362	399	365	867	744	775
IBPFAHIO_01388	327	393	371	836	895	776
IBPFAHIO_01389	2554	3041	3518	6935	6573	6021
IBPFAHIO_01390	6180	7104	7766	8276	7346	6954
IBPFAHIO_01391	1026	1152	1150	1580	1575	1374
IBPFAHIO_01392	63	59	80	259	276	264
IBPFAHIO_01393	3576	3923	3786	7962	7729	7143
IBPFAHIO_01394	2113	2199	2378	6374	6191	5559
IBPFAHIO_01395	950	1028	1031	4471	5367	4582
IBPFAHIO_01396	15010	17664	16754	9739	10438	9271
IBPFAHIO_01397	1030	1090	1062	692	752	821
IBPFAHIO_01407	1844	1976	1944	2725	2340	2089
IBPFAHIO_01408	1781	1957	1789	1560	1396	1375
IBPFAHIO_01409	2319	2746	2335	5468	5020	4745
IBPFAHIO_01410	28502	32541	29858	16271	14990	13828
IBPFAHIO_01411	3165	3628	3378	6721	6891	6459
IBPFAHIO_01412	5307	6281	5978	11341	10670	9543
IBPFAHIO_01413	547	576	523	1041	836	882
IBPFAHIO_01414	1912	2207	2051	4766	4033	3954
IBPFAHIO_01415	1138	1359	1192	3733	3827	3346
IBPFAHIO_01416	643	687	619	2094	2190	2053
IBPFAHIO_01417	2769	3187	3009	9018	9242	8424
IBPFAHIO_01418	309	332	299	1158	1204	1083
IBPFAHIO_01419	812	898	803	3211	2632	2437
IBPFAHIO_01420	19	30	21	127	162	117
IBPFAHIO_01421	3833	4346	3835	6092	5962	5557
IBPFAHIO_01422	1865	2230	1873	6487	6725	6083
IBPFAHIO_01423	442	481	423	2063	1668	1593
IBPFAHIO_01424	198	301	246	1073	1273	1431
IBPFAHIO_01425	6563	7658	7176	10654	10481	9435
IBPFAHIO_01426	3690	4475	3962	5179	5540	4983
IBPFAHIO_01427	669	898	797	1129	1144	1153
IBPFAHIO_01428	3683	4143	3696	7221	6679	6372
IBPFAHIO_01429	8866	9992	8844	18493	17109	15695
IBPFAHIO_01430	20089	22583	20956	41578	39364	33556
IBPFAHIO_01431	3121	3802	3551	13716	12369	12457
IBPFAHIO_01432	14284	14319	14342	37338	32974	30073
IBPFAHIO_01433	3011	3862	3719	10259	12360	12657
IBPFAHIO_01434	3	0	1	3	3	1
IBPFAHIO_01435	4014	4353	4437	5136	4901	4291
IBPFAHIO_01436	1891	2144	1912	2841	2749	2439
IBPFAHIO_01437	1845	2209	1930	4296	4225	3776
IBPFAHIO_01438	29604	34522	31146	11770	11481	10168
IBPFAHIO_01439	2481	2749	2533	6432	5373	4693
IBPFAHIO_01440	2153	2452	2326	11055	11177	10241
IBPFAHIO_01441	2612	3101	3030	1848	2276	1888
IBPFAHIO_01442	2819	3056	3075	1226	1358	1238
IBPFAHIO_01443	722	929	817	1140	1086	1065
IBPFAHIO_01444	320	491	428	550	721	644
IBPFAHIO_01445	136	156	160	685	716	645
IBPFAHIO_01446	1	2	5	13	14	8
IBPFAHIO_01447	79	138	118	277	326	289
IBPFAHIO_01448	404	437	445	1256	1363	1152
IBPFAHIO_01449	402	482	375	1201	1375	1247
IBPFAHIO_01450	48	48	39	56	54	48
IBPFAHIO_01451	64	63	71	108	125	91
IBPFAHIO_01452	4	5	1	7	10	6
IBPFAHIO_01453	92	79	105	150	133	106
IBPFAHIO_01454	548	647	616	515	598	468
IBPFAHIO_01455	391	457	405	508	546	485
IBPFAHIO_01456	28	16	24	42	59	40
IBPFAHIO_01457	10	19	8	18	32	21
IBPFAHIO_01458	23	31	31	51	39	35
IBPFAHIO_01459	67	93	94	144	107	144
IBPFAHIO_01460	22234	25184	23235	51720	54455	48806
IBPFAHIO_01461	2827	3418	3169	5024	4671	4583
IBPFAHIO_01462	1019	1158	980	1791	1704	1442
IBPFAHIO_01463	633	676	669	952	1014	972
IBPFAHIO_01464	2125	2424	2022	10959	9747	9081
IBPFAHIO_01465	3235	3716	3150	8992	7924	7495
IBPFAHIO_01466	1295	1416	1335	4188	2939	2852
IBPFAHIO_01467	53139	61597	56142	37672	33309	29953
IBPFAHIO_01468	16710	19696	16835	20288	17479	15992
IBPFAHIO_01469	8055	9811	8733	10938	9483	8755
IBPFAHIO_01470	5742	6865	5997	7892	7079	6575
IBPFAHIO_01471	5779	7197	6304	9634	9506	9195
IBPFAHIO_01472	5882	6980	5894	7822	7698	7330
IBPFAHIO_01473	7855	8733	7875	6962	6388	5935
IBPFAHIO_01474	16970	22372	20032	63500	79122	66476
IBPFAHIO_01475	3075	3697	3353	6332	6941	6237
IBPFAHIO_01476	1413	1886	1728	3242	3435	2866
IBPFAHIO_01477	9969	11306	10878	61169	61898	58205
IBPFAHIO_01478	11761	13415	12950	61966	57686	55625
IBPFAHIO_01479	37677	41350	39603	146861	139883	135663
IBPFAHIO_01480	97994	118563	112924	356164	363055	334580
IBPFAHIO_01481	1422	1787	1750	11611	11049	11167
IBPFAHIO_01482	10877	11951	10991	67364	53619	47314
IBPFAHIO_01483	5560	6532	6015	28797	32170	30995
IBPFAHIO_01484	3525	3707	3453	15820	16423	15114
IBPFAHIO_01485	9484	11510	10425	52368	58500	53642
IBPFAHIO_01486	3802	4454	3826	28788	29521	25792
IBPFAHIO_01487	4110	4960	4485	30793	27467	25667
IBPFAHIO_01488	13911	15564	13943	94993	77885	76176
IBPFAHIO_01489	5799	6899	6630	43651	37018	33275
IBPFAHIO_01490	1921	2115	1853	10953	14377	14100
IBPFAHIO_01491	7855	9220	8603	58068	63934	51395
IBPFAHIO_01492	4330	5095	4581	33191	31823	30838
IBPFAHIO_01493	9883	10492	9494	70959	67376	59393
IBPFAHIO_01494	4848	5891	5403	39399	36637	36061
IBPFAHIO_01495	2616	3447	3015	25386	23839	20419
IBPFAHIO_01496	4070	5490	4844	33568	36710	36546
IBPFAHIO_01497	7237	8255	8001	47021	46226	41572
IBPFAHIO_01498	5682	6602	6344	47240	44100	39315
IBPFAHIO_01499	8986	9495	9463	62860	61509	53990
IBPFAHIO_01500	1664	2057	1815	13201	13473	11935
IBPFAHIO_01501	5773	6812	5774	52722	43865	45522
IBPFAHIO_01502	19270	21655	19925	165011	155025	138289
IBPFAHIO_01503	4988	5772	5652	50356	49092	44660
IBPFAHIO_01504	2670	2827	2679	22193	16905	17044
IBPFAHIO_01505	2998	3171	2758	20569	17998	18443
IBPFAHIO_01506	4463	5327	4901	27933	29926	26854
IBPFAHIO_01507	2989	3968	3428	23731	23237	21966
IBPFAHIO_01508	12313	14228	12859	86669	69911	72341
IBPFAHIO_01509	16978	18053	17804	102507	101557	88144
IBPFAHIO_01510	2650	2927	2823	2930	2630	2342
IBPFAHIO_01511	3268	3556	3241	3528	3254	2902
IBPFAHIO_01512	1604	1905	1727	1508	1478	1337
IBPFAHIO_01513	549	597	546	1280	1239	1017
IBPFAHIO_01514	647	816	738	1379	1239	1126
IBPFAHIO_01515	140	194	167	242	210	232
IBPFAHIO_01516	127	151	144	155	166	130
IBPFAHIO_01517	28	48	43	28	31	27
IBPFAHIO_01518	492	556	463	64	79	75
IBPFAHIO_01519	1256	1530	1377	54	50	41
IBPFAHIO_01520	19	24	17	89	92	70
IBPFAHIO_01521	18	19	13	53	33	39
IBPFAHIO_01522	4370	4940	4493	4106	4143	3625
IBPFAHIO_01523	3994	4279	4057	6419	7350	7238
IBPFAHIO_01524	1984	2444	2211	2497	2465	2384
IBPFAHIO_01525	32176	37528	34279	40256	41374	35813
IBPFAHIO_01526	5304	6470	5486	7199	6869	6205
IBPFAHIO_01527	6454	7073	6571	11475	10975	9567
IBPFAHIO_01528	3098	3504	3061	9451	8553	9466
IBPFAHIO_01529	64	101	55	27	26	40
IBPFAHIO_01530	5926	6406	6137	2746	2254	2162
IBPFAHIO_01531	6090	6746	6528	3764	3342	3138
IBPFAHIO_01532	2904	3623	3336	1822	1713	1663
IBPFAHIO_01533	2685	3125	3312	1959	1879	1710
IBPFAHIO_01534	42736	51543	48673	12795	12416	11663
IBPFAHIO_01535	1674	1914	1751	2914	3099	2712
IBPFAHIO_01536	14279	15914	14331	15912	15806	14495
IBPFAHIO_01537	1306	1649	1496	2455	2230	1953
IBPFAHIO_01538	2977	3574	3275	4822	4286	4116
IBPFAHIO_01539	5251	5967	5316	7264	6897	6219
IBPFAHIO_01540	1620	2162	1912	569	605	625
IBPFAHIO_01541	4099	4908	4711	89	84	81
IBPFAHIO_01542	8242	8664	9239	199	185	139
IBPFAHIO_01543	5135	5523	5802	136	160	106
IBPFAHIO_01544	15868	18211	19726	357	344	285
IBPFAHIO_01545	9	12	14	30	44	33
IBPFAHIO_01546	45	45	58	82	86	77
IBPFAHIO_01547	19	22	25	86	109	96
IBPFAHIO_01548	4	6	4	14	16	13
IBPFAHIO_01549	4318	4864	4263	2444	2875	2473
IBPFAHIO_01550	3234	3691	3431	1663	1517	1461
IBPFAHIO_01551	6	4	9	14	10	19
IBPFAHIO_01552	15	14	22	60	64	53
IBPFAHIO_01553	45	58	50	138	158	139
IBPFAHIO_01554	0	1	2	3	5	0
IBPFAHIO_01555	2639	3301	3122	17407	16524	15959
IBPFAHIO_01556	178	201	226	390	345	299
IBPFAHIO_01557	193	273	263	559	596	530
IBPFAHIO_01558	1102	1185	1142	1771	1801	1635
IBPFAHIO_01559	93	96	92	115	141	122
IBPFAHIO_01560	1236	1418	1330	2243	2010	1910
IBPFAHIO_01561	2409	2684	2599	998	1041	1017
IBPFAHIO_01562	24433	31411	27822	546	556	458
IBPFAHIO_01563	8481	9740	9259	46583	52999	51146
IBPFAHIO_01564	246	308	259	1126	1255	1134
IBPFAHIO_01565	539	563	521	1857	1626	1521
IBPFAHIO_01566	1088	1201	1182	2153	2170	1965
IBPFAHIO_01567	474	525	503	1442	1287	1267
IBPFAHIO_01568	277	313	283	610	601	563
IBPFAHIO_01569	3466	4133	3724	8254	8397	7202
IBPFAHIO_01570	3484	3932	3713	6666	6030	5276
IBPFAHIO_01571	1151	1300	1292	2704	2566	2068
IBPFAHIO_01572	386	379	391	2554	3053	2707
IBPFAHIO_01573	559	709	596	1290	1242	1160
IBPFAHIO_01574	2617	2987	2710	1296	1360	1186
IBPFAHIO_01575	1758	2093	1896	2894	3249	3038
IBPFAHIO_01576	3593	3873	3581	5896	5410	4866
IBPFAHIO_01577	1399	1360	1318	2094	1938	1787
IBPFAHIO_01578	3806	3966	3890	4925	4811	4532
IBPFAHIO_01579	11939	13082	13789	5494	5741	4253
IBPFAHIO_01580	66	119	73	29	60	58
IBPFAHIO_01581	11736	13783	12726	2428	2616	2420
IBPFAHIO_01582	1564	1928	1622	818	934	884
IBPFAHIO_01583	1559	2271	1837	1151	1209	1273
IBPFAHIO_01584	5463	5736	5339	4676	4650	4354
IBPFAHIO_01585	7868	8634	8342	7548	7365	6849
IBPFAHIO_01586	2364	2800	2546	1803	1722	1682
IBPFAHIO_01587	680	677	694	872	857	913
IBPFAHIO_01588	545	563	574	1044	1047	907
IBPFAHIO_01589	1625	1722	1588	1816	1710	1578
IBPFAHIO_01590	2049	2227	2167	1709	1693	1626
IBPFAHIO_01591	387	513	470	1562	1592	1568
IBPFAHIO_01592	9060	11422	11242	29348	27805	19847
IBPFAHIO_01593	22354	24471	22787	22000	21753	20029
IBPFAHIO_01594	72	84	98	102	103	91
IBPFAHIO_01595	6706	7869	7244	7672	7530	6759
IBPFAHIO_01596	894	973	896	1048	1022	929
IBPFAHIO_01597	4681	5671	5305	3046	2949	2820
IBPFAHIO_01598	2556	2747	2632	953	922	874
IBPFAHIO_01599	8909	10194	9484	2569	2367	2120
IBPFAHIO_01600	2085	2327	2108	2121	2393	2085
IBPFAHIO_01601	782	872	819	814	862	785
IBPFAHIO_01602	1689	1840	1645	5486	5583	5500
IBPFAHIO_01603	1	4	2	7	6	8
IBPFAHIO_01604	1	2	2	1	3	1
IBPFAHIO_01605	3	10	3	13	20	15
IBPFAHIO_01606	255	249	233	664	544	517
IBPFAHIO_01607	424	515	504	855	883	798
IBPFAHIO_01608	621	686	624	1386	1460	1299
IBPFAHIO_01609	208	233	259	621	587	588
IBPFAHIO_01610	1472	1625	1453	711	699	572
IBPFAHIO_01611	74	90	79	58	48	48
IBPFAHIO_01612	2479	3055	2722	7457	7202	6456
IBPFAHIO_01613	1874	2151	1829	5112	5346	4619
IBPFAHIO_01614	6248	7123	6771	28756	29481	27412
IBPFAHIO_01615	469	529	548	467	459	409
IBPFAHIO_01616	3265	3693	3503	2702	2853	2575
IBPFAHIO_01617	747	910	835	612	672	646
IBPFAHIO_01618	406	499	449	132	179	159
IBPFAHIO_01619	3158	3425	3002	888	858	737
IBPFAHIO_01620	5625	6678	6269	8177	8092	7028
IBPFAHIO_01621	1374	1628	1501	5845	5054	4636
IBPFAHIO_01622	566	784	594	428	505	463
IBPFAHIO_01623	1150	1197	1089	651	703	699
IBPFAHIO_01624	18	20	23	32	34	37
IBPFAHIO_01625	30	27	35	48	47	51
IBPFAHIO_01626	141	177	178	161	151	124
IBPFAHIO_01627	622	682	657	456	486	412
IBPFAHIO_01628	254	237	234	146	148	139
IBPFAHIO_01629	1306	1517	1411	726	790	704
IBPFAHIO_01630	5712	6455	5775	12860	13151	11741
IBPFAHIO_01631	201	207	197	207	220	216
IBPFAHIO_01632	3573	3857	3913	3926	4063	3501
IBPFAHIO_01633	13200	14536	14482	8223	7779	6750
IBPFAHIO_01634	360	470	364	1873	1900	1875
IBPFAHIO_01635	9043	9268	9128	13184	13738	11695
IBPFAHIO_01636	0	4	1	3	6	3
IBPFAHIO_01637	85096	98323	102722	3305	3316	2911
IBPFAHIO_01638	148	225	165	62	82	73
IBPFAHIO_01639	456	763	694	761	1302	833
IBPFAHIO_01640	101	93	94	88	95	77
IBPFAHIO_01641	18	31	32	41	39	39
IBPFAHIO_01642	18	23	23	25	22	16
IBPFAHIO_01643	10	19	18	24	16	16
IBPFAHIO_01644	29	44	38	27	39	27
IBPFAHIO_01645	236	315	282	325	349	311
IBPFAHIO_01646	1293	1330	1390	508	459	415
IBPFAHIO_01647	869	859	1023	453	392	371
IBPFAHIO_01648	433	495	508	348	400	345
IBPFAHIO_01649	2	1	4	3	4	5
IBPFAHIO_01650	331	380	345	580	634	617
IBPFAHIO_01651	2402	2548	2460	5061	4953	4317
IBPFAHIO_01652	1055	1325	1003	3189	3049	2683
IBPFAHIO_01653	409	433	430	1638	1693	1551
IBPFAHIO_01654	396	497	480	2667	2452	2143
IBPFAHIO_01655	537	594	541	2259	2032	2024
IBPFAHIO_01656	632	743	742	893	955	937
IBPFAHIO_01657	323	411	369	538	610	507
IBPFAHIO_01658	16413	18565	18086	59370	59655	52975
IBPFAHIO_01659	2244	2689	2443	12195	12055	11452
IBPFAHIO_01660	3475	4173	4228	22052	22766	20099
IBPFAHIO_01661	51	55	61	95	92	89
IBPFAHIO_01662	78	88	93	164	146	151
IBPFAHIO_01663	8	8	10	10	17	11
IBPFAHIO_01664	469	555	516	449	513	472
IBPFAHIO_01665	990	1177	1028	82	70	105
IBPFAHIO_01666	818	914	737	356	316	245
IBPFAHIO_01667	1128	1215	1047	590	483	471
IBPFAHIO_01668	21856	24178	22132	16851	15790	13751
IBPFAHIO_01669	28	34	19	26	30	33
IBPFAHIO_01670	53	70	59	36	27	26
IBPFAHIO_01671	2038	2429	2033	3611	3724	3692
IBPFAHIO_01672	273	423	349	258	321	307
IBPFAHIO_01673	6673	7216	6794	3360	3570	3208
IBPFAHIO_01674	2712	2926	2592	1339	1316	1288
IBPFAHIO_01675	7398	7887	7685	2733	2635	2334
IBPFAHIO_01676	2484	2996	2732	8482	9019	8034
IBPFAHIO_01677	6059	6923	6607	7093	7284	6490
IBPFAHIO_01678	196	283	236	475	499	487
IBPFAHIO_01679	11	16	13	18	21	17
IBPFAHIO_01680	3	10	6	8	18	17
IBPFAHIO_01681	839	1006	926	1322	1490	1335
IBPFAHIO_01682	157	236	195	203	190	227
IBPFAHIO_01683	1530	1983	1644	2166	2133	1933
IBPFAHIO_01684	202	214	255	210	223	184
IBPFAHIO_01685	101	145	103	143	170	149
IBPFAHIO_01686	0	0	0	0	2	1
IBPFAHIO_01687	78	102	81	59	57	69
IBPFAHIO_01688	4	11	8	4	9	2
IBPFAHIO_01689	0	0	2	1	0	0
IBPFAHIO_01690	3	3	2	4	8	7
IBPFAHIO_01691	7	10	8	5	5	8
IBPFAHIO_01692	1	0	0	1	3	1
IBPFAHIO_01693	16	18	17	20	21	32
IBPFAHIO_01694	129	137	128	111	135	102
IBPFAHIO_01695	1032	1212	1068	1330	1397	1275
IBPFAHIO_01696	2123	2451	2179	1987	1952	1744
IBPFAHIO_01697	54	65	64	88	111	104
IBPFAHIO_01698	23	30	21	25	24	27
IBPFAHIO_01699	17	21	18	30	45	24
IBPFAHIO_01700	92	83	93	108	137	104
IBPFAHIO_01701	199	242	270	248	226	217
IBPFAHIO_01702	2009	2214	2021	2283	2339	2252
IBPFAHIO_01703	1544	1998	1851	866	1169	890
IBPFAHIO_01704	184	199	174	224	166	232
IBPFAHIO_01705	215	287	229	443	475	395
IBPFAHIO_01706	3777	4732	4136	4385	4819	3787
IBPFAHIO_01707	79	62	78	86	98	95
IBPFAHIO_01708	33	58	56	84	60	66
IBPFAHIO_01709	24	22	21	32	35	27
IBPFAHIO_01710	86	79	84	148	101	94
IBPFAHIO_01711	106	141	121	249	192	167
IBPFAHIO_01712	132	154	141	215	154	159
IBPFAHIO_01713	7	11	6	12	14	7
IBPFAHIO_01714	65	73	67	68	55	40
IBPFAHIO_01715	517	555	559	413	396	352
IBPFAHIO_01716	329	434	398	455	519	437
IBPFAHIO_01717	1749	2141	1967	1200	1233	1182
IBPFAHIO_01718	453	505	460	354	350	382
IBPFAHIO_01719	46	68	51	161	191	143
IBPFAHIO_01720	6	7	11	20	22	26
IBPFAHIO_01721	6	6	6	12	14	10
IBPFAHIO_01722	0	0	0	2	1	0
IBPFAHIO_01723	124	128	109	490	481	442
IBPFAHIO_01724	86	89	82	384	398	364
IBPFAHIO_01725	451	463	434	1595	1450	1264
IBPFAHIO_01726	77	113	96	62	55	59
IBPFAHIO_01727	129	118	111	94	89	73
IBPFAHIO_01728	519	631	574	1433	1594	1473
IBPFAHIO_01729	554	632	573	4324	4382	4316
IBPFAHIO_01730	172	154	199	237	255	246
IBPFAHIO_01731	144	233	182	665	649	452
IBPFAHIO_01732	1213	1390	1206	543	537	481
IBPFAHIO_01733	1833	2287	1941	882	952	794
IBPFAHIO_01734	1417	1518	1481	501	540	454
IBPFAHIO_01735	1035	1110	1131	322	299	253
IBPFAHIO_01736	314	335	333	216	236	194
IBPFAHIO_01737	96	109	65	52	44	33
IBPFAHIO_01738	13	13	13	13	7	14
IBPFAHIO_01739	1052	1192	1113	2243	2200	1826
IBPFAHIO_01740	627	759	727	693	662	687
IBPFAHIO_01741	72	82	68	52	74	65
IBPFAHIO_01742	118	111	134	121	155	121
IBPFAHIO_01743	60	79	72	100	99	87
IBPFAHIO_01744	361	443	423	335	317	296
IBPFAHIO_01745	2077	2386	2193	1413	1528	1374
IBPFAHIO_01746	978	974	882	588	477	517
IBPFAHIO_01747	397	413	345	284	237	260
IBPFAHIO_01748	1651	1897	1788	1023	947	826
IBPFAHIO_01749	1659	2010	1805	1117	1156	991
IBPFAHIO_01750	1698	1938	1776	1144	979	1036
IBPFAHIO_01751	409	512	554	652	829	570
IBPFAHIO_01752	1071	1190	1254	630	653	521
IBPFAHIO_01753	607	599	602	191	216	156
IBPFAHIO_01754	66	71	73	453	434	451
IBPFAHIO_01755	436	517	494	179	204	180
IBPFAHIO_01756	629	693	633	460	494	432
IBPFAHIO_01757	29	48	34	134	136	108
IBPFAHIO_01758	0	2	0	5	2	1
IBPFAHIO_01759	3	2	3	1	2	3
IBPFAHIO_01760	154	158	164	348	308	310
IBPFAHIO_01761	771	888	755	1465	1589	1394
IBPFAHIO_01762	6251	7605	7375	11207	11337	10528
IBPFAHIO_01763	306	351	343	10527	10805	9717
IBPFAHIO_01764	154	198	174	3574	3527	3467
IBPFAHIO_01765	34	48	40	395	387	337
IBPFAHIO_01766	29	41	20	360	293	267
IBPFAHIO_01767	643	715	732	2531	2730	2637
IBPFAHIO_01768	188	224	178	369	459	399
IBPFAHIO_01769	52	34	43	66	68	58
IBPFAHIO_01770	230	264	270	258	235	225
IBPFAHIO_01771	717	822	839	521	507	416
IBPFAHIO_01772	63	95	77	90	89	88
IBPFAHIO_01773	3542	4000	3731	2312	2536	2269
IBPFAHIO_01774	136	158	150	156	163	141
IBPFAHIO_01775	507	566	510	464	432	403
IBPFAHIO_01776	78	79	70	73	77	85
IBPFAHIO_01777	56	62	48	172	188	160
IBPFAHIO_01778	1083	1307	1220	404	461	439
IBPFAHIO_01779	196	299	281	763	803	736
IBPFAHIO_01780	77	108	83	1818	1798	1861
IBPFAHIO_01781	245	254	258	3125	3007	2883
IBPFAHIO_01782	80	81	75	99	101	102
IBPFAHIO_01783	37	64	61	77	96	81
IBPFAHIO_01784	122	122	124	154	189	172
IBPFAHIO_01785	215	208	213	305	328	314
IBPFAHIO_01786	144	147	140	193	199	171
IBPFAHIO_01787	2765	2978	2899	2734	2668	2421
IBPFAHIO_01788	326	401	353	279	252	273
IBPFAHIO_01789	1550	1830	1677	952	905	818
IBPFAHIO_01790	146	172	193	822	829	716
IBPFAHIO_01791	18	22	18	239	240	220
IBPFAHIO_01792	302	433	305	423	451	470
IBPFAHIO_01793	417	490	479	616	603	616
IBPFAHIO_01794	1063	1317	1233	1948	2135	1895
IBPFAHIO_01795	651	768	689	1355	1196	1115
IBPFAHIO_01796	1744	2135	1889	1150	1268	1086
IBPFAHIO_01797	131	148	125	1214	1160	1196
IBPFAHIO_01798	390	547	548	2685	2875	2666
IBPFAHIO_01799	1846	2397	2231	6985	6799	5943
IBPFAHIO_01800	253	292	284	614	645	587
IBPFAHIO_01801	14714	16542	15476	8673	8832	8131
IBPFAHIO_01802	122	140	187	23	30	19
IBPFAHIO_01803	499	515	625	34	56	44
IBPFAHIO_01804	2780	2902	3412	1288	1398	1083
IBPFAHIO_01805	636	766	707	1956	1955	1784
IBPFAHIO_01806	201	259	255	509	530	542
IBPFAHIO_01807	78	99	102	178	197	186
IBPFAHIO_01808	695	804	716	1108	1085	1004
IBPFAHIO_01809	609	717	645	5231	5202	4552
IBPFAHIO_01810	560	679	607	415	472	364
IBPFAHIO_01811	68	104	96	409	347	317
IBPFAHIO_01812	255	243	269	1095	761	849
IBPFAHIO_01813	489	551	543	1442	992	1221
IBPFAHIO_01814	203	209	214	433	289	324
IBPFAHIO_01815	2642	2741	2972	4930	3089	3705
IBPFAHIO_01816	248	221	269	849	567	674
IBPFAHIO_01817	779	946	839	4307	3955	3947
IBPFAHIO_01818	556	818	727	1123	1288	1075
IBPFAHIO_01819	2636	2929	2633	3141	3109	2802
IBPFAHIO_01820	2393	2626	2372	277	245	203
IBPFAHIO_01821	915	1082	1051	84	107	103
IBPFAHIO_01822	1624	1964	1671	155	168	153
IBPFAHIO_01823	3984	4504	4227	8932	9207	8312
IBPFAHIO_01824	2187	2280	2382	9224	10301	9201
IBPFAHIO_01825	1715	1957	1877	6729	8168	6932
IBPFAHIO_01826	3854	4804	4144	10445	11625	10378
IBPFAHIO_01827	5639	6557	6720	701	626	545
IBPFAHIO_01828	4393	4596	4720	610	564	510
IBPFAHIO_01829	2999	3146	3526	562	541	515
IBPFAHIO_01830	2325	2323	2428	448	454	394
IBPFAHIO_01831	2321	2441	2587	704	545	474
IBPFAHIO_01832	4069	4128	4384	957	877	793
IBPFAHIO_01833	6359	6332	6825	1681	1592	1303
IBPFAHIO_01834	3258	3406	3663	886	764	746
IBPFAHIO_01835	5148	5160	5571	1725	1538	1457
IBPFAHIO_01836	4657	5171	4883	3166	3286	2775
IBPFAHIO_01837	0	0	0	1	0	1
IBPFAHIO_01838	3	1	2	19	18	16
IBPFAHIO_01839	554	599	557	582	547	528
IBPFAHIO_01840	361	355	332	512	569	486
IBPFAHIO_01841	1288	1459	1394	1543	1584	1462
IBPFAHIO_01842	182	192	211	304	287	270
IBPFAHIO_01843	84	88	103	266	246	195
IBPFAHIO_01844	23	46	36	1638	1979	1545
IBPFAHIO_01845	238	243	237	276	278	237
IBPFAHIO_01846	366	389	385	634	670	642
IBPFAHIO_01847	60	91	92	197	180	168
IBPFAHIO_01848	3520	3579	3515	2274	2147	1947
IBPFAHIO_01849	2717	3339	3171	1902	1839	1843
IBPFAHIO_01850	585	710	589	927	860	815
IBPFAHIO_01851	574	688	628	738	751	653
IBPFAHIO_01852	1978	2518	2068	2793	2571	2122
IBPFAHIO_01853	2091	2198	2198	1878	1921	1679
IBPFAHIO_01854	5769	6277	5557	4133	4003	3581
IBPFAHIO_01855	3691	4857	4313	8493	9653	9902
IBPFAHIO_01856	873	942	1024	511	513	451
IBPFAHIO_01857	293	364	338	1364	1413	1292
IBPFAHIO_01858	53	81	74	427	327	401
IBPFAHIO_01859	717	816	765	759	712	572
IBPFAHIO_01860	2278	2624	2593	969	985	803
IBPFAHIO_01861	3190	3504	3540	1450	1540	1246
IBPFAHIO_01862	212	248	233	90	84	96
IBPFAHIO_01863	9556	10139	8341	1312	1221	1026
IBPFAHIO_01864	3475	3686	3208	246	205	180
IBPFAHIO_01865	2693	2811	2452	152	143	151
IBPFAHIO_01866	413	492	421	1260	1164	1179
IBPFAHIO_01867	306	357	309	247	242	201
IBPFAHIO_01868	312	295	328	81	54	67
IBPFAHIO_01869	17	21	10	31	23	23
IBPFAHIO_01870	310	387	346	830	857	666
IBPFAHIO_01871	273	328	286	466	475	423
IBPFAHIO_01872	14	32	33	22	31	21
IBPFAHIO_01873	34	48	39	43	67	60
IBPFAHIO_01874	1109	1060	1073	88	77	79
IBPFAHIO_01875	647	685	679	231	208	196
IBPFAHIO_01876	196	212	218	68	61	71
IBPFAHIO_01877	106	110	89	54	60	47
IBPFAHIO_01878	82	94	75	51	46	44
IBPFAHIO_01879	102	134	103	95	78	62
IBPFAHIO_01880	6	11	11	11	5	7
IBPFAHIO_01881	57	70	68	105	82	91
IBPFAHIO_01882	3	12	14	7	9	6
IBPFAHIO_01883	2	3	3	7	4	3
IBPFAHIO_01884	17	24	28	35	29	21
IBPFAHIO_01885	0	5	4	13	10	12
IBPFAHIO_01886	1785	2185	1968	2285	2596	2136
IBPFAHIO_01887	1747	2050	1751	2277	2286	1992
IBPFAHIO_01888	1587	1962	1748	9957	11207	10951
IBPFAHIO_01889	1082	1287	1289	8979	7130	6698
IBPFAHIO_01890	7314	7900	7395	4863	4863	4345
IBPFAHIO_01891	2950	3583	3291	2466	2641	2339
IBPFAHIO_01892	655	769	751	2283	1927	1603
IBPFAHIO_01893	197	249	221	567	555	506
IBPFAHIO_01894	1370	1409	1323	3116	2949	2669
IBPFAHIO_01895	1201	1272	1216	2159	1745	1576
IBPFAHIO_01896	93	77	96	157	159	168
IBPFAHIO_01897	5607	6576	6188	6869	7396	6716
IBPFAHIO_01898	2253	2552	2411	2171	1887	1734
IBPFAHIO_01899	7557	8357	7502	7853	6799	6615
IBPFAHIO_01900	899	1011	994	3075	3117	2826
IBPFAHIO_01901	964	1032	983	1852	2083	1822
IBPFAHIO_01902	487	492	458	424	408	367
IBPFAHIO_01903	725	728	760	290	302	251
IBPFAHIO_01904	5323	6652	6313	5920	6460	5830
IBPFAHIO_01905	2279	2723	2711	105	107	98
IBPFAHIO_01906	3044	3254	3491	127	116	111
IBPFAHIO_01907	560	673	632	143	162	141
IBPFAHIO_01908	774	970	845	987	970	807
IBPFAHIO_01909	1111	1110	988	1369	1276	1237
IBPFAHIO_01910	6892	7615	6956	6101	5781	5494
IBPFAHIO_01911	539	612	542	1944	1712	1757
IBPFAHIO_01912	1618	1758	1671	803	948	803
IBPFAHIO_01913	162	197	180	1238	1394	1278
IBPFAHIO_01914	60	78	63	138	188	162
IBPFAHIO_01915	1345	1496	1451	1199	1317	1231
IBPFAHIO_01916	3915	4043	4011	9395	8692	7332
IBPFAHIO_01917	492	528	495	1257	1045	1004
IBPFAHIO_01918	1399	1456	1298	2866	2681	2395
IBPFAHIO_01919	341	392	393	2061	2352	2163
IBPFAHIO_01920	653	673	653	2380	2183	1818
IBPFAHIO_01921	2360	2610	2344	3356	3072	2965
IBPFAHIO_01922	1504	1848	1566	1951	2074	1898
IBPFAHIO_01923	6706	7267	6484	4518	4306	3860
IBPFAHIO_01924	3541	3893	3441	2142	2071	1942
IBPFAHIO_01925	2000	2291	2168	1750	1772	1441
IBPFAHIO_01926	8603	10793	9178	6190	6029	5141
IBPFAHIO_01927	1461	1786	1615	837	962	857
IBPFAHIO_01928	332	382	293	401	442	415
IBPFAHIO_01929	61	75	66	145	150	124
IBPFAHIO_01930	303	315	349	499	528	459
IBPFAHIO_01931	266	277	313	345	337	331
IBPFAHIO_01932	3	2	3	11	6	10
IBPFAHIO_01933	21	35	16	68	76	57
IBPFAHIO_01934	5	8	7	21	25	19
IBPFAHIO_01935	9	16	18	66	67	73
IBPFAHIO_01936	1154	1326	1120	2107	2230	1933
IBPFAHIO_01937	1514	1771	1458	2229	2134	2025
IBPFAHIO_01938	1216	1480	1371	1642	1845	1630
IBPFAHIO_01939	6203	6580	6015	6133	6207	5501
IBPFAHIO_01940	0	2	2	0	3	1
IBPFAHIO_01941	223	230	218	287	288	290
IBPFAHIO_01942	61	60	55	92	91	98
IBPFAHIO_01943	29	26	25	47	65	52
IBPFAHIO_01944	120	157	99	119	129	105
IBPFAHIO_01945	1939	2357	2044	14409	15807	13954
IBPFAHIO_01946	236	254	220	96	120	104
IBPFAHIO_01947	2025	2329	1945	1359	1218	1029
IBPFAHIO_01948	120	130	124	107	101	78
IBPFAHIO_01949	29	33	33	6	22	11
IBPFAHIO_01950	22	42	33	17	25	19
IBPFAHIO_01951	125	142	150	115	139	114
IBPFAHIO_01952	379	410	423	338	410	379
IBPFAHIO_01953	99	132	122	267	220	277
IBPFAHIO_01954	22	25	27	31	50	42
IBPFAHIO_01955	810	934	857	523	559	524
IBPFAHIO_01956	2749	3054	2780	1329	1449	1358
IBPFAHIO_01957	3067	3400	3724	966	1071	765
IBPFAHIO_01958	1	1	3	2	1	1
IBPFAHIO_01959	245	275	279	156	139	118
IBPFAHIO_01960	257	327	306	372	335	298
IBPFAHIO_01961	753	1029	890	508	577	483
IBPFAHIO_01962	936	1139	1009	629	561	507
IBPFAHIO_01963	350	363	350	134	150	128
IBPFAHIO_01964	88	121	122	3968	3650	3730
IBPFAHIO_01965	232	269	256	5348	5344	4862
IBPFAHIO_01966	409	469	408	6840	6385	5937
IBPFAHIO_01967	527	586	490	698	783	696
IBPFAHIO_01968	1235	1466	1167	1453	1446	1413
IBPFAHIO_01969	260	232	260	633	622	622
IBPFAHIO_01970	291	329	300	692	719	668
IBPFAHIO_01971	263	335	265	1107	1054	1046
IBPFAHIO_01972	1024	1203	1124	1614	1840	1609
IBPFAHIO_01973	98	131	111	92	87	89
IBPFAHIO_01974	4591	5001	4556	1012	924	858
IBPFAHIO_01975	601	704	760	3944	3770	3512
IBPFAHIO_01976	1405	1561	1491	5930	5212	4793
IBPFAHIO_01977	757	880	851	1547	1427	1379
IBPFAHIO_01978	43	54	45	113	88	95
IBPFAHIO_01979	23	28	20	45	42	33
IBPFAHIO_01980	76	72	60	123	133	142
IBPFAHIO_01981	91	102	102	125	164	118
IBPFAHIO_01982	1755	2150	1873	1707	1755	1526
IBPFAHIO_01983	3053	3374	2996	663	693	649
IBPFAHIO_01984	2265	2905	2553	189	152	150
IBPFAHIO_01985	1988	2107	2047	635	648	515
IBPFAHIO_01986	3542	4548	3799	4959	5003	4228
IBPFAHIO_01987	787	926	846	587	555	474
IBPFAHIO_01988	2291	2512	2543	815	775	721
IBPFAHIO_01989	1256	1339	1229	1197	1194	1117
IBPFAHIO_01990	77	90	88	98	97	92
IBPFAHIO_01991	170	187	190	301	261	265
IBPFAHIO_01992	540	607	595	864	695	639
IBPFAHIO_01993	611	705	634	1602	1363	1267
IBPFAHIO_01994	3640	4015	3745	4955	4703	4085
IBPFAHIO_01995	885	1080	956	1015	1071	933
IBPFAHIO_01996	1353	1710	1531	1685	1920	1721
IBPFAHIO_01997	79	99	82	181	242	194
IBPFAHIO_01998	1368	1610	1517	4426	4243	3732
IBPFAHIO_01999	2481	2857	2624	4822	4566	4179
IBPFAHIO_02000	1612	1815	1736	2607	2819	2659
IBPFAHIO_02001	311	323	338	1723	1730	1549
IBPFAHIO_02002	506	605	549	2561	2499	2350
IBPFAHIO_02003	172	197	164	546	539	465
IBPFAHIO_02004	515	566	507	1342	1129	1098
IBPFAHIO_02005	834	953	975	1493	1693	1400
IBPFAHIO_02006	3599	3991	3703	5276	4992	4493
IBPFAHIO_02007	640	733	622	529	536	494
IBPFAHIO_02008	2635	3107	2842	2718	2612	2404
IBPFAHIO_02009	433	512	465	551	580	563
IBPFAHIO_02010	1846	2046	1896	7127	7342	6576
IBPFAHIO_02011	314	394	383	539	417	331
IBPFAHIO_02012	856	984	864	779	618	577
IBPFAHIO_02013	1088	1269	1119	685	690	659
IBPFAHIO_02014	1215	1380	1232	1041	978	993
IBPFAHIO_02015	1046	1236	1018	630	625	573
IBPFAHIO_02016	2106	2368	2152	6613	6040	5325
IBPFAHIO_02017	60	45	65	38	35	28
IBPFAHIO_02018	105	122	119	112	158	114
IBPFAHIO_02019	1794	1899	1759	800	850	726
IBPFAHIO_02020	346	415	373	438	443	395
IBPFAHIO_02021	658	796	933	989	896	790
IBPFAHIO_02022	2890	3275	3036	1894	1872	1840
IBPFAHIO_02023	1295	1448	1316	1001	910	858
IBPFAHIO_02024	542	615	521	460	496	427
IBPFAHIO_02025	716	863	827	766	697	689
IBPFAHIO_02026	1220	1493	1295	1248	1215	1004
IBPFAHIO_02027	969	1192	1048	799	856	765
IBPFAHIO_02028	107	126	94	628	560	540
IBPFAHIO_02029	660	734	635	1544	1168	1080
IBPFAHIO_02030	435	491	450	732	614	610
IBPFAHIO_02031	546	665	599	1068	895	847
IBPFAHIO_02032	1227	1687	1444	2408	2184	1965
IBPFAHIO_02033	3184	3695	3315	8521	9057	7801
IBPFAHIO_02034	4542	4496	4770	181	161	138
IBPFAHIO_02035	1507	1648	1707	81	70	55
IBPFAHIO_02036	1401	1631	1792	133	152	108
IBPFAHIO_02037	268	281	317	136	128	115
IBPFAHIO_02038	123	134	123	291	312	277
IBPFAHIO_02039	63	83	59	256	231	234
IBPFAHIO_02040	53	81	68	263	227	177
IBPFAHIO_02041	261	281	280	439	571	522
IBPFAHIO_02042	10	17	5	67	76	68
IBPFAHIO_02043	54	61	71	178	209	172
IBPFAHIO_02044	17	21	16	37	41	49
IBPFAHIO_02045	332	407	338	560	522	479
IBPFAHIO_02046	828	1016	906	1831	1857	1705
IBPFAHIO_02047	1	2	2	4	3	5
IBPFAHIO_02048	6653	7656	8939	8984	8974	8103
IBPFAHIO_02049	38010	43671	47064	39846	40061	36832
IBPFAHIO_02050	220	284	257	359	354	360
IBPFAHIO_02051	1238	1391	1308	7893	7555	6917
IBPFAHIO_02052	33945	44015	37238	200965	220962	192351
IBPFAHIO_02053	3757	4128	4146	5933	5328	4414
IBPFAHIO_02054	1921	2160	2083	2972	2725	2324
IBPFAHIO_02055	5130	6063	5580	24373	30583	27103
IBPFAHIO_02056	17	13	15	10	15	7
IBPFAHIO_02057	31	45	28	31	23	19
IBPFAHIO_02058	53	73	72	32	36	41
IBPFAHIO_02059	131	146	162	82	72	70
IBPFAHIO_02060	2327	3022	2524	500	452	382
IBPFAHIO_02061	88	114	89	390	522	369
IBPFAHIO_02062	2	1	4	45	56	35
IBPFAHIO_02063	281	359	338	657	676	608
IBPFAHIO_02064	6362	7003	6296	2811	2871	2572
IBPFAHIO_02065	5329	6110	5848	2396	2221	1964
IBPFAHIO_02066	8157	9680	8695	2864	3038	2713
IBPFAHIO_02067	4260	4609	4327	8346	8167	7735
IBPFAHIO_02068	727	917	854	1288	1478	1315
IBPFAHIO_02069	2948	3215	2859	4733	4590	4234
IBPFAHIO_02070	3919	4227	3998	5621	5581	5010
IBPFAHIO_02071	1689	1991	1671	1508	1518	1560
IBPFAHIO_02072	1655	1823	1713	3395	3516	3379
IBPFAHIO_02073	4786	6202	5410	5661	5508	5373
IBPFAHIO_02074	928	1048	923	793	863	951
IBPFAHIO_02075	521	629	581	1315	1410	1252
IBPFAHIO_02076	1895	2130	1970	1119	1083	932
IBPFAHIO_02077	523	606	699	1539	1396	1364
IBPFAHIO_02078	5510	6041	6332	8617	8049	7579
IBPFAHIO_02079	1042	1206	1106	623	555	572
IBPFAHIO_02080	4883	5524	4970	2788	2767	2682
IBPFAHIO_02081	456	572	522	2587	3103	2583
IBPFAHIO_02082	856	1197	944	3177	3199	3039
IBPFAHIO_02083	327	412	329	1271	1512	1156
IBPFAHIO_02084	795	1045	784	2003	1995	1926
IBPFAHIO_02085	431	520	451	1248	1159	966
IBPFAHIO_02086	4111	4855	4331	3442	3485	3163
IBPFAHIO_02087	3339	4050	3530	2496	2192	2109
IBPFAHIO_02088	2650	2913	2513	2273	2291	2183
IBPFAHIO_02089	5376	5924	5319	4155	3995	3749
IBPFAHIO_02090	494	541	519	1675	1856	1640
IBPFAHIO_02091	64	74	62	187	229	198
IBPFAHIO_02092	886	1079	948	2603	2754	2596
IBPFAHIO_02094	49	60	50	191	214	208
IBPFAHIO_02095	512	562	614	5224	5195	4391
IBPFAHIO_02096	469	527	437	337	358	343
IBPFAHIO_02097	10269	11482	10544	64451	72431	61041
IBPFAHIO_02098	4308	4564	4344	21938	24243	21084
IBPFAHIO_02099	16457	17548	15774	70037	63769	57341
IBPFAHIO_02100	10375	11930	11456	7685	8057	7142
IBPFAHIO_02101	11015	11695	10528	5305	5355	4883
IBPFAHIO_02102	32078	34064	31679	12589	13063	11109
IBPFAHIO_02103	7396	8435	8007	5445	5215	4995
IBPFAHIO_02104	6072	7548	6612	5492	5359	5440
IBPFAHIO_02105	630	709	633	398	400	440
IBPFAHIO_02106	549	587	592	836	735	707
IBPFAHIO_02107	9371	10589	9935	6536	6534	5594
IBPFAHIO_02108	17417	19009	18639	10363	11461	9550
IBPFAHIO_02109	4392	5993	5286	3260	3930	3564
IBPFAHIO_02110	2594	3002	2808	1810	1726	1657
IBPFAHIO_02111	4089	4432	4086	2695	2675	2552
IBPFAHIO_02112	400	404	341	371	374	393
IBPFAHIO_02113	2069	2399	2085	1909	1882	1804
IBPFAHIO_02114	2583	2893	2525	2280	2413	2185
IBPFAHIO_02115	1628	1834	1428	1697	1617	1520
IBPFAHIO_02116	9989	11372	10289	8894	8822	7920
IBPFAHIO_02117	103	120	111	85	66	72
IBPFAHIO_02118	883	997	1004	512	586	494
IBPFAHIO_02119	81	114	110	122	115	124
IBPFAHIO_02120	3514	4344	3749	3729	3309	3071
IBPFAHIO_02121	7542	9078	9223	7133	6906	6043
IBPFAHIO_02122	1595	1843	1708	941	1129	1017
IBPFAHIO_02123	6191	6903	6654	14259	12742	11052
IBPFAHIO_02124	2332	2781	2419	5147	5037	4532
IBPFAHIO_02125	1562	1863	1552	4276	4327	3841
IBPFAHIO_02126	1900	2164	1900	3742	3231	3055
IBPFAHIO_02127	4842	5638	4788	7601	8033	7534
IBPFAHIO_02128	14078	16913	15276	29201	27610	24420
IBPFAHIO_02129	14708	16248	15128	21037	18934	18304
IBPFAHIO_02130	5327	5883	5505	4533	4141	4015
IBPFAHIO_02131	11206	13048	11860	9847	9867	8295
IBPFAHIO_02132	16686	19406	18156	15804	15313	13138
IBPFAHIO_02133	18158	19008	16735	18441	18875	15680
IBPFAHIO_02134	2369	2891	2580	13826	14028	12968
IBPFAHIO_02135	2806	3294	3077	6278	6287	5749
IBPFAHIO_02136	549	615	536	1556	1730	1793
IBPFAHIO_02137	305	340	309	342	297	288
IBPFAHIO_02138	1257	1404	1291	1660	1948	1792
IBPFAHIO_02139	1804	2160	1989	2328	2482	2364
IBPFAHIO_02140	2632	2929	2710	3522	3585	3150
IBPFAHIO_02141	3233	3883	3586	2206	2313	1904
IBPFAHIO_02142	2762	2779	3372	80	80	66
IBPFAHIO_02143	4272	5067	6084	129	146	95
IBPFAHIO_02144	5588	6176	8371	191	180	146
IBPFAHIO_02145	174	167	209	7	5	2
IBPFAHIO_02146	54	40	53	2	1	1
IBPFAHIO_02147	53	60	67	6	4	4
IBPFAHIO_02148	439	539	513	326	296	238
IBPFAHIO_02149	1188	1929	1491	259	297	320
IBPFAHIO_02151	783	1002	863	560	619	564
IBPFAHIO_02152	170	233	228	134	146	133
IBPFAHIO_02153	598	782	679	670	711	641
IBPFAHIO_02154	580	761	607	1165	1104	1001
IBPFAHIO_02155	210	249	211	375	361	325
IBPFAHIO_02156	379	421	394	458	473	443
IBPFAHIO_02157	855	1055	973	1140	1335	1220
IBPFAHIO_02158	1825	2220	1960	104	126	113
IBPFAHIO_02159	166	248	179	12	17	16
IBPFAHIO_02160	286	427	294	42	36	35
IBPFAHIO_02161	114	119	124	13	5	11
IBPFAHIO_02162	935	1216	1103	206	202	199
IBPFAHIO_02163	955	1174	1044	139	137	119
IBPFAHIO_02164	312	379	314	39	57	31
IBPFAHIO_02165	0	0	0	0	0	0
IBPFAHIO_02166	489	569	485	72	77	84
IBPFAHIO_02167	138	150	196	23	24	11
IBPFAHIO_02168	15	15	35	6	4	3
IBPFAHIO_02169	41	41	36	7	7	6
IBPFAHIO_02170	164	168	168	38	32	22
IBPFAHIO_02171	55	83	56	13	15	9
IBPFAHIO_02172	155	186	171	28	36	16
IBPFAHIO_02173	71	86	64	16	13	17
IBPFAHIO_02174	0	0	0	0	0	0
IBPFAHIO_02175	1	0	1	0	0	0
IBPFAHIO_02176	0	0	0	0	0	0
IBPFAHIO_02177	0	0	0	0	0	0
IBPFAHIO_02178	0	0	0	0	0	0
IBPFAHIO_02179	0	0	0	0	0	0
IBPFAHIO_02180	9	15	21	18	29	22
IBPFAHIO_02181	63	76	79	6	5	2
IBPFAHIO_02182	74	69	67	17	15	14
IBPFAHIO_02183	56	80	90	23	30	13
IBPFAHIO_02184	54	55	54	15	8	13
IBPFAHIO_02185	404	524	469	94	117	102
IBPFAHIO_02186	268	347	273	31	34	28
IBPFAHIO_02187	201	189	155	3	1	5
IBPFAHIO_02188	395	464	379	48	49	41
IBPFAHIO_02189	328	342	338	13	16	18
IBPFAHIO_02190	89	130	105	2	4	2
IBPFAHIO_02191	39	41	32	2	0	1
IBPFAHIO_02192	13	17	11	0	0	0
IBPFAHIO_02193	126	165	142	5	6	9
IBPFAHIO_02194	299	328	312	23	12	20
IBPFAHIO_02195	51	62	59	2	1	2
IBPFAHIO_02196	976	1224	1054	82	73	94
IBPFAHIO_02197	0	0	0	1	0	0
IBPFAHIO_02198	69	81	72	14	11	8
IBPFAHIO_02199	216	291	260	73	65	85
IBPFAHIO_02200	399	436	431	144	203	137
IBPFAHIO_02201	211	225	182	96	97	77
IBPFAHIO_02202	0	0	0	0	0	0
IBPFAHIO_02203	0	0	0	0	0	0
IBPFAHIO_02204	0	0	0	0	0	0
IBPFAHIO_02205	0	0	0	0	0	0
IBPFAHIO_02206	0	0	0	0	0	0
IBPFAHIO_02208	0	0	0	0	0	0
IBPFAHIO_02209	0	0	0	0	0	0
IBPFAHIO_02210	0	0	0	0	0	0
IBPFAHIO_02211	0	0	0	0	0	0
IBPFAHIO_02212	0	0	0	0	0	0
IBPFAHIO_02213	0	0	0	0	0	0
IBPFAHIO_02214	25	33	31	46	45	31
IBPFAHIO_02215	82	64	83	70	78	81
IBPFAHIO_02216	0	0	1	0	1	0
IBPFAHIO_02217	33	53	29	31	21	25
IBPFAHIO_02218	485	563	470	221	219	222
IBPFAHIO_02219	471	537	444	421	484	409
IBPFAHIO_02220	425	521	421	440	403	385
IBPFAHIO_02221	3429	4283	3471	5912	5792	5373
IBPFAHIO_02222	5100	5983	5121	5652	5114	4544
IBPFAHIO_02223	365	412	400	327	285	260
IBPFAHIO_02224	43	38	42	58	51	41
IBPFAHIO_02225	26	35	32	39	29	26
IBPFAHIO_02226	42	53	40	49	57	46
IBPFAHIO_02227	35	38	39	36	33	25
IBPFAHIO_02228	8	22	18	13	23	16
IBPFAHIO_02229	204	222	210	194	180	149
IBPFAHIO_02230	143	189	144	123	131	147
IBPFAHIO_02231	683	840	785	924	897	831
IBPFAHIO_02232	223	215	217	147	141	155
IBPFAHIO_02233	18	26	21	46	34	39
IBPFAHIO_02234	4	3	2	3	8	1
IBPFAHIO_02235	33	41	43	51	47	31
IBPFAHIO_02236	283	303	288	271	219	195
IBPFAHIO_02237	1140	1288	1210	1683	936	890
IBPFAHIO_02238	800	945	781	1355	1166	1232
IBPFAHIO_02239	94	92	92	66	53	50
IBPFAHIO_02240	1004	1093	1082	1070	917	846
IBPFAHIO_02241	1223	1365	1241	769	955	772
IBPFAHIO_02242	2969	3274	3162	1730	1615	1486
IBPFAHIO_02243	1138	1492	1293	3886	4491	3833
IBPFAHIO_02244	137	169	181	116	133	119
IBPFAHIO_02245	134	130	159	511	488	474
IBPFAHIO_02246	386	470	401	922	977	996
IBPFAHIO_02247	22	25	24	37	23	33
IBPFAHIO_02248	796	916	818	1546	1469	1262
IBPFAHIO_02249	4258	4808	4477	2912	2827	2542
IBPFAHIO_02250	556	667	579	611	594	542
IBPFAHIO_02251	3629	4579	3984	4499	4527	4185
IBPFAHIO_02252	90	113	106	49	53	56
IBPFAHIO_02253	302	357	296	238	263	219
IBPFAHIO_02254	177	221	175	223	221	207
IBPFAHIO_02255	95	105	84	108	99	93
IBPFAHIO_02256	12	17	15	49	66	55
IBPFAHIO_02257	11	12	13	41	35	28
IBPFAHIO_02258	22	31	43	4	8	12
IBPFAHIO_02259	5	1	2	2	0	4
IBPFAHIO_02260	17	20	12	36	31	35
IBPFAHIO_02261	1013	1167	1066	1743	1794	1619
IBPFAHIO_02262	1183	1421	1361	3246	3406	3207
IBPFAHIO_02263	737	826	744	601	567	513
IBPFAHIO_02264	625	650	578	412	420	401
IBPFAHIO_02265	3103	3433	3129	2032	2053	1823
IBPFAHIO_02266	3108	3419	3110	2303	2593	2293
IBPFAHIO_02267	569	620	565	495	512	482
IBPFAHIO_02268	77	106	81	69	81	92
IBPFAHIO_02269	1660	2161	2065	1632	1694	1537
IBPFAHIO_02270	30	19	25	44	35	36
IBPFAHIO_02271	57	67	68	64	54	76
IBPFAHIO_02272	634	764	666	2277	2436	2329
IBPFAHIO_02273	2631	3026	2639	6649	6588	5657
IBPFAHIO_02274	347	413	361	1668	1500	1473
IBPFAHIO_02275	643	751	594	2809	2725	2547
IBPFAHIO_02276	127	205	129	243	321	371
IBPFAHIO_02277	7413	9049	8261	6039	5520	4941
IBPFAHIO_02278	6729	7488	6789	1698	2003	1589
IBPFAHIO_02279	4741	5573	5044	3403	3299	2937
IBPFAHIO_02280	1277	1776	1524	353	404	379
IBPFAHIO_02282	1722	2247	2026	483	540	498
IBPFAHIO_02283	27	51	37	146	163	155
IBPFAHIO_02284	363	506	458	270	322	218
IBPFAHIO_02285	2425	2810	2439	6898	7168	6052
IBPFAHIO_02286	371	478	438	296	279	281
IBPFAHIO_02287	121	130	124	266	309	263
IBPFAHIO_02288	103	152	100	225	235	229
IBPFAHIO_02289	381	433	408	888	950	856
IBPFAHIO_02290	1965	2034	1993	1831	1736	1481
IBPFAHIO_02291	4576	5070	4580	7599	6732	6264
IBPFAHIO_02292	1240	1372	1427	3563	3749	3356
IBPFAHIO_02293	3679	4719	4306	455	433	411
IBPFAHIO_02294	415	404	401	221	260	198
IBPFAHIO_02295	127078	145993	130611	1148	921	782
IBPFAHIO_02296	6907	7552	6987	88	91	86
IBPFAHIO_02297	10929	14073	12485	129	111	95
IBPFAHIO_02298	9807	12442	10493	151	144	152
IBPFAHIO_02299	20220	24406	21047	417	368	363
IBPFAHIO_02300	18102	21186	17645	401	357	336
IBPFAHIO_02301	24650	29513	25038	587	560	467
IBPFAHIO_02302	3981	5062	4552	2265	2300	2133
IBPFAHIO_02303	226	435	396	202	342	288
IBPFAHIO_02304	11027	12397	11223	20687	20009	18408
IBPFAHIO_02305	524	639	627	519	474	527
IBPFAHIO_02306	1213	1454	1316	2300	1978	1981
IBPFAHIO_02307	600	620	601	1187	1391	1248
IBPFAHIO_02308	683	671	593	1149	1069	1020
IBPFAHIO_02309	1312	1494	1337	2653	2739	2458
IBPFAHIO_02310	15250	19804	18771	467	440	309
IBPFAHIO_02311	1881	2253	2254	464	501	462
IBPFAHIO_02312	622	682	657	158	159	145
IBPFAHIO_02313	158368	159346	162973	13198	12793	11027
IBPFAHIO_02314	1876	2083	1878	1981	1893	1821
IBPFAHIO_02315	1649	1951	1757	2129	2385	2203
IBPFAHIO_02316	35	44	41	12	13	16
IBPFAHIO_02317	93	125	107	120	132	110
IBPFAHIO_02318	25	22	39	0	3	4
IBPFAHIO_02319	27	36	50	11	5	5
IBPFAHIO_02320	19	16	15	2	9	10
IBPFAHIO_02321	11	8	12	10	20	11
IBPFAHIO_02322	11	27	13	58	51	33
IBPFAHIO_02323	44	44	23	64	73	61
IBPFAHIO_02324	2030	2389	2107	3123	3063	2779
IBPFAHIO_02325	4	12	4	2	3	4
IBPFAHIO_02326	2713	2898	2691	3546	3115	2823
IBPFAHIO_02327	458	492	500	702	697	618
IBPFAHIO_02328	11	10	8	106	113	91
IBPFAHIO_02329	6022	7051	6419	10279	9862	8741
IBPFAHIO_02330	3511	4271	3650	6646	5839	5382
IBPFAHIO_02331	16393	16127	14826	2536	2312	2513
IBPFAHIO_02332	15	18	16	24	26	21
IBPFAHIO_02333	16	7	17	26	37	24
IBPFAHIO_02334	13811	15146	14359	13203	12566	11195
IBPFAHIO_02335	77	70	81	89	98	90
IBPFAHIO_02336	1256	1257	1266	1335	1285	1055
IBPFAHIO_02337	1191	1272	1238	1292	1142	1016
IBPFAHIO_02338	1790	1983	1738	1754	1721	1486
IBPFAHIO_02339	2693	3139	2830	4563	4691	4298
IBPFAHIO_02340	5396	6095	5673	5468	5567	5379
IBPFAHIO_02341	24	32	42	156	128	156
IBPFAHIO_02342	16	19	19	95	107	106
IBPFAHIO_02343	471	542	443	1972	1875	1759
IBPFAHIO_02344	4549	5613	4599	1033	914	1074
IBPFAHIO_02345	270	389	327	238	275	251
IBPFAHIO_02346	468	535	425	1030	1062	969
IBPFAHIO_02347	117	121	135	45	31	59
IBPFAHIO_02348	1069	1117	1116	1124	1062	952
IBPFAHIO_02349	1576	1857	1602	2703	2627	2530
IBPFAHIO_02350	2482	2799	2690	2796	2810	2621
IBPFAHIO_02351	731	841	772	933	982	944
IBPFAHIO_02352	1012	1152	998	495	470	427
IBPFAHIO_02353	954	1091	1045	559	528	527
IBPFAHIO_02354	3803	4239	4008	8053	6827	5946
IBPFAHIO_02355	1047	1338	1119	1091	1158	1023
IBPFAHIO_02356	459	555	469	934	853	860
IBPFAHIO_02357	9338	10994	9306	2091	2013	1925
IBPFAHIO_02359	1	5	0	3	0	0
IBPFAHIO_02360	2	4	4	0	1	0
IBPFAHIO_02361	708	917	750	116	126	136
IBPFAHIO_02362	153	164	171	67	84	76
IBPFAHIO_02365	567	611	544	165	142	143
IBPFAHIO_02366	9746	12249	10888	2045	2038	1732
IBPFAHIO_02367	606	650	635	395	354	313
IBPFAHIO_02368	1028	1126	1138	1018	989	900
IBPFAHIO_02369	683	774	807	2063	1905	1745
IBPFAHIO_02370	1697	2130	1782	817	812	770
IBPFAHIO_02371	1890	2134	1935	980	787	817
IBPFAHIO_02372	1382	1679	1530	894	945	788
IBPFAHIO_02373	19252	21022	19757	32174	32228	30034
IBPFAHIO_02374	833	929	934	2634	2797	2432
IBPFAHIO_02375	297	414	345	707	734	670
IBPFAHIO_02376	1803	1982	1779	3166	3048	2577
IBPFAHIO_02377	557	777	630	129	135	137
IBPFAHIO_02378	8514	9801	8480	19485	19671	17497
IBPFAHIO_02379	2383	2621	2238	2529	2660	2292
IBPFAHIO_02380	1323	1551	1299	1039	993	900
IBPFAHIO_02381	80	104	94	360	341	305
IBPFAHIO_02382	24357	30708	28547	37105	37582	33474
IBPFAHIO_02383	8396	9240	8783	12170	12940	11619
IBPFAHIO_02384	1089	1433	1297	2037	2597	2371
IBPFAHIO_02385	1278	1516	1479	1911	1796	1829
IBPFAHIO_02386	2026	2257	2217	2947	3066	2652
IBPFAHIO_02387	708	780	797	586	507	485
IBPFAHIO_02388	670	720	608	569	649	543
IBPFAHIO_02389	1685	1979	1934	4169	4394	3990
IBPFAHIO_02390	599	775	673	1241	1351	1330
IBPFAHIO_02391	630	809	715	1052	979	875
IBPFAHIO_02392	1205	1338	1201	1229	1260	1111
IBPFAHIO_02393	2531	2821	2500	1712	1660	1480
IBPFAHIO_02394	25	13	17	17	13	9
IBPFAHIO_02395	310	361	349	96	61	62
IBPFAHIO_02396	665	790	744	391	402	325
IBPFAHIO_02397	63	75	72	75	68	55
IBPFAHIO_02398	29	20	28	23	10	18
IBPFAHIO_02399	10	15	19	14	28	18
IBPFAHIO_02400	14	14	16	28	24	22
IBPFAHIO_02401	112	106	91	93	113	79
IBPFAHIO_02402	117	115	108	97	94	100
IBPFAHIO_02403	173	239	221	164	156	125
IBPFAHIO_02404	4155	4717	4367	3092	3308	2768
IBPFAHIO_02405	3233	3476	3299	3398	3526	3083
IBPFAHIO_02406	300	413	331	75	75	93
IBPFAHIO_02407	59	61	52	84	71	81
IBPFAHIO_02408	77	80	74	101	138	114
IBPFAHIO_02409	5	8	6	10	16	23
IBPFAHIO_02410	123	183	138	181	193	162
IBPFAHIO_02411	362	410	333	367	395	361
IBPFAHIO_02412	309	400	341	197	209	232
IBPFAHIO_02413	685	839	802	551	551	490
IBPFAHIO_02415	947	1031	948	3263	3340	2953
IBPFAHIO_02416	6258	6480	6041	2576	2473	2374
IBPFAHIO_02417	10815	11785	11381	5083	4398	3920
IBPFAHIO_02418	16755	18564	17447	7405	6766	5837
IBPFAHIO_02419	1809	2233	2070	1548	1515	1465
IBPFAHIO_02420	652	826	766	883	841	838
IBPFAHIO_02421	2	3	5	10	13	4
IBPFAHIO_02422	5	6	6	11	13	10
IBPFAHIO_02423	0	2	0	2	0	2
IBPFAHIO_02424	7	8	6	7	5	18
IBPFAHIO_02425	1	1	1	7	4	4
IBPFAHIO_02426	4	4	4	19	11	10
IBPFAHIO_02427	22	23	39	68	61	48
IBPFAHIO_02428	118	123	111	174	178	154
IBPFAHIO_02429	27	29	27	64	55	63
IBPFAHIO_02430	26	32	36	43	52	44
IBPFAHIO_02431	0	1	1	3	3	4
IBPFAHIO_02432	5	9	1	23	19	21
IBPFAHIO_02433	0	1	5	4	7	1
IBPFAHIO_02434	17	22	18	52	45	50
IBPFAHIO_02435	106	115	102	317	295	272
IBPFAHIO_02436	28	50	37	97	115	119
IBPFAHIO_02437	3	5	3	4	6	7
IBPFAHIO_02438	1653	2061	1882	2921	2924	2677
IBPFAHIO_02439	210	288	244	198	195	158
IBPFAHIO_02440	621	703	566	365	308	283
IBPFAHIO_02441	33	45	38	40	37	36
IBPFAHIO_02442	38	41	50	33	32	49
IBPFAHIO_02443	362	457	379	190	227	182
IBPFAHIO_02444	227	213	342	172	183	141
IBPFAHIO_02445	10	17	13	6	6	4
IBPFAHIO_02446	10	5	7	12	17	12
IBPFAHIO_02447	2	5	7	9	10	8
IBPFAHIO_02448	168	182	200	271	283	234
IBPFAHIO_02449	510	607	554	391	437	391
IBPFAHIO_02450	325	374	325	339	339	329
IBPFAHIO_02451	312	320	318	495	446	376
IBPFAHIO_02452	381	432	361	379	401	323
IBPFAHIO_02453	399	441	415	857	780	740
IBPFAHIO_02454	98	113	121	114	119	122
IBPFAHIO_02455	482	544	489	691	665	585
IBPFAHIO_02456	506	578	486	1231	1407	1306
IBPFAHIO_02457	415	542	453	705	711	666
IBPFAHIO_02458	10357	11457	10414	13689	13077	11514
IBPFAHIO_02459	1758	2088	1921	2117	2054	1921
IBPFAHIO_02460	2166	2371	2197	2152	2308	1991
IBPFAHIO_02461	2564	2916	2625	2129	1964	1867
IBPFAHIO_02462	5563	6547	6135	3175	3272	2915
IBPFAHIO_02463	1743	1925	1944	2070	2091	1900
IBPFAHIO_02464	1497	1613	1600	1143	1265	1170
IBPFAHIO_02465	1302	1540	1347	1888	1633	1499
IBPFAHIO_02466	6749	7527	6699	8127	7929	7012
IBPFAHIO_02467	760	898	819	811	723	793
IBPFAHIO_02468	1758	1951	1787	1790	1917	1736
IBPFAHIO_02469	5388	5844	5474	4952	4404	3982
IBPFAHIO_02470	1389	1536	1396	1382	1297	1184
IBPFAHIO_02471	8969	10317	9498	11457	10280	9397
IBPFAHIO_02472	12259	13707	12546	12366	10979	9675
IBPFAHIO_02473	6897	7390	6929	5933	5306	5076
IBPFAHIO_02474	5196	5980	5432	6364	5116	5071
IBPFAHIO_02475	56	75	75	180	181	191
IBPFAHIO_02476	24	28	35	163	148	131
IBPFAHIO_02477	89	106	99	208	188	167
IBPFAHIO_02478	4270	5798	5190	1759	1820	1753
IBPFAHIO_02479	333	362	356	364	297	284
IBPFAHIO_02480	1146	1286	1223	2284	2169	1812
IBPFAHIO_02481	1411	1581	1519	1727	1743	1515
IBPFAHIO_02482	152	186	197	420	412	366
IBPFAHIO_02483	456	483	444	602	527	508
IBPFAHIO_02484	7096	8118	7149	20964	18409	17358
IBPFAHIO_02485	137	160	145	100	87	88
IBPFAHIO_02486	350	424	361	265	325	254
IBPFAHIO_02487	488	604	517	382	423	384
IBPFAHIO_02489	2457	2825	2523	632	715	662
IBPFAHIO_02490	1731	2166	2246	7541	7244	6982
IBPFAHIO_02491	51775	63274	59193	148595	175511	165093
IBPFAHIO_02492	32345	38052	35434	68739	64721	59887
IBPFAHIO_02493	20558	22059	21459	71573	67678	57757
IBPFAHIO_02494	45540	53275	48612	108055	107542	103469
IBPFAHIO_02495	1	2	0	0	1	0
IBPFAHIO_02496	0	1	0	0	0	1
IBPFAHIO_02497	2	4	5	5	3	5
IBPFAHIO_02498	2142	2345	2236	1285	1349	1180
IBPFAHIO_02499	1421	1915	1709	3416	2563	2644
IBPFAHIO_02500	5055	5472	5213	10299	8196	7633
IBPFAHIO_02501	1393	1519	1348	1035	1010	920
IBPFAHIO_02502	1555	1674	1485	765	913	773
IBPFAHIO_02503	1925	2514	2205	1561	1746	1805
IBPFAHIO_02504	1021	1090	1066	785	804	685
IBPFAHIO_02505	8700	9817	9048	7587	7153	6155
IBPFAHIO_02506	1086	1407	1212	1078	1193	1113
IBPFAHIO_02507	4252	5125	4657	5706	5819	5654
IBPFAHIO_02508	1366	1489	1363	1878	1879	1720
IBPFAHIO_02509	3222	3464	3124	5222	4670	4538
IBPFAHIO_02510	2383	2769	2190	3155	3236	3212
IBPFAHIO_02511	15738	17940	15812	19186	19705	17583
IBPFAHIO_02512	8148	9873	8189	13509	14261	11380
IBPFAHIO_02513	13023	14511	12853	16174	17208	15900
IBPFAHIO_02514	7271	7458	6783	7196	6950	5925
IBPFAHIO_02515	1459	1576	1509	1315	1138	1220
IBPFAHIO_02516	14643	15715	15609	15784	16590	14911
IBPFAHIO_02517	772	764	831	832	676	660
IBPFAHIO_02518	501	515	561	453	431	407
IBPFAHIO_02519	406	466	447	410	320	313
IBPFAHIO_02520	149	185	153	168	162	126
IBPFAHIO_02521	146	175	169	632	511	564
IBPFAHIO_02524	4359	6047	5872	1025	1228	1074
IBPFAHIO_02525	852	1060	937	760	732	717
IBPFAHIO_02526	615	693	605	464	545	490
IBPFAHIO_02527	119	149	133	155	142	134
IBPFAHIO_02528	427	555	576	404	413	386
IBPFAHIO_02529	32	31	34	89	99	76
IBPFAHIO_02530	37	37	41	91	113	108
IBPFAHIO_02531	35518	41754	39743	7980	8825	7289
IBPFAHIO_02532	18151	20652	18637	15428	14734	13145
IBPFAHIO_02533	2183	2364	2158	3405	3021	2772
IBPFAHIO_02534	4133	4967	4522	3737	3389	3040
IBPFAHIO_02535	5968	6145	5592	3265	3319	3110
IBPFAHIO_02536	1450	1722	1589	1299	1294	1179
IBPFAHIO_02537	1360	1500	1266	1175	1139	981
IBPFAHIO_02538	2640	3106	2836	1454	1391	1263
IBPFAHIO_02539	2025	2135	1963	911	819	760
IBPFAHIO_02540	3783	4631	4078	2134	2143	2045
IBPFAHIO_02541	3070	3505	3121	2058	1924	1790
IBPFAHIO_02542	4492	5201	4728	2523	3082	2744
IBPFAHIO_02543	164	215	203	250	235	232
IBPFAHIO_02544	36	66	49	104	99	110
IBPFAHIO_02545	9692	10689	9915	8178	8070	7822
IBPFAHIO_02546	1819	2285	2253	1623	1635	1488
IBPFAHIO_02547	220	239	233	163	158	163
IBPFAHIO_02548	0	0	0	1	1	3
IBPFAHIO_02549	2397	2408	2304	2219	2047	1689
IBPFAHIO_02550	1203	1481	1380	1265	1366	1212
IBPFAHIO_02551	6214	7054	6458	4511	4295	3887
IBPFAHIO_02552	7925	8673	7991	5282	5310	4696
IBPFAHIO_02553	1561	1804	1678	752	766	705
IBPFAHIO_02554	15482	17256	16396	5816	5665	4803
IBPFAHIO_02555	3667	4378	3776	4139	4097	3964
IBPFAHIO_02556	8906	10296	9449	14208	14252	13096
IBPFAHIO_02557	16386	19283	17844	9092	9358	8289
IBPFAHIO_02558	469	540	445	3621	3668	3269
IBPFAHIO_02559	1	0	0	1	1	1
IBPFAHIO_02560	360	441	444	444	518	491
IBPFAHIO_02561	2220	2547	2410	3993	5163	4087
IBPFAHIO_02562	1233	1318	1348	1794	1587	1529
IBPFAHIO_02563	2949	3374	3180	1011	948	882
IBPFAHIO_02564	2857	3362	3089	1011	1004	903
IBPFAHIO_02565	50	37	44	28	19	17
IBPFAHIO_02566	77	88	113	125	138	104
IBPFAHIO_02567	73	88	85	93	131	111
IBPFAHIO_02568	800	954	845	233	205	184
IBPFAHIO_02569	728	790	692	343	358	299
IBPFAHIO_02570	2913	3151	3104	4497	4183	3897
IBPFAHIO_02571	7900	8343	8133	14339	13223	11244
IBPFAHIO_02572	207	259	222	444	447	453
IBPFAHIO_02573	473	572	561	613	656	620
IBPFAHIO_02574	212	197	234	662	600	539
IBPFAHIO_02575	37858	48615	41945	46776	51597	47625
IBPFAHIO_02576	31997	32350	31505	32704	33510	31676
IBPFAHIO_02577	142	167	186	197	204	179
IBPFAHIO_02578	2914	3168	2782	2557	2408	2091
IBPFAHIO_02579	9264	9993	8996	8094	8259	7105
IBPFAHIO_02580	1594	1836	1732	1319	1352	1253
IBPFAHIO_02581	872	881	877	901	771	752
IBPFAHIO_02582	5484	6198	5501	6587	6245	5350
IBPFAHIO_02583	622	764	633	988	999	845
IBPFAHIO_02584	245	276	276	3023	3057	2702
IBPFAHIO_02585	2494	3030	2527	12688	12798	11451
IBPFAHIO_02586	364	432	365	1258	1245	1201
IBPFAHIO_02587	1248	1537	1308	3314	3422	2843
IBPFAHIO_02588	903	1087	989	2058	2128	1896
IBPFAHIO_02589	740	803	796	1595	1381	1257
IBPFAHIO_02590	343	395	327	1190	1276	1083
IBPFAHIO_02591	759	867	800	2296	2162	1985
IBPFAHIO_02592	502	602	522	1399	1123	1003
IBPFAHIO_02593	464	528	447	1040	1061	864
IBPFAHIO_02594	1326	1558	1271	2818	2640	2448
IBPFAHIO_02595	739	788	718	1555	1674	1394
IBPFAHIO_02596	451	463	396	1480	1516	1265
IBPFAHIO_02597	149	190	161	682	777	604
IBPFAHIO_02598	334	400	370	1302	1246	1073
IBPFAHIO_02599	258	289	227	763	701	671
IBPFAHIO_02600	390	527	420	1169	1197	1005
IBPFAHIO_02601	271	363	321	681	586	539
IBPFAHIO_02602	220	236	224	677	531	494
IBPFAHIO_02603	461	575	545	908	845	791
IBPFAHIO_02604	5	15	15	12	13	20
IBPFAHIO_02605	333	371	318	788	718	658
IBPFAHIO_02606	719	763	729	1225	1567	1239
IBPFAHIO_02607	29	47	44	16	10	9
IBPFAHIO_02608	40	54	67	13	9	10
IBPFAHIO_02609	25	28	30	17	23	13
IBPFAHIO_02610	6	6	6	4	5	8
IBPFAHIO_02611	14	21	12	18	21	21
IBPFAHIO_02612	1150	1322	1250	5820	5912	5794
IBPFAHIO_02613	2463	2819	2521	432	336	314
IBPFAHIO_02614	1033	1200	939	882	698	648
IBPFAHIO_02615	7626	8516	8172	2833	2675	2507
IBPFAHIO_02616	5049	5852	5362	5171	5142	4508
IBPFAHIO_02617	234	230	240	644	514	515
IBPFAHIO_02618	1449	1704	1548	1215	1310	1141
IBPFAHIO_02619	2669	3385	2967	7502	7463	6834
IBPFAHIO_02620	49	69	58	28	49	42
IBPFAHIO_02621	10289	11335	10400	2094	1942	1524
IBPFAHIO_02622	23	40	30	39	48	44
IBPFAHIO_02623	81	58	91	109	58	97
IBPFAHIO_02624	8051	10078	9543	15639	13319	15168
IBPFAHIO_02625	1856	2074	1892	3233	3311	2982
IBPFAHIO_02626	1038	1127	1038	1762	1315	1290
IBPFAHIO_02627	3933	4181	3821	6868	6287	5735
IBPFAHIO_02628	5086	6380	5305	8937	9057	8552
IBPFAHIO_02629	454	524	513	473	444	396
IBPFAHIO_02630	334	376	387	305	282	286
IBPFAHIO_02631	116	152	137	99	78	81
IBPFAHIO_02632	1449	1628	1482	1118	1025	965
IBPFAHIO_02633	3154	4150	3431	8560	9250	8885
IBPFAHIO_02634	2	1	0	2	0	3
IBPFAHIO_02635	91	112	92	26	31	28
IBPFAHIO_02636	234	267	269	391	411	314
IBPFAHIO_02637	135	133	122	125	131	93
IBPFAHIO_02638	1605	1745	1716	1616	1760	1492
IBPFAHIO_02639	2870	3433	3083	1962	2212	1977
IBPFAHIO_02640	42	52	53	37	23	39
IBPFAHIO_02641	149	137	119	88	89	89
IBPFAHIO_02642	39	37	29	11	12	14
IBPFAHIO_02643	12	16	16	4	7	7
IBPFAHIO_02644	111	86	95	24	31	35
IBPFAHIO_02645	39	48	69	40	30	34
IBPFAHIO_02646	20	24	25	16	23	18
IBPFAHIO_02647	1769	2301	2001	1960	2024	1826
IBPFAHIO_02648	55	75	76	107	99	90
IBPFAHIO_02649	57	68	76	97	149	111
IBPFAHIO_02650	0	1	0	0	3	1
IBPFAHIO_02651	0	0	0	0	0	1
IBPFAHIO_02652	1	4	0	2	2	1
IBPFAHIO_02653	0	0	0	1	0	0
IBPFAHIO_02654	1	3	0	0	0	1
IBPFAHIO_02655	73	80	67	270	298	263
IBPFAHIO_02656	426	534	418	110	101	92
IBPFAHIO_02657	7	18	3	8	37	27
IBPFAHIO_02658	3426	4076	3663	3275	3142	2828
IBPFAHIO_02659	5	8	3	12	20	11
IBPFAHIO_02660	9	14	8	16	28	20
IBPFAHIO_02661	53	51	56	54	56	60
IBPFAHIO_02662	173	218	209	220	243	218
IBPFAHIO_02663	127	166	144	535	471	559
IBPFAHIO_02664	699	859	763	294	240	243
IBPFAHIO_02665	1	1	0	0	0	0
IBPFAHIO_02666	49	82	47	67	91	75
IBPFAHIO_02667	294	341	279	917	891	794
IBPFAHIO_02668	5631	6153	5706	2681	2522	2397
IBPFAHIO_02669	1605	1904	1656	859	948	815
IBPFAHIO_02670	1420	1759	1638	1639	1354	1243
IBPFAHIO_02671	744	850	825	830	774	689
IBPFAHIO_02672	5123	6448	5665	5291	4977	4517
IBPFAHIO_02673	280	318	309	461	445	362
IBPFAHIO_02674	274	353	330	452	427	374
IBPFAHIO_02675	727	818	769	612	601	514
IBPFAHIO_02676	3988	4288	4173	17098	20004	22037
IBPFAHIO_02677	439	623	534	4356	3368	3502
IBPFAHIO_02678	321	335	309	380	440	369
IBPFAHIO_02679	618	715	628	998	1242	1230
IBPFAHIO_02680	2034	2244	2085	2869	2704	2465
IBPFAHIO_02681	3731	5171	4234	15168	19237	17924
IBPFAHIO_02682	64	86	69	292	244	236
IBPFAHIO_02683	11	20	15	21	9	19
IBPFAHIO_02684	0	0	0	2	0	1
IBPFAHIO_02685	3	2	0	1	1	0
IBPFAHIO_02686	1	1	1	0	0	0
IBPFAHIO_02687	29	36	29	38	33	38
IBPFAHIO_02688	0	0	0	0	0	0
IBPFAHIO_02689	19	38	29	57	32	34
IBPFAHIO_02690	6	3	2	9	11	10
IBPFAHIO_02691	0	0	1	0	1	0
IBPFAHIO_02692	4	3	2	1	3	2
IBPFAHIO_02693	0	0	0	1	1	0
IBPFAHIO_02694	0	0	0	0	0	0
IBPFAHIO_02695	5	2	3	3	9	8
IBPFAHIO_02696	1646	1861	1665	1016	927	934
IBPFAHIO_02697	763	840	755	383	334	317
IBPFAHIO_02698	5	7	3	9	16	14
IBPFAHIO_02699	21	19	20	39	62	49
IBPFAHIO_02700	0	2	0	0	0	0
IBPFAHIO_02701	13	21	10	32	35	43
IBPFAHIO_02702	5	3	6	18	7	6
IBPFAHIO_02703	4	7	6	17	15	11
IBPFAHIO_02704	17	19	17	39	71	53
IBPFAHIO_02705	50	62	57	122	133	129
IBPFAHIO_02706	36	56	38	56	52	52
IBPFAHIO_02707	30	38	42	71	81	49
IBPFAHIO_02708	47	64	70	693	740	714
IBPFAHIO_02709	99	119	113	478	477	412
IBPFAHIO_02710	209	216	239	1064	1019	941
IBPFAHIO_02711	1569	1594	1446	2998	2609	2423
IBPFAHIO_02712	96	124	99	149	161	130
IBPFAHIO_02713	30	37	33	29	42	23
IBPFAHIO_02714	9	6	7	17	12	10
IBPFAHIO_02715	25	23	30	34	27	24
IBPFAHIO_02716	11	19	17	38	31	26
IBPFAHIO_02717	2	2	5	7	3	2
IBPFAHIO_02718	14	12	13	11	14	8
IBPFAHIO_02719	24	26	25	17	15	12
IBPFAHIO_02720	7	14	16	10	11	7
IBPFAHIO_02721	10	6	12	13	22	9
IBPFAHIO_02722	36	58	37	59	63	40
IBPFAHIO_02723	26	30	33	43	35	38
IBPFAHIO_02724	0	1	0	0	0	1
IBPFAHIO_02725	0	0	0	0	0	0
IBPFAHIO_02726	1336	1662	1548	507	611	573
IBPFAHIO_02727	6	7	6	9	10	5
IBPFAHIO_02728	3	2	3	1	2	1
IBPFAHIO_02729	48	64	63	71	58	67
IBPFAHIO_02730	67	71	43	69	75	61
IBPFAHIO_02731	1039	1215	1149	703	724	653
IBPFAHIO_02732	130	157	158	64	73	70
IBPFAHIO_02733	43	40	43	73	68	65
IBPFAHIO_02734	11	6	7	14	8	10
IBPFAHIO_02735	11	14	7	17	22	25
IBPFAHIO_02736	7	11	14	12	20	20
IBPFAHIO_02737	40	43	37	61	54	50
IBPFAHIO_02738	37	52	45	74	54	67
IBPFAHIO_02739	0	0	0	1	0	0
IBPFAHIO_02740	275	344	311	817	823	792
IBPFAHIO_02741	29	36	44	65	78	60
IBPFAHIO_02742	196	225	171	309	218	198
IBPFAHIO_02743	126	151	136	141	120	111
IBPFAHIO_02744	317	378	388	298	353	249
IBPFAHIO_02745	305	328	296	302	307	257
IBPFAHIO_02746	0	0	0	0	0	0
IBPFAHIO_02747	8	10	13	20	20	20
IBPFAHIO_02748	4	8	2	8	9	8
IBPFAHIO_02749	19	18	24	10	20	11
IBPFAHIO_02750	313	397	335	2751	2796	2344
IBPFAHIO_02751	29	56	41	373	237	234
IBPFAHIO_02752	161	180	186	740	786	654
IBPFAHIO_02753	0	1	0	0	0	0
IBPFAHIO_02754	2	2	3	1	3	2
IBPFAHIO_02755	55	69	47	75	56	54
IBPFAHIO_02756	40	41	40	58	47	45
IBPFAHIO_02757	52	46	45	68	59	51
IBPFAHIO_02758	17	20	16	12	12	10
IBPFAHIO_02759	10	6	9	3	11	6
IBPFAHIO_02760	68	88	91	48	34	46
IBPFAHIO_02761	50	47	51	57	58	46
IBPFAHIO_02762	108	121	111	19	29	29
IBPFAHIO_02763	14094	15402	14538	1944	2115	1826
IBPFAHIO_02764	2530	2791	2675	2254	2256	2000
IBPFAHIO_02765	1945	2298	2110	2130	2186	1779
IBPFAHIO_02766	7	6	15	10	25	21
IBPFAHIO_02767	166	212	164	146	170	140
IBPFAHIO_02768	78	87	91	50	38	48
IBPFAHIO_02769	480	575	566	450	476	485
IBPFAHIO_02770	317	379	311	303	304	272
IBPFAHIO_02771	268	364	307	247	232	244
IBPFAHIO_02772	165	189	167	210	196	184
IBPFAHIO_02773	3	4	8	3	5	5
IBPFAHIO_02774	8	4	5	8	26	18
IBPFAHIO_02775	61	85	73	35	34	29
IBPFAHIO_02776	45	47	57	81	101	100
IBPFAHIO_02777	33738	37799	32875	1035	992	843
IBPFAHIO_02778	10100	11560	9677	567	569	456
IBPFAHIO_02779	2772	3089	2673	215	175	185
IBPFAHIO_02780	200	238	175	50	50	34
IBPFAHIO_02781	263	304	283	63	61	67
IBPFAHIO_02782	42	50	47	10	10	12
IBPFAHIO_02783	32	62	58	23	26	21
IBPFAHIO_02784	762	895	774	728	750	663
IBPFAHIO_02785	16	18	16	20	35	27
IBPFAHIO_02786	448	478	400	423	348	368
IBPFAHIO_02787	2	3	3	3	3	0
IBPFAHIO_02788	128	169	149	113	136	93
IBPFAHIO_02789	79	124	90	217	172	165
IBPFAHIO_02790	543	626	592	665	654	616
IBPFAHIO_02791	49	56	58	131	180	159
IBPFAHIO_02792	377	425	388	592	605	560
IBPFAHIO_02793	7	11	4	37	61	72
IBPFAHIO_02794	318	412	326	498	517	510
IBPFAHIO_02795	436	493	438	496	492	466
IBPFAHIO_02796	19	28	40	16	25	23
IBPFAHIO_02797	124	148	147	129	122	78
IBPFAHIO_02798	235	254	232	277	293	258
IBPFAHIO_02799	200	201	186	344	270	261
IBPFAHIO_02800	1489	1679	1498	2506	2498	2295
IBPFAHIO_02801	21	25	22	43	34	26
IBPFAHIO_02802	0	0	1	2	2	2
IBPFAHIO_02803	59	95	89	42	51	45
IBPFAHIO_02804	8	17	15	35	39	33
IBPFAHIO_02805	2	4	5	4	1	1
IBPFAHIO_02806	26	25	37	7	7	0
IBPFAHIO_02807	206	183	185	187	130	155
IBPFAHIO_02808	193	213	208	83	76	70
IBPFAHIO_02809	624	804	720	227	240	227
IBPFAHIO_02810	963	1123	969	332	342	315
IBPFAHIO_02811	327	365	339	144	144	140
IBPFAHIO_02812	177	154	143	53	53	50
IBPFAHIO_02813	115	148	137	40	46	54
IBPFAHIO_02814	123	124	119	58	44	69
IBPFAHIO_02815	226	252	231	144	130	113
IBPFAHIO_02816	13	15	19	23	31	20
IBPFAHIO_02817	190	168	232	144	151	135
IBPFAHIO_02818	605	695	845	158	132	115
IBPFAHIO_02819	13	16	19	18	16	12
IBPFAHIO_02820	12	27	13	24	23	21
IBPFAHIO_02821	62	96	91	81	71	89
IBPFAHIO_02822	33	35	33	54	48	43
IBPFAHIO_02823	48	69	58	69	72	75
IBPFAHIO_02824	120	147	137	132	149	144
IBPFAHIO_02825	190	208	210	266	305	246
IBPFAHIO_02826	116	119	126	267	261	239
IBPFAHIO_02827	148	161	155	600	597	602
IBPFAHIO_02828	169	185	174	460	417	439
IBPFAHIO_02829	50	73	59	182	206	185
IBPFAHIO_02830	570	726	656	1657	1540	1454
IBPFAHIO_02831	339	425	347	878	829	774
IBPFAHIO_02832	31	41	27	53	72	71
IBPFAHIO_02833	2309	2843	2513	7080	6436	5512
IBPFAHIO_02834	1546	1922	1722	4019	4667	4132
IBPFAHIO_02835	63	111	63	192	159	178
IBPFAHIO_02836	3	3	2	4	7	3
IBPFAHIO_02837	102	125	96	169	169	139
IBPFAHIO_02838	152	173	150	233	234	230
IBPFAHIO_02839	1	1	0	2	0	0
IBPFAHIO_02840	0	1	1	1	0	0
IBPFAHIO_02841	5	3	8	4	3	4
IBPFAHIO_02842	20	35	28	17	18	7
IBPFAHIO_02843	206	249	196	149	148	141
IBPFAHIO_02844	416	567	486	484	492	413
IBPFAHIO_02845	73	93	82	99	114	95
IBPFAHIO_02846	57	62	65	33	44	33
IBPFAHIO_02847	285	358	338	480	469	444
IBPFAHIO_02848	232	330	289	145	210	157
IBPFAHIO_02849	14	12	7	19	16	20
IBPFAHIO_02850	1099	1274	1139	324	346	354
IBPFAHIO_02851	48	44	32	15	24	16
IBPFAHIO_02852	391	446	360	482	573	495
IBPFAHIO_02853	1574	1825	1687	1268	1328	1182
IBPFAHIO_02854	844	901	830	520	502	442
IBPFAHIO_02855	320	437	371	298	359	279
IBPFAHIO_02856	308	383	324	641	663	667
IBPFAHIO_02857	27	38	30	62	89	75
IBPFAHIO_02858	590	710	657	916	1060	887
IBPFAHIO_02859	1846	1965	1815	1053	1184	1008
IBPFAHIO_02860	0	2	0	0	0	0
IBPFAHIO_02861	75	130	98	142	153	146
IBPFAHIO_02862	0	0	0	0	0	0
IBPFAHIO_02863	202	270	210	515	437	430
IBPFAHIO_02864	73	91	58	306	300	313
IBPFAHIO_02865	248	288	278	600	567	530
IBPFAHIO_02866	86	101	71	142	117	119
IBPFAHIO_02867	2	0	1	0	2	2
IBPFAHIO_02868	11	11	6	13	7	12
IBPFAHIO_02869	33	41	41	38	55	38
IBPFAHIO_02870	128	177	174	131	119	122
IBPFAHIO_02871	245	325	291	181	191	217
IBPFAHIO_02872	359	495	399	2942	2853	2703
IBPFAHIO_02873	938	1116	1039	8242	8936	7874
IBPFAHIO_02874	168	206	214	4545	5193	4692
IBPFAHIO_02875	152	164	174	184	245	158
IBPFAHIO_02876	148	166	149	991	918	809
IBPFAHIO_02877	2	0	1	1	0	0
IBPFAHIO_02878	257	352	352	33	49	38
IBPFAHIO_02879	242	263	234	188	240	200
IBPFAHIO_02880	122	122	101	182	217	184
IBPFAHIO_02881	11	15	11	7	4	11
IBPFAHIO_02882	11	6	7	10	7	9
IBPFAHIO_02883	5918	7242	6412	3155	3420	3173
IBPFAHIO_02884	261	308	244	494	429	353
IBPFAHIO_02885	455	536	469	863	915	702
IBPFAHIO_02886	109	128	112	286	289	277
IBPFAHIO_02887	25	24	27	37	47	43
IBPFAHIO_02888	271	344	363	896	754	675
IBPFAHIO_02889	84	114	99	152	155	143
IBPFAHIO_02890	1095	1342	1259	1014	1052	908
IBPFAHIO_02891	4	4	6	3	5	1
IBPFAHIO_02892	31	67	46	186	208	212
IBPFAHIO_02893	10	25	14	57	51	54
IBPFAHIO_02894	18	27	24	18	19	16
IBPFAHIO_02895	17	21	25	12	14	14
IBPFAHIO_02896	15	15	22	9	7	6
IBPFAHIO_02897	27	32	24	13	13	8
IBPFAHIO_02898	5	1	3	1	4	5
IBPFAHIO_02899	3	2	3	1	1	0
IBPFAHIO_02900	2	6	6	4	2	1
IBPFAHIO_02901	5	5	9	5	7	2
IBPFAHIO_02902	60	66	47	25	19	17
IBPFAHIO_02903	711	730	717	383	297	282
IBPFAHIO_02904	135	145	138	97	104	97
IBPFAHIO_02905	1229	1352	1215	769	776	680
IBPFAHIO_02906	747	820	754	432	385	388
IBPFAHIO_02907	41	55	45	14	22	23
IBPFAHIO_02908	190	260	229	124	101	88
IBPFAHIO_02909	209	271	230	91	98	102
IBPFAHIO_02910	309	417	367	141	156	139
IBPFAHIO_02911	17	29	22	8	7	4
IBPFAHIO_02912	65	80	70	43	44	26
IBPFAHIO_02913	55	66	48	22	27	20
IBPFAHIO_02914	267	272	249	104	109	90
IBPFAHIO_02915	28	39	48	22	15	16
IBPFAHIO_02916	34	49	27	13	26	22
IBPFAHIO_02917	35	37	48	19	31	20
IBPFAHIO_02918	205	236	221	128	126	100
IBPFAHIO_02919	20	14	11	7	7	8
IBPFAHIO_02920	133	133	147	70	64	58
IBPFAHIO_02921	97	118	92	47	53	37
IBPFAHIO_02922	52	59	45	38	27	35
IBPFAHIO_02923	1	0	0	0	0	0
IBPFAHIO_02924	0	0	0	0	0	0
IBPFAHIO_02925	0	0	0	0	0	0
IBPFAHIO_02926	0	0	0	0	0	0
IBPFAHIO_02927	39	59	42	28	18	17
IBPFAHIO_02928	140	173	157	78	80	61
IBPFAHIO_02929	1	0	3	1	1	2
IBPFAHIO_02930	511	619	493	171	217	174
IBPFAHIO_02931	575	585	589	261	252	228
IBPFAHIO_02932	106	117	99	39	25	35
IBPFAHIO_02933	108	134	133	104	104	69
IBPFAHIO_02934	878	1003	927	1059	1109	1126
IBPFAHIO_02935	1438	1774	1611	578	562	530
IBPFAHIO_02936	117	140	154	41	50	49
IBPFAHIO_02937	804	896	827	162	171	135
IBPFAHIO_02938	706	692	806	221	166	185
IBPFAHIO_02939	813	952	947	378	340	327
IBPFAHIO_02940	1119	1268	1255	603	551	490
IBPFAHIO_02941	283	337	307	167	146	139
IBPFAHIO_02942	319	395	380	261	316	238
IBPFAHIO_02943	291	374	380	180	198	183
IBPFAHIO_02944	385	430	472	187	163	136
IBPFAHIO_02945	61	88	86	33	32	32
IBPFAHIO_02946	220	251	242	97	105	106
IBPFAHIO_02947	395	404	392	146	114	127
IBPFAHIO_02948	587	643	584	1233	1431	1268
IBPFAHIO_02949	0	1	2	3	3	3
IBPFAHIO_02950	0	1	0	0	0	0
IBPFAHIO_02951	0	0	0	0	4	4
IBPFAHIO_02952	0	1	1	1	0	0
IBPFAHIO_02953	0	0	0	0	0	0
IBPFAHIO_02954	42	52	35	78	52	67
IBPFAHIO_02955	37	45	45	104	93	102
IBPFAHIO_02956	65	86	82	150	148	141
IBPFAHIO_02957	6	3	3	3	5	6
IBPFAHIO_02958	138	154	130	314	277	273
IBPFAHIO_02959	411	426	392	464	590	472
IBPFAHIO_02960	300	332	293	392	334	305
IBPFAHIO_02961	586	643	580	202	212	206
IBPFAHIO_02962	17	18	15	17	21	18
IBPFAHIO_02963	13	14	12	9	6	7
IBPFAHIO_02964	31	40	27	28	24	23
IBPFAHIO_02965	80	114	103	90	102	85
IBPFAHIO_02966	459	585	487	466	519	508
IBPFAHIO_02967	7	18	21	17	14	16
IBPFAHIO_02968	40	61	48	71	66	60
IBPFAHIO_02969	7180	10210	8593	2333	2830	2421
IBPFAHIO_02970	6287	7291	7002	1268	1486	1105
IBPFAHIO_02971	179	231	235	213	228	206
IBPFAHIO_02972	961	1182	1023	977	810	707
IBPFAHIO_02973	245	294	257	324	268	202
IBPFAHIO_02974	16	17	8	18	23	18
IBPFAHIO_02975	159	193	138	202	165	170
IBPFAHIO_02976	4	8	5	14	11	16
IBPFAHIO_02977	132	128	141	364	390	388
IBPFAHIO_02978	220	273	237	404	428	448
IBPFAHIO_02979	6	10	10	38	44	41
IBPFAHIO_02980	196	247	220	743	737	649
IBPFAHIO_02981	576	770	657	1161	1443	1175
IBPFAHIO_02982	24	29	30	59	63	47
IBPFAHIO_02983	29	37	49	72	59	55
IBPFAHIO_02984	2	3	6	7	3	3
IBPFAHIO_02985	3	2	3	11	9	12
IBPFAHIO_02986	3	5	7	15	5	8
IBPFAHIO_02987	44	49	35	95	77	71
IBPFAHIO_02988	0	0	0	0	0	0
IBPFAHIO_02989	30	49	41	69	79	77
IBPFAHIO_02990	34	35	36	70	64	53
IBPFAHIO_02991	4	8	16	32	20	29
IBPFAHIO_02992	205	207	191	37	39	27
IBPFAHIO_02993	104	88	98	26	21	23
IBPFAHIO_02994	7	10	14	1	4	3
IBPFAHIO_02995	13	17	16	16	15	12
IBPFAHIO_02996	9	13	12	27	26	27
IBPFAHIO_02997	17	28	10	32	32	29
IBPFAHIO_02998	15	13	18	36	30	32
IBPFAHIO_02999	15	41	36	93	62	73
IBPFAHIO_03000	19	23	24	51	33	40
IBPFAHIO_03001	0	0	0	0	0	0
IBPFAHIO_03002	0	0	0	0	0	0
IBPFAHIO_03003	0	0	0	0	0	0
IBPFAHIO_03004	0	0	0	0	0	0
IBPFAHIO_03005	0	0	0	0	0	0
IBPFAHIO_03006	0	0	0	0	0	0
IBPFAHIO_03007	0	0	0	0	0	0
IBPFAHIO_03008	0	0	0	0	0	0
IBPFAHIO_03009	0	0	0	0	0	0
IBPFAHIO_03010	1	0	0	0	0	0
IBPFAHIO_03011	0	0	0	0	0	0
IBPFAHIO_03012	0	0	0	0	0	0
IBPFAHIO_03013	0	0	0	0	0	0
IBPFAHIO_03014	0	0	1	1	0	1
IBPFAHIO_03015	0	0	0	0	0	0
IBPFAHIO_03016	0	0	0	0	0	0
IBPFAHIO_03017	0	0	0	0	0	0
IBPFAHIO_03018	46	60	55	39	28	42
IBPFAHIO_03019	188	216	192	98	117	128
IBPFAHIO_03020	0	0	0	0	0	0
IBPFAHIO_03021	0	0	0	0	0	0
IBPFAHIO_03022	1044	1470	1190	584	508	450
IBPFAHIO_03023	387	472	466	189	174	199
IBPFAHIO_03024	749	805	806	592	576	535
IBPFAHIO_03025	9762	12551	11739	4488	4556	3855
IBPFAHIO_03026	17	9	23	56	47	46
IBPFAHIO_03027	204	322	239	345	325	297
IBPFAHIO_03028	53	77	52	78	77	73
IBPFAHIO_03029	667	713	692	570	549	500
IBPFAHIO_03030	0	1	0	0	1	0
IBPFAHIO_03031	85	108	98	20	26	26
IBPFAHIO_03032	325	390	379	341	282	255
IBPFAHIO_03033	421	510	480	430	392	352
IBPFAHIO_03034	124067	158295	142761	27215	25434	22027
IBPFAHIO_03035	30626	35412	30870	5767	5743	5174
IBPFAHIO_03036	1863	2266	1956	1343	1306	1131
IBPFAHIO_03037	518	690	572	302	247	242
IBPFAHIO_03038	645	791	766	279	193	179
IBPFAHIO_03039	282	397	322	200	185	182
IBPFAHIO_03040	2601	3059	2835	1871	2024	1682
IBPFAHIO_03041	28	44	45	18	23	16
IBPFAHIO_03042	613	623	613	340	274	247
IBPFAHIO_03043	243	296	244	462	505	470
IBPFAHIO_03044	0	0	0	0	0	0
IBPFAHIO_03045	415	495	451	590	692	551
IBPFAHIO_03046	821	941	873	1131	1127	989
IBPFAHIO_03047	766	980	792	257	256	338
IBPFAHIO_03048	87	91	70	62	36	50
IBPFAHIO_03049	608	749	654	368	386	306
IBPFAHIO_03050	202	200	189	184	188	188
IBPFAHIO_03051	0	0	0	0	0	0
IBPFAHIO_03052	17	23	22	3	5	6
IBPFAHIO_03053	855	1054	1034	817	841	684
IBPFAHIO_03054	1774	2039	1889	1654	1696	1626
IBPFAHIO_03055	78	101	71	178	153	173
IBPFAHIO_03056	0	0	0	0	0	0
IBPFAHIO_03057	0	0	0	0	0	0
IBPFAHIO_03058	0	1	1	0	0	0
IBPFAHIO_03059	0	0	0	0	0	1
IBPFAHIO_03060	3	7	2	2	0	0
IBPFAHIO_03061	1	6	1	2	1	1
IBPFAHIO_03062	0	0	0	0	0	0
IBPFAHIO_03063	0	0	0	0	0	0
IBPFAHIO_03064	0	0	0	0	0	0
IBPFAHIO_03065	0	0	0	0	0	0
IBPFAHIO_03066	0	0	0	0	0	0
IBPFAHIO_03067	0	0	0	0	0	0
IBPFAHIO_03068	0	0	0	0	0	0
IBPFAHIO_03069	0	0	0	0	0	0
IBPFAHIO_03070	20	31	23	61	51	57
IBPFAHIO_03071	39	56	56	139	132	115
IBPFAHIO_03072	0	0	0	0	0	0
IBPFAHIO_03073	2	0	0	0	2	0
IBPFAHIO_03074	10	25	18	58	45	49
IBPFAHIO_03075	85	69	88	203	165	152
IBPFAHIO_03076	26	46	49	101	91	91
IBPFAHIO_03077	11	11	13	38	40	35
IBPFAHIO_03078	27	30	30	134	99	113
IBPFAHIO_03079	4	9	5	38	33	25
IBPFAHIO_03080	0	0	0	0	0	0
IBPFAHIO_03081	31	62	45	75	70	60
IBPFAHIO_03082	1	1	7	13	6	4
IBPFAHIO_03083	0	7	2	0	2	0
IBPFAHIO_03084	0	0	0	0	0	0
IBPFAHIO_03085	0	0	0	0	0	0
IBPFAHIO_03086	0	0	0	0	0	0
IBPFAHIO_03087	2476	2509	2145	394	447	393
IBPFAHIO_03088	6	17	6	2	1	3
IBPFAHIO_03089	0	0	0	0	0	0
IBPFAHIO_03090	585	664	612	351	303	298
IBPFAHIO_03091	55	66	49	58	53	50
IBPFAHIO_03092	563	666	666	549	468	495
IBPFAHIO_03093	103	134	136	147	131	110
IBPFAHIO_03094	5	10	4	6	6	6
IBPFAHIO_03095	10	19	15	11	8	12
IBPFAHIO_03096	1165	1237	1092	788	833	791
IBPFAHIO_03097	1197	1341	1275	680	666	614
IBPFAHIO_03098	709	794	743	1613	1859	1527
IBPFAHIO_03099	8	6	6	0	2	0
IBPFAHIO_03100	7	5	2	1	2	1
IBPFAHIO_03101	0	0	0	0	0	0
IBPFAHIO_03102	0	0	0	0	0	0
IBPFAHIO_03103	0	0	0	0	0	0
IBPFAHIO_03104	2	2	1	1	1	0
IBPFAHIO_03105	4235	5277	4766	757	651	628
IBPFAHIO_03106	1	7	4	0	3	2
IBPFAHIO_03107	0	0	1	0	0	0
IBPFAHIO_03108	0	0	0	0	0	0
IBPFAHIO_03109	0	1	3	1	0	2
IBPFAHIO_03110	0	0	0	0	0	0
IBPFAHIO_03111	0	0	0	0	0	0
IBPFAHIO_03112	0	0	0	0	0	0
IBPFAHIO_03113	0	0	0	0	0	0
IBPFAHIO_03114	0	0	0	0	0	0
IBPFAHIO_03115	168	210	189	221	337	248
IBPFAHIO_03116	768	912	831	879	929	758
IBPFAHIO_03117	204	309	265	294	291	318
IBPFAHIO_03118	246	318	262	345	324	289
IBPFAHIO_03119	44	45	43	107	102	87
IBPFAHIO_03120	48	42	48	47	31	32
IBPFAHIO_03121	258	315	246	215	212	168
IBPFAHIO_03122	0	1	1	0	1	0
IBPFAHIO_03123	0	0	0	0	0	0
IBPFAHIO_03124	0	1	0	0	0	1
IBPFAHIO_03125	0	0	0	0	0	0
IBPFAHIO_03126	0	0	0	0	0	0
IBPFAHIO_03127	0	0	1	0	0	0
IBPFAHIO_03128	162	268	233	97	99	84
IBPFAHIO_03129	259	339	283	149	144	153
IBPFAHIO_03130	46	64	45	18	16	18
IBPFAHIO_03131	41	41	44	45	56	61
IBPFAHIO_03132	9	17	15	9	9	16
IBPFAHIO_03133	28	34	31	27	13	29
IBPFAHIO_03134	13	32	30	13	27	16
IBPFAHIO_03135	43	33	52	44	34	39
IBPFAHIO_03136	8	10	8	6	8	9
IBPFAHIO_03137	10	10	20	12	14	19
IBPFAHIO_03138	13	20	18	16	11	19
IBPFAHIO_03139	5	3	12	10	6	6
IBPFAHIO_03140	19	21	20	14	14	17
IBPFAHIO_03141	5	4	3	2	1	4
IBPFAHIO_03142	60	56	54	58	73	58
IBPFAHIO_03143	45	35	37	32	44	35
IBPFAHIO_03144	46	66	47	46	35	33
IBPFAHIO_03145	1	2	3	0	1	1
IBPFAHIO_03146	43	73	56	64	38	58
IBPFAHIO_03147	422	440	447	402	380	374
IBPFAHIO_03148	1	3	2	11	6	2
IBPFAHIO_03149	10	6	3	17	20	16
IBPFAHIO_03150	5	8	8	20	6	14
IBPFAHIO_03151	18	24	16	24	33	19
IBPFAHIO_03152	6	10	8	12	9	7
IBPFAHIO_03153	9	16	22	7	15	5
IBPFAHIO_03154	2	2	1	2	0	0
IBPFAHIO_03155	35	32	43	59	44	46
IBPFAHIO_03156	23	45	36	32	46	30
IBPFAHIO_03157	116	108	102	111	88	85
IBPFAHIO_03158	5	7	8	5	7	12
IBPFAHIO_03159	38	53	30	23	21	16
IBPFAHIO_03160	4076	4653	4215	983	1195	1052
IBPFAHIO_03161	603	706	653	183	213	215
IBPFAHIO_03162	141	166	129	127	106	90
IBPFAHIO_03163	192	257	211	191	213	214
IBPFAHIO_03164	150	138	144	91	115	109
