"","baseMean","log2FoldChange","lfcSE","stat","pvalue","padj"
"IBPFAHIO_00001",0.164196858138009,1.14991949468353,4.0804728567969,0.28181035263305,0.778088932287453,0.810881952422173
"IBPFAHIO_00003",2.55578816149405,0.780370052189973,1.10956543698621,0.703311428219687,0.481861690221649,0.53180751646742
"IBPFAHIO_00004",139.13383737202,0.270030807172396,0.15686837097808,1.72138465828863,0.0851810463272298,0.107310185520451
"IBPFAHIO_00006",1144.16599685281,-0.776281345997278,0.0749475151364126,-10.3576662226141,3.86271686789448e-25,1.02914059383262e-24
"IBPFAHIO_00007",272.75904254256,-0.987945680240444,0.128205104512425,-7.70597772996394,1.29845273062442e-14,2.80503290254748e-14
"IBPFAHIO_00008",3.65926539806457,-0.600611187931512,0.947621637997455,-0.633809068776377,0.526205434055129,0.574391338450546
"IBPFAHIO_00009",1057.14960848231,0.154516022895124,0.0789148630858789,1.95800913608596,0.0502289406683391,0.0650866134602298
"IBPFAHIO_00010",1577.88765690344,0.409037598202522,0.0664108385999634,6.15919941421652,7.31136135063985e-10,1.37151054301658e-09
"IBPFAHIO_00011",72.516134907017,-0.354793204032832,0.214882992164746,-1.65109951447819,0.0987182564506289,0.122949160087202
"IBPFAHIO_00012",115.358056983751,0.0467166828868408,0.180624843441865,0.258639298983679,0.795913558464119,0.827152958292687
"IBPFAHIO_00013",11086.7286345388,0.698419989556269,0.0521377040127607,13.3956798209858,6.40865292812756e-41,2.14618831205673e-40
"IBPFAHIO_00014",1247.29157884322,-0.291894824737541,0.0750712441770103,-3.88823747278363,0.00010097480836237,0.000157680911597187
"IBPFAHIO_00015",749.967839870092,0.576268766192144,0.0814157394135784,7.07810025853594,1.4614398390008e-12,2.99700342583303e-12
"IBPFAHIO_00016",800.917656295903,0.729787275713233,0.0838289688075878,8.70566924649055,3.15706271124262e-18,7.37963408752961e-18
"IBPFAHIO_00017",1203.85970422903,0.542388043085387,0.0812479790139095,6.6757111951367,2.46036065699944e-11,4.84940651234671e-11
"IBPFAHIO_00018",5703.3931959546,0.795115591602054,0.0589259033183097,13.4934815900394,1.70838623179052e-41,5.78877871519507e-41
"IBPFAHIO_00019",20205.6618968509,0.114280775385867,0.0640290020490595,1.78482830793309,0.0742891701950639,0.094223483350416
"IBPFAHIO_00020",5.51078582657484,-0.619738491749452,0.787243930582292,-0.787225493489745,0.431149876089184,0.482603976527811
"IBPFAHIO_00021",53.1438788929173,1.34699834556256,0.257211666845197,5.23692553329337,1.63273529681064e-07,2.86350762488712e-07
"IBPFAHIO_00022",0,NA,NA,NA,NA,NA
"IBPFAHIO_00023",6.17951864254945,-0.931856403458184,0.786626038328514,-1.18462440607518,0.236165982891337,0.277973493631345
"IBPFAHIO_00024",220.297709820963,-0.263311370361015,0.152469899032279,-1.72697281255016,0.0841725463001421,0.106173802078425
"IBPFAHIO_00025",3990.8534372647,3.3650791857837,0.0906479887937641,37.122491415002,1.21858439211315e-301,2.14470853011914e-300
"IBPFAHIO_00026",12.5080606877794,0.064559490010426,0.513270260644134,0.125780694812527,0.899905523701082,0.918947893144586
"IBPFAHIO_00027",4715.73466547387,2.96216290882436,0.0978409743188696,30.2752801619749,2.42564705441665e-201,2.72839698752429e-200
"IBPFAHIO_00028",1646.41886476133,-0.859127287810869,0.0669557091344032,-12.8312775552314,1.09542812755041e-37,3.50162495473378e-37
"IBPFAHIO_00029",713.471692211337,0.175844814211646,0.0876136758023091,2.00704755965748,0.0447445991619016,0.0581563165475281
"IBPFAHIO_00030",8.62491917841956,0.180771170182228,0.602272481845395,0.300148480349518,0.764063900952661,0.801570544056929
"IBPFAHIO_00031",185.852718394697,1.31814496146705,0.143552839305782,9.18229808509234,4.21987819296802e-20,1.02399639524415e-19
"IBPFAHIO_00032",340.743383737823,1.7704176927203,0.115235316772574,15.3634991624518,2.87622349382637e-53,1.14589356771352e-52
"IBPFAHIO_00033",0.329106296880817,0.188154045172823,3.04171800965864,0.0618578200133479,0.95067605788939,0.959019221481856
"IBPFAHIO_00034",48.524795942831,0.579673575562837,0.256746642483505,2.25776496999402,0.0239603162464285,0.0319044353401486
"IBPFAHIO_00035",8689.36050478819,1.40931945156375,0.0563210054185453,25.0229810545906,3.43760727884797e-138,2.72098438579713e-137
"IBPFAHIO_00037",360.375186860421,-1.06203945379276,0.110481237571108,-9.61284899718113,7.05688453131699e-22,1.77281263792615e-21
"IBPFAHIO_00038",2491.9424498314,0.867350742061421,0.0706772102196364,12.2720002581602,1.28050320878972e-34,3.90149246507009e-34
"IBPFAHIO_00039",957.226882866411,0.0286697922602191,0.0899109420891812,0.318868778304893,0.749826020707703,0.787738572316519
"IBPFAHIO_00040",216.661527376262,0.171967488939328,0.131034650317813,1.31238179002451,0.189391347927829,0.227482502207974
"IBPFAHIO_00041",1010.5784083696,-0.0972648502424384,0.0825881416745047,-1.17770963567357,0.238912384175153,0.281095498801438
"IBPFAHIO_00042",1083.93512346793,2.89708206426238,0.0971105650185601,29.8328205969009,1.46664838552067e-195,1.6015372151379e-194
"IBPFAHIO_00043",785.336136332979,1.90864536533708,0.0851285732368066,22.4207371598688,2.4705993545709e-111,1.65740656252828e-110
"IBPFAHIO_00044",747.574062718843,2.24299743757115,0.124108427901185,18.0728857459787,5.21150959532529e-73,2.57307536455665e-72
"IBPFAHIO_00045",32.7917863640447,0.965473703722865,0.318290702372054,3.03330790540753,0.00241888656508871,0.00347446404356477
"IBPFAHIO_00046",1477.9300602212,2.33009690677625,0.0754878314302926,30.8671856460457,3.29424743548699e-209,3.79091858729887e-208
"IBPFAHIO_00047",3259.17768669219,2.34156953180898,0.0625829457191661,37.4154572767558,2.19071618788991e-306,3.94856797238953e-305
"IBPFAHIO_00048",944.606884023793,2.21088211987173,0.0910119262762474,24.2922242208242,2.36871628772677e-130,1.78969675072689e-129
"IBPFAHIO_00049",1098.48505006958,2.10123908222613,0.0823254367429207,25.5235704219549,1.07941784504097e-143,8.70517032981831e-143
"IBPFAHIO_00050",1270.66737294294,2.3753345873247,0.0820827859139446,28.9382793344148,3.94127581858007e-184,3.95714672791663e-183
"IBPFAHIO_00051",189.253288644489,2.24579862700473,0.164361382210654,13.6637852322658,1.67068526323199e-42,5.73902446336409e-42
"IBPFAHIO_00052",57.9792706870856,1.96504894086151,0.261371709336644,7.5182158996808,5.55287523583282e-14,1.17831224862495e-13
"IBPFAHIO_00053",85.1860222616834,1.78911929656796,0.218076332428667,8.20409659609984,2.3233125242364e-16,5.21873203642289e-16
"IBPFAHIO_00054",601.125203914239,1.54136682987632,0.098529509476306,15.643707535629,3.66739641170985e-55,1.49290477058991e-54
"IBPFAHIO_00055",157.410220861046,1.60344490024243,0.157990335207102,10.1490062549747,3.34754639150603e-24,8.75512133163116e-24
"IBPFAHIO_00056",151.175086424221,1.42603832060966,0.165610199868833,8.61081214646875,7.25447825627958e-18,1.68913610449716e-17
"IBPFAHIO_00057",0,NA,NA,NA,NA,NA
"IBPFAHIO_00058",0,NA,NA,NA,NA,NA
"IBPFAHIO_00059",887.938500910309,1.9584184331021,0.0857408883395899,22.8411259905015,1.79051941430139e-115,1.2287234145848e-114
"IBPFAHIO_00060",3.93443031280561,2.43333418910025,1.04589178621893,2.32656401088793,0.0199884818760753,0.0267825964053817
"IBPFAHIO_00061",1168.30766198534,0.92452805868334,0.08222844417421,11.2434093575287,2.49554561466851e-29,7.05068222765645e-29
"IBPFAHIO_00062",1221.9538177103,2.2734115090291,0.0801697472796557,28.3574738123943,6.76985225230443e-177,6.49211472400476e-176
"IBPFAHIO_00063",867.364123061966,0.300333739820354,0.0847626205546926,3.54323330089311,0.00039525286964159,0.000594568419289913
"IBPFAHIO_00064",66.3562361070409,-0.0284118436817502,0.221284792547188,-0.128394922012959,0.89783644954451,0.917148056345912
"IBPFAHIO_00065",51.6157354764742,0.465941255456861,0.267339409339641,1.74288278936424,0.0813540909298849,0.102748602812248
"IBPFAHIO_00066",80.25548780069,0.0400956445026266,0.204878981560419,0.195704040488909,0.844841821714673,0.872546334335624
"IBPFAHIO_00067",109.429463174192,0.260540975882843,0.181508078287869,1.43542358191699,0.151166430060648,0.18400730624144
"IBPFAHIO_00068",326.680038066745,0.553748968333864,0.110488906169208,5.01180604943112,5.39215381440075e-07,9.26669972009595e-07
"IBPFAHIO_00069",249.193954851663,0.171586566338767,0.129624218643897,1.32372305217244,0.18559503961159,0.22328120567667
"IBPFAHIO_00070",235.142823236537,0.1005172365472,0.133151453788738,0.754909042951072,0.450303559511251,0.501790782144381
"IBPFAHIO_00071",684.249739209503,0.358257303189357,0.0828886935341435,4.32214923307705,1.54516615062973e-05,2.52630443862521e-05
"IBPFAHIO_00072",13.3801413241452,0.420329764802931,0.508946771964548,0.825881581251506,0.408871269861149,0.459385219460968
"IBPFAHIO_00073",87.3339185470846,-0.126872153574153,0.229111039697291,-0.553758359884277,0.579744229242445,0.6264336344866
"IBPFAHIO_00074",13.0069545871757,-0.157995996870175,0.493526798704208,-0.320136611193162,0.748864773192388,0.787281588682933
"IBPFAHIO_00075",79.7088861073279,0.143368714735143,0.212569701549791,0.674455078451342,0.500022035994083,0.550024239593492
"IBPFAHIO_00076",134.619825509885,0.323539311657201,0.162861629486619,1.98659016661616,0.0469678318131243,0.0609929482573212
"IBPFAHIO_00077",207.649327816458,0.601880780092477,0.143943473416892,4.18136901802625,2.89759154003992e-05,4.68120620291547e-05
"IBPFAHIO_00078",349.508701501201,-0.0944735518753953,0.141077498046667,-0.669657125930492,0.50307638869376,0.552774349971256
"IBPFAHIO_00079",78.8502829392882,-0.223653396722566,0.216771967078233,-1.03174501637405,0.30219158299295,0.349500276890184
"IBPFAHIO_00080",549.504113324121,0.147488013305979,0.0933378702592197,1.58015190293471,0.114072083419495,0.141209629123347
"IBPFAHIO_00081",0,NA,NA,NA,NA,NA
"IBPFAHIO_00082",0,NA,NA,NA,NA,NA
"IBPFAHIO_00083",0,NA,NA,NA,NA,NA
"IBPFAHIO_00084",17.1699587128868,-0.12373329325197,0.455233844055265,-0.271801613319746,0.785774564656755,0.817395241139071
"IBPFAHIO_00085",12.3467519186811,0.789336585486013,0.516339121412672,1.5287173734317,0.126334523445834,0.155616671119776
"IBPFAHIO_00086",11.9575140590863,0.0245242252470653,0.51966348484576,0.0471925120048493,0.962359795428944,0.967208769876857
"IBPFAHIO_00087",19.1619333558585,0.495693387945818,0.4041099531134,1.2266299904935,0.219961691855114,0.261264542290791
"IBPFAHIO_00088",194.875984995856,-0.198453829196542,0.138576601881188,-1.43208757107994,0.152118761021463,0.184940809823737
"IBPFAHIO_00089",13.2290729469554,-0.945551207924687,0.542482133816822,-1.74300893795696,0.0813320535735987,0.102748602812248
"IBPFAHIO_00090",0.317212777622271,-1.6874571105591,3.02586723074069,-0.557677182070554,0.577064841723859,0.62421475286977
"IBPFAHIO_00091",37.2019804029526,-1.25581570579995,0.306762254396493,-4.09377518844543,4.24405827288685e-05,6.77961684595699e-05
"IBPFAHIO_00092",7.1683478641241,0.384143502695289,0.653285867826394,0.588017469248811,0.556520567234562,0.604614937242487
"IBPFAHIO_00093",51.9072198215084,-0.920934908243349,0.254307381720169,-3.62134556226415,0.000293074738578433,0.000445568911497292
"IBPFAHIO_00094",1.45878064741297,-0.831118849616642,1.49815988601097,-0.554759780566277,0.579058980422768,0.626098012329013
"IBPFAHIO_00095",11314.0692645205,-1.15043494970098,0.0559888767222635,-20.5475626061903,8.09256603058996e-94,4.72909327412601e-93
"IBPFAHIO_00096",1177.57391151937,2.84267247259999,0.104615492548886,27.1725764830828,1.37023092354355e-162,1.21653736594727e-161
"IBPFAHIO_00097",986.491725727377,-2.90071627616173,0.117153543797729,-24.7599533239041,2.42225703010913e-135,1.89226972169361e-134
"IBPFAHIO_00098",1122.74922921141,-2.65972357336246,0.085691929299123,-31.0382038905697,1.64601747836698e-211,1.93132717461726e-210
"IBPFAHIO_00099",3824.22468957379,3.83044364758485,0.067061607106104,57.1182799351106,0,0
"IBPFAHIO_00100",365.450537091795,0.580238796553605,0.107062720889105,5.41961563964561,5.9727305946493e-08,1.06434841805782e-07
"IBPFAHIO_00101",142.646554191418,1.03222920990706,0.164389759124026,6.27915762762495,3.40412333707906e-10,6.48321898443065e-10
"IBPFAHIO_00102",230.135208929112,0.680941359081429,0.128018914520724,5.31906837072265,1.04299938596165e-07,1.84326884985071e-07
"IBPFAHIO_00103",472.269119188322,-0.925911168205435,0.0995012385525685,-9.30552404848969,1.33333179484396e-20,3.26458979555903e-20
"IBPFAHIO_00104",426.165380213373,-0.878393097631449,0.110068474186733,-7.98042404168554,1.45831421159431e-15,3.22250821350825e-15
"IBPFAHIO_00105",766.175338418467,-1.88512140913325,0.110092621476977,-17.1230495181502,9.99020239626748e-66,4.55650694659029e-65
"IBPFAHIO_00106",4148.15298324327,-1.95778528883934,0.0812076264690881,-24.1083919573069,2.04121654701133e-128,1.51923380812385e-127
"IBPFAHIO_00107",1280.19830398334,-0.597074116860765,0.0899573326911836,-6.63730347486483,3.19473475891672e-11,6.2720776894218e-11
"IBPFAHIO_00108",250.954863176505,1.13154756758853,0.127990199343803,8.8408922979251,9.49571608822936e-19,2.23710098708522e-18
"IBPFAHIO_00109",1139.23342319736,1.48813014989291,0.0781017692589712,19.0537316121296,6.11814087690408e-81,3.23418330454011e-80
"IBPFAHIO_00110",3398.22943580326,2.41223411587349,0.0964567397478205,25.0084558339843,4.94666346889913e-138,3.90512324510453e-137
"IBPFAHIO_00111",4684.03122391616,-0.0413522930398401,0.0640572922173744,-0.645551686754315,0.5185697346008,0.566883685029446
"IBPFAHIO_00112",6070.35797949003,-0.197199399050297,0.0714365198778113,-2.76048440472179,0.00577157135088568,0.00812637246204704
"IBPFAHIO_00113",1558.60807098974,-0.552583027972565,0.0727728942610846,-7.59325341644491,3.11971566866627e-14,6.64828296342556e-14
"IBPFAHIO_00114",741.203078133674,-2.13626457221422,0.0957137083901128,-22.3193167221896,2.3992817839965e-110,1.60237747716909e-109
"IBPFAHIO_00115",459.446643347197,-1.78379737572449,0.111470481057642,-16.0024192844568,1.22904801041497e-57,5.17931217910082e-57
"IBPFAHIO_00116",1145.49716472104,-2.1489496204328,0.0912917757162581,-23.5393561311799,1.61361346905489e-122,1.15225095451366e-121
"IBPFAHIO_00117",2838.8610395793,-1.86982448452217,0.0678883467431654,-27.5426427984183,5.42101821014361e-167,4.94502636730173e-166
"IBPFAHIO_00118",443.159086297874,-1.29600664039749,0.104945510116194,-12.3493290848039,4.91193416357878e-35,1.50578965342497e-34
"IBPFAHIO_00119",5287.17199707547,-0.704413097579641,0.0743363802114112,-9.47602096814917,2.64164592033674e-21,6.56462175552121e-21
"IBPFAHIO_00120",2330.21032406707,-1.65738459793954,0.0811614798604133,-20.4208277225848,1.09198332216823e-92,6.29521021180607e-92
"IBPFAHIO_00121",594.980576394622,-2.25528943892864,0.108294753952985,-20.8254726716287,2.54403675731e-96,1.52540240037505e-95
"IBPFAHIO_00122",63376.1076026502,3.09948650647701,0.0540071155447651,57.3903359809677,0,0
"IBPFAHIO_00123",29.565998810427,-0.550889344994082,0.331522483471179,-1.66169527697199,0.096573888613905,0.120697190782291
"IBPFAHIO_00124",0.508959561709709,1.08529861911871,2.47627691983032,0.438278372837669,0.661184501605956,0.706270627920393
"IBPFAHIO_00125",45.5424803458333,-0.390954855455696,0.284734842150934,-1.37304887769392,0.169737152227036,0.205442378423662
"IBPFAHIO_00126",1445.17864570792,-0.0322677342010471,0.0691183323235504,-0.46684769606417,0.640608848637593,0.6860063261001
"IBPFAHIO_00127",27859.8728520536,-2.77383908352964,0.0593702440879143,-46.7210321625458,0,0
"IBPFAHIO_00128",33022.1390575285,-2.16058971399182,0.0591557574730626,-36.5237435253141,4.65724680404586e-292,7.65630903170615e-291
"IBPFAHIO_00129",4574.4675431416,-1.36666191583262,0.0734189932273981,-18.6145553862296,2.44884237999847e-77,1.2567643912445e-76
"IBPFAHIO_00130",3691.23604579628,-0.0433322501533156,0.0767996247142993,-0.564224764307312,0.572601176251254,0.620058892270631
"IBPFAHIO_00131",2105.97507400086,-1.2481368224206,0.0636034690800697,-19.6237224238404,9.6984536251966e-86,5.31461048472312e-85
"IBPFAHIO_00132",724.82518343067,-0.967899963321578,0.0912718469102896,-10.6045839553671,2.83723936154177e-26,7.66849157157451e-26
"IBPFAHIO_00133",4002.79346746889,-0.533914717075937,0.0700524007660354,-7.62164766999395,2.50457892406905e-14,5.35646900701543e-14
"IBPFAHIO_00134",10716.6602767329,-0.481526591095899,0.0744999605165537,-6.46344760127631,1.02343985140206e-10,1.98453145521384e-10
"IBPFAHIO_00135",9259.16263886931,-0.403024948606072,0.054419460480616,-7.4058975419212,1.30266382004916e-13,2.73130353860343e-13
"IBPFAHIO_00136",3424.18942788025,-1.99774617536615,0.0662357192435657,-30.1611607480237,7.65812456790498e-200,8.54966742804914e-199
"IBPFAHIO_00137",8897.77975839708,-1.68508947287639,0.0540624448155566,-31.1693168635893,2.77656828064128e-213,3.29662392685663e-212
"IBPFAHIO_00138",1696.72159024765,-1.5057556700494,0.0770364931961084,-19.5460048553386,4.46119722556159e-85,2.43574855818983e-84
"IBPFAHIO_00139",2868.3207388981,-1.53689099811092,0.0858600653914501,-17.8999514046953,1.18024857562255e-71,5.72334479459102e-71
"IBPFAHIO_00140",15494.7419651276,-0.957340566283178,0.0572282944612541,-16.7284483190625,8.13296112343106e-63,3.58905895004509e-62
"IBPFAHIO_00141",6158.15994844215,-0.33280273359226,0.0665539671438119,-5.0004943037149,5.71835176661125e-07,9.82164666228522e-07
"IBPFAHIO_00142",602.381178671313,2.40893607276381,0.0989721537983435,24.3395337002772,7.48291617873082e-131,5.6680722042437e-130
"IBPFAHIO_00143",2371.58342373986,2.58643147102658,0.0712188118539741,36.316689420904,8.82246316570237e-289,1.41918332213879e-287
"IBPFAHIO_00144",1077.38055551216,2.51657268498863,0.0826979479365329,30.4308963859659,2.14409962699275e-203,2.42997957725845e-202
"IBPFAHIO_00145",576.034415407874,-1.31629528980802,0.110122635914569,-11.9529947578551,6.26270557590597e-33,1.85158251809394e-32
"IBPFAHIO_00146",949.742772587651,-1.82805286583026,0.090370241056582,-20.2284827887722,5.49684011319747e-91,3.12078664491211e-90
"IBPFAHIO_00147",3384.41579340093,2.60451434509645,0.0657928396605419,39.5865926829491,0,0
"IBPFAHIO_00148",2622.53282083699,3.13290583559298,0.0725350013472312,43.1916423437493,0,0
"IBPFAHIO_00149",245.829583815723,2.7309365513208,0.149117019334018,18.3140500227112,6.3932861860209e-75,3.20951548130445e-74
"IBPFAHIO_00150",262.30508367517,2.07316304297773,0.137126525788979,15.1186142217887,1.22084781987236e-51,4.75003469058272e-51
"IBPFAHIO_00151",54.4982305291139,-0.411811810246265,0.246858203028738,-1.66821197429815,0.0952736546795903,0.119171728595876
"IBPFAHIO_00152",293.065762780448,0.447345744522806,0.117506820630909,3.80697683862904,0.000140675914368344,0.000217971173376532
"IBPFAHIO_00153",553.047622401918,0.132587461785252,0.0955150312746232,1.38813189940795,0.165096884583157,0.200068804646741
"IBPFAHIO_00154",933.319716650476,3.38229747347824,0.109783145435162,30.8088956649164,1.99177799406845e-208,2.27458006040184e-207
"IBPFAHIO_00155",90.3243735079251,-0.573308537114634,0.211839903846504,-2.70632929256824,0.00680315493934339,0.00951170073762403
"IBPFAHIO_00156",844.536580898767,0.232852885529959,0.0986949862658194,2.35931828292479,0.0183085452019098,0.0246753005604117
"IBPFAHIO_00157",3908.78471599562,-2.16297715237101,0.0624701448337912,-34.624173805357,1.09353180380849e-262,1.6359235784975e-261
"IBPFAHIO_00158",3817.34336836753,-2.11834578851147,0.065805938316829,-32.1907998380403,2.37401889435503e-227,3.00977310674164e-226
"IBPFAHIO_00159",23782.541421006,-1.38348214952309,0.0531284203981219,-26.0403403518467,1.73084284485897e-149,1.41881692926521e-148
"IBPFAHIO_00160",4238.85990681145,-1.61554348994024,0.0861181936543319,-18.759607248903,1.61589050850754e-78,8.36460969109787e-78
"IBPFAHIO_00161",6.50950864736285,-2.10795132396937,0.791916904302127,-2.66183397843615,0.00777161999425132,0.0108303153343269
"IBPFAHIO_00162",13969.7351133239,-0.836740872130155,0.0566497233260408,-14.7704317515267,2.27252492455911e-49,8.56346923712953e-49
"IBPFAHIO_00163",20461.723823319,-1.02079988011764,0.0535524388381121,-19.0616879877963,5.25517209690502e-81,2.78785016204607e-80
"IBPFAHIO_00164",3301.88522671718,0.921536506215725,0.0607301367244299,15.1742867037712,5.23436691803112e-52,2.04989866737554e-51
"IBPFAHIO_00165",5860.74218906055,1.0308730230046,0.0606125461060388,17.0075848851678,7.21513371133413e-65,3.23653374277537e-64
"IBPFAHIO_00166",5403.35805232484,-1.22916119050738,0.0558031418808104,-22.0267380846179,1.59665465846422e-107,1.04078229588779e-106
"IBPFAHIO_00167",5885.00951743258,-1.0702762601366,0.0620075584322022,-17.2604161040597,9.34352106948973e-67,4.31416898764094e-66
"IBPFAHIO_00168",2986.89178138722,0.528787390534986,0.0641698643102381,8.2404318011098,1.71590251171824e-16,3.8688623323745e-16
"IBPFAHIO_00169",4893.84812954242,0.395401444933067,0.0574845265787247,6.87839786575553,6.05294226954033e-12,1.214648106671e-11
"IBPFAHIO_00170",2459.09531437403,0.36717730821635,0.063203869952856,5.80941180485038,6.2692709345797e-09,1.15007103839745e-08
"IBPFAHIO_00171",39.0829649743401,0.731752079742193,0.293159502261373,2.49608855963257,0.0125571247239198,0.0172052781200393
"IBPFAHIO_00172",54.1251784615547,0.806517780744798,0.246884888941543,3.26677661076196,0.00108779480013296,0.00159386975612038
"IBPFAHIO_00173",248.793335902464,1.57379641988884,0.132697070316403,11.8600690741422,1.90817643408692e-32,5.58636388531123e-32
"IBPFAHIO_00174",7.33328103790519,1.10132346726754,0.676362066691784,1.62830460415133,0.103460313713273,0.128552017703536
"IBPFAHIO_00175",133.462985865727,0.610428381814213,0.161078831892365,3.7896250838354,0.000150874824949858,0.000233170184013417
"IBPFAHIO_00176",126.289076127426,3.18631934918165,0.222359702203044,14.329571939578,1.42999283587056e-46,5.19871028544925e-46
"IBPFAHIO_00177",139.790610973899,3.3142421954877,0.209138631765987,15.8471066177584,1.47204079844211e-56,6.13418672554151e-56
"IBPFAHIO_00178",73.9287359068917,1.94348374284294,0.235003576518533,8.27001772328205,1.33939101482326e-16,3.02221562319094e-16
"IBPFAHIO_00179",1919.86349043603,0.951061891116235,0.071407644426519,13.3187685821917,1.80052789387608e-40,6.00577420120093e-40
"IBPFAHIO_00180",5805.61784309817,-0.225200096435234,0.0704078330596796,-3.19850912389745,0.00138140161768868,0.0020132263225156
"IBPFAHIO_00181",4092.70214892228,1.07947255628675,0.0814354088161915,13.2555674733977,4.18935921649562e-40,1.38350582513851e-39
"IBPFAHIO_00182",10030.9521443615,0.865015971009114,0.0752412038354127,11.4965727143508,1.37258040418679e-30,3.90376479974038e-30
"IBPFAHIO_00183",11786.9948963313,0.770451455436394,0.073470942694978,10.4864784250149,9.96744067157883e-26,2.68430085412816e-25
"IBPFAHIO_00184",13407.5887305894,-1.14355111613658,0.0621563105662227,-18.3979889687663,1.36331248321032e-75,6.8670554709853e-75
"IBPFAHIO_00185",801.359060361083,0.348220258559245,0.0873703548706242,3.98556534507478,6.7319646931106e-05,0.000106290439903889
"IBPFAHIO_00186",3739.50702298111,1.0941121105678,0.0665801214979759,16.4330146288643,1.11000831228972e-60,4.80628780082611e-60
"IBPFAHIO_00187",1435.71706325877,1.05293697396409,0.0748290892808822,14.0712252959772,5.70719082809076e-45,2.03284701876757e-44
"IBPFAHIO_00188",626.058748042458,-1.13082424572138,0.0902088769373319,-12.5356204856309,4.76616407452173e-36,1.49166976056161e-35
"IBPFAHIO_00189",25168.1984642175,-2.10753543517675,0.0499194284442478,-42.2187412968988,0,0
"IBPFAHIO_00190",21842.9431728297,-0.05508245533957,0.0566518142802153,-0.972298169783535,0.330902234092545,0.37947852986006
"IBPFAHIO_00191",3303.87809133826,-0.802534669811984,0.0617563328756868,-12.9951801287725,1.30300614761785e-38,4.22382924558246e-38
"IBPFAHIO_00192",2863.09688025086,2.99338781358521,0.073055531081306,40.9741434944024,0,0
"IBPFAHIO_00193",760.704097369169,5.03935049123709,0.145219133384787,34.7016978670733,7.42712210218218e-264,1.12801773247356e-262
"IBPFAHIO_00194",129.846618132382,3.96470066898415,0.25801206378333,15.3663383442163,2.75294459195998e-53,1.09824136255257e-52
"IBPFAHIO_00195",5374.99440417318,-5.41981912542869,0.0855670482779595,-63.3400267334539,0,0
"IBPFAHIO_00196",8714.72962137941,-6.01905370968728,0.102164715535017,-58.9151908089469,0,0
"IBPFAHIO_00197",8023.41821769101,-5.48426122619931,0.0714429623192099,-76.764191295644,0,0
"IBPFAHIO_00198",1426.19790835482,-0.437810530730289,0.0690076929919103,-6.34437280466126,2.23333415575792e-10,4.27793584764898e-10
"IBPFAHIO_00199",4554.90499892353,-0.437626507612548,0.057592852099466,-7.59862537900959,2.99292800263333e-14,6.38719014542006e-14
"IBPFAHIO_00200",3992.78372416094,-0.498236026046051,0.0769975758874824,-6.47080145450462,9.74844583480129e-11,1.89152723331553e-10
"IBPFAHIO_00201",1979.5499603138,-0.757960181710265,0.0994922518951881,-7.61828350722981,2.57071194601858e-14,5.49397867320542e-14
"IBPFAHIO_00202",3927.73110084011,-0.505755275295798,0.0744597261372436,-6.79233327240009,1.10334295754503e-11,2.19640860211227e-11
"IBPFAHIO_00203",7921.41774614908,0.00721880696597001,0.0730974919040226,0.0987558776359707,0.921332101719132,0.936035873800898
"IBPFAHIO_00204",14377.1359801938,-0.0375887579305952,0.0752793959545354,-0.499323320199019,0.617551629019762,0.662500707790293
"IBPFAHIO_00205",2923.01911459813,-2.3226396226918,0.067335525008954,-34.4935251100061,1.00308998788506e-260,1.47119864889809e-259
"IBPFAHIO_00206",62.5294926689731,-1.78605375143535,0.261096812669911,-6.8405804466612,7.88729397886899e-12,1.57640504908323e-11
"IBPFAHIO_00207",949.719144363862,-1.13381744129975,0.083644949794103,-13.5551213084676,7.38898944133086e-42,2.51511449470557e-41
"IBPFAHIO_00208",437.167185479348,1.22031680887825,0.112500856708687,10.8471779200595,2.05677919295178e-27,5.6509488937665e-27
"IBPFAHIO_00209",135.657130050596,-0.564563683563354,0.166602171076168,-3.38869343608519,0.000702264764071337,0.00104070142352721
"IBPFAHIO_00210",76.0296991046499,0.358963275837417,0.216508225823151,1.65796599400628,0.097324330380217,0.121533554464778
"IBPFAHIO_00211",100.431676037189,0.701503274672568,0.185508418504032,3.78151719652185,0.000155875452131898,0.000240649820835212
"IBPFAHIO_00212",1198.13597420393,-1.68310175732155,0.0755049032270698,-22.2912908352437,4.4886268216706e-110,2.97782072071806e-109
"IBPFAHIO_00213",1436.43102331956,-1.18581099435706,0.0788824627613491,-15.0326314981394,4.4881607623981e-51,1.72825958830053e-50
"IBPFAHIO_00214",2187.04233124507,-1.20808862918996,0.0770109848523263,-15.6872247706811,1.84967231030965e-55,7.56040922465366e-55
"IBPFAHIO_00215",1955.42610497887,-1.1531435324151,0.064130598284636,-17.9811753399994,2.73630183938061e-72,1.33774756591941e-71
"IBPFAHIO_00216",2388.94855320354,-1.33645289107175,0.075693400271511,-17.6561349639191,9.12801657451588e-70,4.36278364072708e-69
"IBPFAHIO_00217",502.48486435236,-1.46235092000039,0.099043921620212,-14.7646710275451,2.47527103117784e-49,9.31573701293599e-49
"IBPFAHIO_00218",1489.90155733115,-1.46023619244257,0.0775446527333572,-18.8309076251033,4.21474889243662e-79,2.18932789690458e-78
"IBPFAHIO_00219",289.986691663082,-0.862464653690628,0.1196765942883,-7.20662765196137,5.73545559764777e-13,1.18757668845413e-12
"IBPFAHIO_00220",43.8326740156634,0.532137880214308,0.268827336790843,1.97947830219488,0.0477621802111644,0.0619975892372251
"IBPFAHIO_00221",73.7871627398014,0.925307288804501,0.229728284962604,4.02783352931541,5.62931779093452e-05,8.93997814781108e-05
"IBPFAHIO_00222",76.090339267562,-1.05285177662737,0.215252354272604,-4.8912439549627,1.00200679153381e-06,1.70437994330253e-06
"IBPFAHIO_00223",51.2808266934986,-0.818073316352689,0.262894319181929,-3.11179533623381,0.00185953367757391,0.00269038915053247
"IBPFAHIO_00224",21.9627412657562,-0.115529748191872,0.392193663147336,-0.294573214836648,0.768319926146923,0.804906589296777
"IBPFAHIO_00225",55.884127460327,0.849933235423291,0.246267448122974,3.4512609843542,0.000557973728919331,0.000831403086118844
"IBPFAHIO_00226",80.7937671227509,0.122019597972087,0.199842642377797,0.610578385675128,0.541478735515349,0.590417046888456
"IBPFAHIO_00227",27.7235754053697,0.257049279715071,0.336269825482758,0.764413754181016,0.444620714839663,0.495920059752593
"IBPFAHIO_00228",735.158236139808,-0.180403729000803,0.0841661648665366,-2.143423420645,0.0320791141400787,0.0422822508841918
"IBPFAHIO_00229",452.609973194546,-0.356886032191343,0.0975583343887523,-3.65818086611869,0.00025401177415896,0.000387361482305611
"IBPFAHIO_00230",1003.39042604714,-0.542270028011723,0.0796761892736392,-6.80592323698309,1.00403240874577e-11,2.00404600865066e-11
"IBPFAHIO_00231",741.902621895684,-0.810885589103966,0.0903496466919361,-8.97497244088659,2.83422734268858e-19,6.756978652848e-19
"IBPFAHIO_00232",993.937761193905,-1.05943198092152,0.0796598812469264,-13.2994421324523,2.33201761768687e-40,7.76128666531605e-40
"IBPFAHIO_00233",19336.623979417,-1.83868756938555,0.0530052840489154,-34.688759854371,1.16394250672e-263,1.75884645459911e-262
"IBPFAHIO_00234",374.724719340085,-3.04878870680851,0.134958063034403,-22.5906377007747,5.35688553909384e-113,3.63442211631945e-112
"IBPFAHIO_00235",0.152303338879463,-0.773633856958963,4.0804728567969,-0.189594168153897,0.849627157463939,0.87416934495602
"IBPFAHIO_00236",1362.3367662252,0.496461165130563,0.0851031644230997,5.83363930702215,5.42312886795371e-09,9.96071305888121e-09
"IBPFAHIO_00237",1572.15868381374,1.35551490495235,0.0830203946889643,16.3274929013622,6.29172362763875e-60,2.69696806502796e-59
"IBPFAHIO_00238",3131.65025901802,-0.217526800526543,0.0613651977918747,-3.54479099479649,0.000392924518148433,0.000591363258702269
"IBPFAHIO_00239",1590.33786508636,-0.270275797323272,0.0738978186452298,-3.65742591971243,0.000254760855930132,0.000388305899614342
"IBPFAHIO_00240",1387.37242069622,-0.366921692080701,0.0786668263605294,-4.66424932917851,3.09745646694427e-06,5.18611625579029e-06
"IBPFAHIO_00241",9266.18504312479,-1.11987869366807,0.0545306265275023,-20.5366922219987,1.01226286658147e-93,5.90388011074417e-93
"IBPFAHIO_00242",2898.8200463331,0.558131757144616,0.0674606858763013,8.2734373345689,1.30151221005085e-16,2.93896191129973e-16
"IBPFAHIO_00243",9055.79282891961,0.983727326612354,0.0579452672984865,16.9768364609485,1.21881194827422e-64,5.44281395408428e-64
"IBPFAHIO_00244",5168.63258209451,0.1219348753197,0.0579044577281043,2.10579427049048,0.0352222267490513,0.0462417298960779
"IBPFAHIO_00245",2316.03513121201,0.764953637149991,0.0738197372017262,10.3624540827017,3.67412261177031e-25,9.81515612001496e-25
"IBPFAHIO_00246",636.36910191498,0.770304674668224,0.101393373269805,7.59718953839782,3.02631132405638e-14,6.45382999399621e-14
"IBPFAHIO_00247",6808.95924307036,2.53988747098433,0.0700082390760609,36.2798365521644,3.36498960428931e-288,5.3839833668629e-287
"IBPFAHIO_00248",1682.59519073431,1.3818257262146,0.0676824167779132,20.4163177380145,1.19758003354726e-92,6.89069126994884e-92
"IBPFAHIO_00249",5176.52987185514,0.988530340005214,0.0620667790292561,15.926883196875,4.12407699294506e-57,1.7306084660437e-56
"IBPFAHIO_00250",294.744120072404,0.588691714614555,0.121990728489396,4.82570865757005,1.39506319820151e-06,2.364889002277e-06
"IBPFAHIO_00251",5455.99795387651,1.18079048146999,0.0567910589273485,20.7918377253811,5.13078723388415e-96,3.07026308075627e-95
"IBPFAHIO_00252",4322.63503674758,1.35521423481249,0.0639007565079092,21.2081094007823,8.03792588805556e-100,4.97918721678307e-99
"IBPFAHIO_00253",0.164909438742808,-0.773633856958963,4.0804728567969,-0.189594168153897,0.849627157463939,0.87416934495602
"IBPFAHIO_00254",123.589755718178,0.0369434128388746,0.169468248317802,0.217996074223857,0.827432170190453,0.856635658550116
"IBPFAHIO_00255",242.183970287045,-0.0855103000322539,0.127587840660747,-0.670207282993553,0.502725661790309,0.552591910388172
"IBPFAHIO_00256",10.8146407804098,-0.0393854961954847,0.538694730821452,-0.073112829849711,0.941716332239897,0.953532194394835
"IBPFAHIO_00257",304.095657707557,0.0790074861022813,0.111693002923297,0.7073628968194,0.479340988106435,0.530003043759961
"IBPFAHIO_00258",1030.17729858153,0.553105162082715,0.0747402775636361,7.40036269749982,1.35813031858953e-13,2.84560638180664e-13
"IBPFAHIO_00259",1419.49137170425,-1.61635427968083,0.0807303383145211,-20.0216463033215,3.567368984484e-89,1.99133731372689e-88
"IBPFAHIO_00260",333.855451783943,-1.15335582734355,0.113114701527001,-10.1963388646545,2.05887858411658e-24,5.40365326638315e-24
"IBPFAHIO_00261",710.363997666188,-1.24856217482382,0.0880263555136536,-14.1839585149036,1.15162772821739e-45,4.12161502730433e-45
"IBPFAHIO_00262",2677.42277079439,-0.484147390522444,0.0650110184073681,-7.4471589952446,9.53716569344875e-14,2.01093726249462e-13
"IBPFAHIO_00263",739.718239247154,0.498973740573502,0.0865296176159132,5.76650809654957,8.09308233628145e-09,1.47739489628762e-08
"IBPFAHIO_00264",1237.94731197606,0.891735411184866,0.0856918817320143,10.4062997936445,2.32067152754391e-25,6.21615864853301e-25
"IBPFAHIO_00265",1910.20982287293,0.789904726523175,0.0681057115730595,11.5982156015772,4.20759879905103e-31,1.20817040371983e-30
"IBPFAHIO_00266",5861.6049347133,-0.533600135275542,0.0552324081497152,-9.66099710570547,4.41545132281364e-22,1.1139148699712e-21
"IBPFAHIO_00267",53.1698172778399,-1.58597100851666,0.269324130518986,-5.88870743019019,3.89227794743914e-09,7.17983700292103e-09
"IBPFAHIO_00268",2.35988564610163,1.49390188031147,1.22304383961618,1.22146225010241,0.22191105023174,0.263057790132079
"IBPFAHIO_00269",5.37301913357064,-0.814998737017864,0.792284121627514,-1.02866978495504,0.303634872926804,0.351033825269319
"IBPFAHIO_00270",1270.09076921391,2.046818683905,0.0808399474068888,25.3193965305645,1.95357652787846e-141,1.56286122230276e-140
"IBPFAHIO_00271",242.269320090788,0.691842720248475,0.129789296123746,5.33050675911551,9.79390879800167e-08,1.73392752210775e-07
"IBPFAHIO_00272",4912.81248056362,4.65758098785196,0.0739814110755438,62.9560982973955,0,0
"IBPFAHIO_00273",14.6434580328627,-1.18476760799478,0.50492410076973,-2.34642712872819,0.0189543722266311,0.0254883063829574
"IBPFAHIO_00274",35.2177383893776,-0.139383112563069,0.318669729012547,-0.437390501429087,0.66182817152458,0.706705884797125
"IBPFAHIO_00275",4.93087714681108,-0.0202072027452596,0.785505252552432,-0.0257251020023075,0.97947660197762,0.982431777779765
"IBPFAHIO_00276",8.005512039166,-0.842978759957882,0.704681350730638,-1.19625524229335,0.231596969119174,0.273173929208783
"IBPFAHIO_00277",28.7382035361963,-0.211315074339992,0.329059961771619,-0.642178018870171,0.520757603447767,0.568859711396758
"IBPFAHIO_00278",0.177716280933179,1.14991949468353,4.0804728567969,0.28181035263305,0.778088932287453,0.810881952422173
"IBPFAHIO_00279",22.8619577646356,0.367194477483813,0.376101780473864,0.976316775265385,0.32890750941395,0.377502534430519
"IBPFAHIO_00280",45.6724164944105,-0.286337466917191,0.271498643327973,-1.05465524028896,0.291583029663394,0.338408233030595
"IBPFAHIO_00281",835.775592099512,-2.44886370377791,0.0984229245927087,-24.8810296372694,1.19392819187328e-136,9.37594002646946e-136
"IBPFAHIO_00282",1573.81864779256,2.45959533233475,0.235157409774032,10.4593571374095,1.32753286169197e-25,3.56551016353894e-25
"IBPFAHIO_00283",116.210991812817,1.87455646165813,0.186294634931785,10.0623212383144,8.10640823849313e-24,2.10724356642671e-23
"IBPFAHIO_00284",110.092268610924,1.63041767616729,0.187121970286168,8.71312798638169,2.95602586970384e-18,6.91511290238773e-18
"IBPFAHIO_00285",495.792704421836,1.32150484346296,0.0988118737450043,13.3739478200085,8.58600778209517e-41,2.87031679151159e-40
"IBPFAHIO_00286",8.83278756229232,0.126576680409134,0.585789506201658,0.216078777562737,0.828926342006544,0.857589078590449
"IBPFAHIO_00287",134.099684101149,-2.66330559133783,0.200817283994638,-13.2623324962852,3.82801393347029e-40,1.26557101535283e-39
"IBPFAHIO_00288",52.7327612577414,-0.104481110919972,0.260783527049724,-0.400643062473996,0.688682936307926,0.730687711146565
"IBPFAHIO_00289",103.739362463938,0.62291776612987,0.180076153378518,3.45919076148024,0.000541801029502951,0.000808513057492682
"IBPFAHIO_00290",348.772754242723,0.761072336774324,0.116917109913595,6.50950350497698,7.53995963760991e-11,1.4649064438785e-10
"IBPFAHIO_00291",251.81664720203,-0.83467189189599,0.124517666808783,-6.70324069899065,2.03847268007279e-11,4.03113698531248e-11
"IBPFAHIO_00292",12.8064835550985,1.55695239720999,0.539943027704332,2.88354940673957,0.00393220957839503,0.00557326909453242
"IBPFAHIO_00293",7.63326606641897,2.84967386303556,0.799357115381715,3.56495714893933,0.000363915639867691,0.000548570635483668
"IBPFAHIO_00294",1.57607866569993,4.19882830209843,1.7089903454126,2.45690580603292,0.0140139425748126,0.0190503026732572
"IBPFAHIO_00295",1.81686203145281,-1.22566441187149,1.40156838046276,-0.874494907959329,0.381848792061245,0.432598101418874
"IBPFAHIO_00296",1.2920539615066,0.178466580638168,1.61487148162458,0.110514417195991,0.912001416636284,0.928447852526629
"IBPFAHIO_00297",2.47287469079703,-0.396412373643646,1.10574223336481,-0.358503421215403,0.719966608046495,0.759837774700217
"IBPFAHIO_00298",2.47306603442396,-0.41396228576826,1.1173210234801,-0.370495387689833,0.711013412537267,0.75224615640435
"IBPFAHIO_00299",1.29147053192572,-0.521561105388207,1.59904500378088,-0.326170373038281,0.744295455600864,0.782752900934195
"IBPFAHIO_00300",0.966582158952897,-2.02145752523247,2.01667665269486,-1.0023706688582,0.316164602831824,0.364252788476248
"IBPFAHIO_00301",3.07982191139525,-0.298601893888259,1.0256081177211,-0.291146188031109,0.770939516265749,0.807368229844985
"IBPFAHIO_00302",16.0547751113055,-0.133950670859185,0.442038317270516,-0.303029546592928,0.761867344653364,0.799763544720667
"IBPFAHIO_00303",12.6173957797672,-0.78717728334394,0.512081803515346,-1.53721002765596,0.124241885528226,0.153228244641572
"IBPFAHIO_00304",290.809439280146,0.378518964252318,0.132464788967206,2.8575062641441,0.00426984206256963,0.00604322017559524
"IBPFAHIO_00305",13406.7074344683,-0.619770909218116,0.092383276198087,-6.7086916022464,1.96377198265013e-11,3.88598265349814e-11
"IBPFAHIO_00306",20.6261368004029,0.0944143840953792,0.413155887535926,0.228520001635386,0.819242008397158,0.849037786326393
"IBPFAHIO_00307",233.078153086668,0.931790461973081,0.127603973976431,7.3022056675538,2.83088096541272e-13,5.89832579980143e-13
"IBPFAHIO_00308",313.601575219872,0.47639454469258,0.113774683739323,4.18717529273981,2.82447681773791e-05,4.57296246681376e-05
"IBPFAHIO_00309",204.654998533241,0.546891423480072,0.140890075304734,3.8816887725923,0.000103733582594571,0.000161735736906178
"IBPFAHIO_00310",219.793136908949,0.774400603094713,0.144818448327161,5.34738917617219,8.92320141360203e-08,1.58071158256349e-07
"IBPFAHIO_00312",1220.00305763541,4.99328018051347,0.120695876790757,41.370760238728,0,0
"IBPFAHIO_00313",920.704107977171,4.36760437712647,0.115789973449321,37.7200568150929,0,0
"IBPFAHIO_00314",3683.50678923208,7.33942706563574,0.135855677143171,54.0237053023636,0,0
"IBPFAHIO_00315",2354.21950360979,7.05150649110177,0.152396303249162,46.2708500190641,0,0
"IBPFAHIO_00316",229.196299339913,6.25460350647582,0.350930195267333,17.8229277241623,4.69155725141547e-71,2.27138176314484e-70
"IBPFAHIO_00317",3480.47373814461,7.00006279576739,0.13397020960218,52.2508908253099,0,0
"IBPFAHIO_00318",9702.08362382386,7.2976782577286,0.210590999374234,34.6533245932327,3.98051313363406e-263,5.98477150544377e-262
"IBPFAHIO_00319",2588.88708488166,3.48226035735772,0.0927131334364301,37.559515338195,0,0
"IBPFAHIO_00320",303.274267719101,4.06087164201764,0.171712390167,23.6492639702249,1.20107844853043e-123,8.68025777295422e-123
"IBPFAHIO_00321",8.19750621387287,4.04137815626249,0.985972201068258,4.09887636982445,4.15160707331883e-05,6.63547455308223e-05
"IBPFAHIO_00322",10181.3116456442,4.33808561011587,0.0808306569669762,53.6688154333351,0,0
"IBPFAHIO_00323",1547.0733194146,3.60273111154069,0.0878208798158764,41.0236280835959,0,0
"IBPFAHIO_00324",89.3466107346976,-2.75360746261269,0.250555640636237,-10.9900038794594,4.26907745788492e-28,1.18488680463745e-27
"IBPFAHIO_00325",41.388381450227,-1.24284084485465,0.301872184777644,-4.11710951696367,3.83653790237177e-05,6.14503287146485e-05
"IBPFAHIO_00326",105.661266302195,-0.556672398900596,0.18400987093996,-3.0252311794851,0.00248443148794733,0.00356689971782074
"IBPFAHIO_00327",33.4188248628597,0.407351524594405,0.326383529765033,1.2480762276444,0.212003143057175,0.252513297781476
"IBPFAHIO_00328",7355.11453298356,3.16427445835926,0.0781843306490398,40.4719773398498,0,0
"IBPFAHIO_00329",2761.31421206857,3.38080803942307,0.198775328547969,17.0081874049435,7.1413222738212e-65,3.20823367016112e-64
"IBPFAHIO_00330",6183.33700951217,3.15244302531334,0.070735479093648,44.5666455604233,0,0
"IBPFAHIO_00331",688.896605004606,3.10848608644995,0.112515856837942,27.6270934053955,5.26065954041051e-168,4.81342304125634e-167
"IBPFAHIO_00332",0.151198672320707,-0.773633856958963,4.0804728567969,-0.189594168153897,0.849627157463939,0.87416934495602
"IBPFAHIO_00333",84.2093767584079,0.769703294935865,0.211677179308698,3.63621292313884,0.000276675664770387,0.000420850833245042
"IBPFAHIO_00334",144.772876851036,0.943883892583708,0.160961446552353,5.86403708963134,4.51746502260002e-09,8.31258016458748e-09
"IBPFAHIO_00335",43.3075577304424,-1.48029633727826,0.300496809896579,-4.92616323543577,8.38599486948154e-07,1.43131184537871e-06
"IBPFAHIO_00336",35.2172892297538,-0.839402335432603,0.313075189706269,-2.6811525251175,0.00733690664010767,0.0102388174753741
"IBPFAHIO_00337",2744.46718012879,-3.02799159737645,0.0726568881264207,-41.6752172499851,0,0
"IBPFAHIO_00338",216.602275226555,-1.73459299381965,0.142640306355087,-12.1606090041729,5.03816855156872e-34,1.52418607748166e-33
"IBPFAHIO_00339",333.02661492034,-2.09491165466007,0.14306746886951,-14.6428232163023,1.49719920104023e-48,5.6065331783634e-48
"IBPFAHIO_00340",2295.09801019624,-1.66634095562554,0.0683292867390201,-24.386921555175,2.35411044546495e-131,1.80602524431568e-130
"IBPFAHIO_00341",155.997777799238,-2.04367060283007,0.183540519973509,-11.1347107610082,8.50205558697087e-29,2.37739722581466e-28
"IBPFAHIO_00342",846.86007060065,-0.0882476280660217,0.0810603750820872,-1.08866542964619,0.276301451973364,0.322172230827866
"IBPFAHIO_00343",209.353904786572,0.367314492136234,0.131017207596566,2.80355915741453,0.00505419592763174,0.00713309161107272
"IBPFAHIO_00344",76191.0035380121,0.698255502202105,0.0533282010424266,13.093550664621,3.58451355431081e-39,1.17211634475387e-38
"IBPFAHIO_00345",530.262519975444,0.201430809300881,0.0927360574963507,2.17208726291613,0.0298490815170429,0.039412379478814
"IBPFAHIO_00346",176.711077961831,-0.273744295834433,0.144645750740652,-1.89251529638954,0.0584223575535928,0.075053539630893
"IBPFAHIO_00347",733.404794552975,0.740830663019929,0.0836620100873585,8.85504259635127,8.36518604790053e-19,1.9754251503803e-18
"IBPFAHIO_00348",203.65493878378,-1.18576897620545,0.143013738455671,-8.2912941722239,1.12022848806055e-16,2.53918457293725e-16
"IBPFAHIO_00349",9299.76352844612,-4.5722471716725,0.0712118338115787,-64.2062832389675,0,0
"IBPFAHIO_00350",2879.57025436614,-4.94043232457324,0.0951039618819382,-51.9477025647604,0,0
"IBPFAHIO_00351",169.532492273481,-0.296687727325558,0.159742955235797,-1.85728207474074,0.0632710333064511,0.0811083683174386
"IBPFAHIO_00352",167.171837861669,-1.90115588407268,0.171291420473297,-11.0989556792721,1.26918174458403e-28,3.54565058804427e-28
"IBPFAHIO_00353",69.709173371588,-1.65274449329351,0.236094987280501,-7.0003370775929,2.55347412833495e-12,5.18669015069801e-12
"IBPFAHIO_00354",223.576713937684,-1.93368822006441,0.148630157734729,-13.0100663925527,1.07248869342373e-38,3.48413265008013e-38
"IBPFAHIO_00355",108.294179778266,-0.658206560575924,0.186348318320943,-3.53213040239147,0.000412226022142346,0.000618856125564425
"IBPFAHIO_00356",113.808042004476,-0.759004548406137,0.178196174844085,-4.25937621315517,2.04998187777254e-05,3.33707604912701e-05
"IBPFAHIO_00357",491.108015606994,-2.31187372434537,0.111287526910957,-20.7738799532775,7.45834140788996e-96,4.45416317213708e-95
"IBPFAHIO_00358",875.170657703746,-0.473422036532286,0.0784358052791156,-6.03578983918891,1.5818702021118e-09,2.94155105327439e-09
"IBPFAHIO_00359",183.11770738472,1.35234812678852,0.153529365259076,8.8084004288461,1.26944254669683e-18,2.98598435512337e-18
"IBPFAHIO_00360",76.9901585851872,0.486296876252162,0.209778752597156,2.31814170992813,0.0204416207172711,0.0273652479579755
"IBPFAHIO_00361",407.081971295321,1.82112873684464,0.113421238597136,16.0563291264448,5.16211534761329e-58,2.19078710922822e-57
"IBPFAHIO_00362",49.1491259282585,2.11886374273081,0.295745693577059,7.16447876925289,7.80830676969915e-13,1.61009330495795e-12
"IBPFAHIO_00363",566.470581229277,3.97115077393189,0.150858174035881,26.3237361800983,1.02602338182631e-152,8.67192643622693e-152
"IBPFAHIO_00364",92.3167947647514,0.674206796082231,0.194649022493979,3.46370501862184,0.000532790416138993,0.000795463535472987
"IBPFAHIO_00365",22.5103806856864,-0.498230160601668,0.389833675367588,-1.2780582901974,0.201228874163502,0.240446002994088
"IBPFAHIO_00366",23.8690255979241,-1.63232124797662,0.392820431862145,-4.15538784537934,3.24736210043057e-05,5.22652361726103e-05
"IBPFAHIO_00367",4059.34339258987,-2.35388161427867,0.0647733592480707,-36.3402738657372,3.7429190833596e-289,6.05341291751995e-288
"IBPFAHIO_00368",2500.06877130532,-0.0968572866950131,0.0633878591621553,-1.52801006336621,0.126510039406399,0.155704663884798
"IBPFAHIO_00369",5871.28380965925,0.0778692354640361,0.0582279124133763,1.33731800156634,0.181118857398023,0.21833506097296
"IBPFAHIO_00370",3061.21983143282,1.14352592551288,0.0841814710720687,13.5840572865957,4.9790135144042e-42,1.69672077848489e-41
"IBPFAHIO_00371",1227.49295607662,1.42763172656237,0.0910879596069759,15.6731112731286,2.30989811067799e-55,9.41582445115605e-55
"IBPFAHIO_00372",704.674515714575,1.75801592979154,0.114387550266419,15.3689446595977,2.64441531586414e-53,1.05635388852677e-52
"IBPFAHIO_00373",216.22244965665,-0.850606016585851,0.136494096262821,-6.2318154401931,4.610604781015e-10,8.74757736512167e-10
"IBPFAHIO_00374",870.260678123658,0.0143776179803368,0.0785532542655209,0.183030201800914,0.854774321274211,0.879162863270004
"IBPFAHIO_00375",748.18662623217,0.00377316856501946,0.0827468477164803,0.0455989402514481,0.963629913852144,0.967835079639347
"IBPFAHIO_00376",445.426206202156,-4.0721239613269,0.149403789775002,-27.2558277635355,1.41750218007517e-163,1.26981033616315e-162
"IBPFAHIO_00377",1860.73304935889,-3.0784819222427,0.077373793488364,-39.7871395914648,0,0
"IBPFAHIO_00378",2898.97461891322,-3.1927480379239,0.0702733196798413,-45.4332889419449,0,0
"IBPFAHIO_00379",1065.39153300793,-2.7689408788014,0.0976362494454553,-28.3597628393978,6.34384532046215e-177,6.10314636618095e-176
"IBPFAHIO_00380",1980.98854849048,0.119414841685288,0.0651807652064264,1.83205645572131,0.0669430099368085,0.0854859094028729
"IBPFAHIO_00381",3408.75549573778,0.35479709670827,0.0687096780532319,5.16371356642649,2.42098070800561e-07,4.21383029572587e-07
"IBPFAHIO_00382",398.898986945044,-1.54497522180518,0.113577968270691,-13.6027721337912,3.85538494429592e-42,1.31681641019787e-41
"IBPFAHIO_00383",563.875829256978,-1.56406426470731,0.101446506159475,-15.4176257410836,1.24601676217929e-53,4.99742915876736e-53
"IBPFAHIO_00384",684.190678756678,-1.31154997652419,0.0907521206844849,-14.4520036185602,2.43498055906012e-47,8.93921697264771e-47
"IBPFAHIO_00385",1793.89665261348,-2.7485828538037,0.0913473679214399,-30.0893492209597,6.67855155806189e-199,7.42833690026809e-198
"IBPFAHIO_00386",212.564398247758,-3.10136187810888,0.175564222514896,-17.6651132769705,7.78563714731291e-70,3.72714021516164e-69
"IBPFAHIO_00387",3710.53727136988,-2.49767205081354,0.0645567475734753,-38.6895583296047,0,0
"IBPFAHIO_00388",2264.64017035243,-2.70808445894581,0.0732186579665202,-36.9862618922093,1.90425500334756e-299,3.25573198286623e-298
"IBPFAHIO_00389",1307.93291217475,-0.614682909413917,0.0844409394206296,-7.27944186352509,3.35204082788149e-13,6.96963596735332e-13
"IBPFAHIO_00390",4902.31061173686,0.152401894114857,0.0582808475557946,2.61495672260011,0.00892387618794939,0.0123726772726342
"IBPFAHIO_00391",3425.42916080412,1.27554564799222,0.0601646509051413,21.2009149692119,9.36578619561849e-100,5.78975873910961e-99
"IBPFAHIO_00392",1997.21098495526,2.21770346925071,0.0706437882924958,31.392759687072,2.54039331964024e-216,3.07726996451967e-215
"IBPFAHIO_00393",2833.40247915176,1.88726358948682,0.0645099887794974,29.2553699852237,3.83681079242252e-188,3.97222764391978e-187
"IBPFAHIO_00394",2722.45190717019,1.0250797886451,0.076074862019822,13.4746190979355,2.20620950711007e-41,7.45031472378478e-41
"IBPFAHIO_00395",2918.94414802455,1.73617947685678,0.0639931112120164,27.1307246041628,4.27534214286915e-162,3.78456322232677e-161
"IBPFAHIO_00396",855.660475506507,2.13089393698138,0.0848540721993109,25.1124534362499,3.63618275858683e-139,2.88579809381745e-138
"IBPFAHIO_00397",11365.3266427175,5.62234494544686,0.0760474479780253,73.9320660316109,0,0
"IBPFAHIO_00398",446.403119663221,0.903897334348589,0.100529630088076,8.99135243566169,2.44206602919587e-19,5.83133404577337e-19
"IBPFAHIO_00399",339.160833482444,0.744189816428188,0.116292591540098,6.39928826568104,1.56102884477628e-10,3.00940612343468e-10
"IBPFAHIO_00400",116.247701621832,-3.25766923676889,0.238202079018372,-13.6760739041141,1.41108514947686e-42,4.86401701294329e-42
"IBPFAHIO_00401",9.03173101577607,-4.599896593155,1.13518863214657,-4.05209888726325,5.07602007986949e-05,8.08027048422304e-05
"IBPFAHIO_00402",19.766344723762,-3.18833618240322,0.556312015566462,-5.73120136396248,9.97217965403244e-09,1.81378489512857e-08
"IBPFAHIO_00403",265.720658983549,0.520765453801075,0.12024389077838,4.33090987350775,1.4849445683878e-05,2.42917121302148e-05
"IBPFAHIO_00404",39.9812739265937,-2.16726431270945,0.328397009216261,-6.59952512320911,4.1247685214815e-11,8.06621399756383e-11
"IBPFAHIO_00405",5.95838000798787,-1.93602392362136,0.831984244405126,-2.3269958976274,0.0199654835926235,0.0267637665363483
"IBPFAHIO_00406",7.38307311880218,-1.01670503134533,0.675998292479162,-1.50400532465349,0.132579995732466,0.16277363448155
"IBPFAHIO_00407",106.618609563109,-0.964667826333683,0.185423871462576,-5.20250072832925,1.96624588710155e-07,3.43834464886489e-07
"IBPFAHIO_00408",30.37112176272,-0.597430885008329,0.332505653534171,-1.79675406615886,0.0723746715096423,0.0920684596755314
"IBPFAHIO_00409",21.2206498327218,-0.289931572682232,0.411877020974984,-0.703927526706671,0.481477907989841,0.531765756087832
"IBPFAHIO_00410",85.6179038098629,-0.806398896255253,0.209298198786904,-3.85287069324607,0.000116741048042798,0.000181637657693215
"IBPFAHIO_00411",227.780197651358,-0.435392504723351,0.131600433045962,-3.30844279647081,0.000938163482426876,0.00137799957752637
"IBPFAHIO_00412",310.24855768108,-2.24923788655061,0.138970078930729,-16.1850515150946,6.42960508056841e-59,2.74819691443724e-58
"IBPFAHIO_00413",1968.82995368096,-1.75435082936436,0.0762861823862291,-22.9969671372761,4.99866774447168e-117,3.48625032434948e-116
"IBPFAHIO_00414",2640.74738553889,-1.3628202193711,0.0660323909624391,-20.638662321743,1.2343147989996e-94,7.25554003655561e-94
"IBPFAHIO_00415",2287.0146133569,4.79075871361829,0.106082954006715,45.1604949963501,0,0
"IBPFAHIO_00416",72.6138052439668,2.84887361679546,0.283375315993293,10.053358412004,8.87888409034152e-24,2.30604350679703e-23
"IBPFAHIO_00417",90.4246003229138,1.30447330852607,0.211676040081531,6.16259312118476,7.15632203618557e-10,1.34411271388997e-09
"IBPFAHIO_00418",108.500455520071,-0.807333867392995,0.180980318421839,-4.46089317574973,8.16187693104129e-06,1.34918982197102e-05
"IBPFAHIO_00419",24.1033844036065,-1.168977236747,0.380694764039947,-3.07064175073428,0.00213599268702045,0.00307994704557359
"IBPFAHIO_00420",3.90390466993354,-1.11747742487262,0.937644043891424,-1.19179280469255,0.233342497802607,0.275083039174704
"IBPFAHIO_00421",0.152303338879463,-0.773633856958963,4.0804728567969,-0.189594168153897,0.849627157463939,0.87416934495602
"IBPFAHIO_00422",5479.01799868471,0.751014126379273,0.0596126339619363,12.5982375960574,2.1591519149447e-36,6.77878544545072e-36
"IBPFAHIO_00423",86.4450024510449,1.5535269782751,0.209380210674876,7.41964569272213,1.17434056701972e-13,2.46916864126704e-13
"IBPFAHIO_00424",427.137705006636,1.05849147310347,0.103165697019979,10.2601107119791,1.06584469879414e-24,2.81465784535929e-24
"IBPFAHIO_00425",477.537202107432,-1.79756315570896,0.131337022261864,-13.6866446699615,1.22014777170939e-42,4.2253265427714e-42
"IBPFAHIO_00426",3768.49804057315,-1.69437380822339,0.0695976249719136,-24.3452820251719,6.50427176912721e-131,4.93928455158087e-130
"IBPFAHIO_00427",2187.29486913987,0.661840946563896,0.085153948772084,7.77228720579154,7.70814284428728e-15,1.67121473841359e-14
"IBPFAHIO_00428",3681.93841898536,-0.347500369686155,0.0706755931910938,-4.91683697293603,8.79537378067971e-07,1.49861949611581e-06
"IBPFAHIO_00429",643.452121684225,-0.522720310163601,0.0950756975831855,-5.49793820556775,3.8425752806891e-08,6.87618734439103e-08
"IBPFAHIO_00430",2586.25966636461,2.36286102594947,0.0726022803960101,32.5452728627974,2.44240531482776e-232,3.19112519736448e-231
"IBPFAHIO_00431",1620.7080795196,2.58338177519007,0.0749796152111042,34.4544549597459,3.86175065351472e-260,5.6089116287942e-259
"IBPFAHIO_00432",4721.89258901771,3.05640647498307,0.0603774859157327,50.6216254060134,0,0
"IBPFAHIO_00433",599.98056843869,0.280713270449063,0.0912428276895774,3.07655163213589,0.00209410031861563,0.00302099718095369
"IBPFAHIO_00434",2.58009643698901,1.19287570327645,1.11851833793742,1.06647844994312,0.286207415248535,0.332944240444641
"IBPFAHIO_00435",8040.01652372805,0.700859275569733,0.0576684463485592,12.1532539880406,5.51269791629623e-34,1.66605981470286e-33
"IBPFAHIO_00436",3851.20257867622,0.121212392241126,0.0704133948051643,1.72143940192805,0.0851711195076186,0.107310185520451
"IBPFAHIO_00437",2236.86338841979,0.153994407778611,0.0719596899185786,2.14000932956845,0.0323540127817784,0.0426070450013561
"IBPFAHIO_00438",1421.6451943998,0.235340363549836,0.0785152432110125,2.99738437945547,0.00272307130365372,0.00390015765463473
"IBPFAHIO_00439",1597.17952995829,1.31041109937382,0.100396934512795,13.0523019027719,6.16559221806437e-39,2.00952635255431e-38
"IBPFAHIO_00440",1319.7531095914,0.974487191932188,0.103432475379175,9.42148187365524,4.44765960861818e-21,1.0988767587932e-20
"IBPFAHIO_00441",865.737616744922,1.32655216532926,0.0999759301181387,13.2687154174181,3.51555523198604e-40,1.16613539402464e-39
"IBPFAHIO_00442",421.257110833794,1.38421843940583,0.145967688116835,9.48304694870466,2.46964305770849e-21,6.15251626033622e-21
"IBPFAHIO_00443",751.152972976897,1.75864953813866,0.109801720785825,16.0165935975539,9.78668354530203e-58,4.14169125424946e-57
"IBPFAHIO_00444",6126.44528765949,1.62141468171934,0.0990564451976939,16.3685934669205,3.20536385864529e-60,1.38190902954852e-59
"IBPFAHIO_00445",2034.81109402657,1.77465439711393,0.201797348370148,8.79424041716722,1.44018910768011e-18,3.38229655430055e-18
"IBPFAHIO_00446",1406.98656543455,1.65117515687527,0.118522925001376,13.9312724256181,4.09003345940324e-44,1.44479104020478e-43
"IBPFAHIO_00447",1119.91300751935,1.53769180156925,0.123088711325661,12.4925493573567,8.19838153509835e-36,2.55250338741043e-35
"IBPFAHIO_00448",1259.37853938462,1.24071306266521,0.119971565410957,10.3417260449608,4.5624485505094e-25,1.21340853894437e-24
"IBPFAHIO_00449",1007.81720853885,1.68691948009109,0.120821451665153,13.9620858452045,2.65546838478809e-44,9.4136983498649e-44
"IBPFAHIO_00450",4343.6790085908,0.349483564956767,0.0662168915036802,5.27786123782846,1.30700374805401e-07,2.30032659657505e-07
"IBPFAHIO_00451",1482.43377839303,0.682392889983114,0.0721477589778151,9.45826869262764,3.13083894921487e-21,7.77383413780157e-21
"IBPFAHIO_00452",747.566753137971,0.632047331144857,0.097927057929429,6.45426651743527,1.08744289151243e-10,2.10454665679509e-10
"IBPFAHIO_00453",1742.66237922933,0.606770887962177,0.0859488656011107,7.05967302440273,1.66894848467932e-12,3.41085646595664e-12
"IBPFAHIO_00454",12351.6369174503,3.66566104038337,0.0647687146835763,56.5961677376453,0,0
"IBPFAHIO_00455",2618.72349510955,1.21913193447345,0.0641674063406542,18.9992397074813,1.73032805423138e-80,9.08270445308822e-80
"IBPFAHIO_00456",1515.1491853936,0.0625184271250235,0.0719145431720488,0.869343311761768,0.384659379524331,0.434630939141756
"IBPFAHIO_00457",428.499672652763,-0.106807119777239,0.107054994721478,-0.997684601779827,0.318432322253256,0.366583112036069
"IBPFAHIO_00458",1653.64213822529,0.0877814969923261,0.0665999152245816,1.31804217312166,0.187489530598198,0.225379138429011
"IBPFAHIO_00459",1730.87840054282,0.415583836674211,0.0675719220324101,6.15024442363622,7.73636290995103e-10,1.44941752201462e-09
"IBPFAHIO_00460",13751.2256206094,-2.09616810461234,0.0511627574771196,-40.9705850109773,0,0
"IBPFAHIO_00461",228.969940926579,0.616520528753617,0.128271619757972,4.80636737820021,1.53697356774205e-06,2.60250419619933e-06
"IBPFAHIO_00462",8873.43876143011,-0.795686715805002,0.053849852195186,-14.7760241369081,2.09153610473907e-49,7.89139473566117e-49
"IBPFAHIO_00463",2084.54258477762,0.0669935047023501,0.0641204023703281,1.04480792736497,0.296111750295955,0.342733600342552
"IBPFAHIO_00464",57.3785989066758,1.10326856271132,0.250200068958688,4.40954539822084,1.03587841905259e-05,1.70575026406458e-05
"IBPFAHIO_00465",69.4960177117422,-0.918705015639668,0.240627876528292,-3.817949228886,0.000134565608878962,0.000208719700241501
"IBPFAHIO_00466",32.1373381704437,-0.0345925785869559,0.31286836106648,-0.110565921300062,0.911960572609889,0.928447852526629
"IBPFAHIO_00467",57.469968866928,-0.311684440046447,0.243321063847556,-1.28095954833455,0.200207874900971,0.239417250880778
"IBPFAHIO_00468",19.9805014223844,0.512597638713032,0.408335794921031,1.25533358840648,0.209357686837864,0.249561035465693
"IBPFAHIO_00469",903.812845883815,-0.167374358401106,0.0810913835735991,-2.06402149063341,0.039015678823344,0.0509759436853472
"IBPFAHIO_00470",7447.2381175546,0.214246841937286,0.056435206664731,3.79633307998815,0.000146852161885354,0.00022730557080237
"IBPFAHIO_00471",6508.18579331745,-0.488422420922484,0.0546312660820583,-8.94034599507276,3.87953767027661e-19,9.21236246783145e-19
"IBPFAHIO_00472",5394.16990032784,-0.290631431876682,0.0814793081260323,-3.5669354411691,0.000361180415934025,0.000545232999230374
"IBPFAHIO_00473",618.128229408338,-0.761061484959915,0.095527755873344,-7.96691472548535,1.62684840847338e-15,3.5843375833228e-15
"IBPFAHIO_00474",608.144423000191,-1.52604249127741,0.0971462961499259,-15.7087048272254,1.31845141164128e-55,5.40384468990507e-55
"IBPFAHIO_00475",8158.3981775774,-0.920134599621735,0.0607818151728826,-15.1383205158415,9.04953307998981e-52,3.53475234664876e-51
"IBPFAHIO_00476",0,NA,NA,NA,NA,NA
"IBPFAHIO_00477",63.3637848020432,-2.06372704392236,0.258969178376284,-7.96900641559651,1.5995515666398e-15,3.52679313735171e-15
"IBPFAHIO_00478",1979.3962841243,0.524411497666455,0.0789859054027167,6.63930475940861,3.15166158760912e-11,6.19157680244681e-11
"IBPFAHIO_00479",1299.17329944968,-0.364525906742963,0.073006005491523,-4.99309480485532,5.94193714434983e-07,1.01998140768185e-06
"IBPFAHIO_00480",334.605128624554,0.529816739938635,0.109267304504464,4.84881312247427,1.24202358829803e-06,2.10784717877918e-06
"IBPFAHIO_00481",151.285006916107,0.629386739916705,0.161310195757794,3.90171704249696,9.55127676690898e-05,0.000149541706366257
"IBPFAHIO_00482",2726.19549102464,2.53245109903365,0.079913868352304,31.6897573756438,2.15024333460518e-220,2.65848266823913e-219
"IBPFAHIO_00483",7040.6202499287,0.786434184290528,0.0630294161462185,12.4772563728993,9.9351390263742e-36,3.0900141337746e-35
"IBPFAHIO_00484",1269.30968060558,-0.347957435436837,0.0837631533858995,-4.15406322913591,3.26622856427363e-05,5.254062292638e-05
"IBPFAHIO_00485",8776.6978638691,1.78384234530098,0.0639574930623898,27.8910610764693,3.4247481266638e-171,3.16260691203027e-170
"IBPFAHIO_00486",576.201594568177,-1.58799683283082,0.103437430912134,-15.3522454959246,3.42135679809316e-53,1.36126323668813e-52
"IBPFAHIO_00487",242.494452325523,0.227244729542606,0.13821235628975,1.64417086607081,0.100140913061168,0.124479273734531
"IBPFAHIO_00488",50528.854028468,1.48416889923414,0.0645985992414451,22.9752489475334,8.24271169095673e-117,5.72208663093794e-116
"IBPFAHIO_00489",1387.57488898228,-0.0775468580770308,0.111239735715302,-0.697114727739895,0.485730998007271,0.535866427925304
"IBPFAHIO_00490",2257.88573175998,-0.0750373607091826,0.0655922335434978,-1.14399764507823,0.252624613626299,0.296180581492903
"IBPFAHIO_00491",1991.20553265326,3.52125548645079,0.0827146181644984,42.5711387489924,0,0
"IBPFAHIO_00492",3998.60274861909,-2.28832448008831,0.0691603197361484,-33.0872455306516,4.53426648698839e-240,6.08364364532254e-239
"IBPFAHIO_00493",10300.2057202163,-1.8861760240534,0.0607884856690627,-31.0285081671863,2.22456488730525e-211,2.58984363533747e-210
"IBPFAHIO_00494",1418.7628278847,0.912456288036929,0.0896563019937252,10.1772688338271,2.50493227768246e-24,6.56283482909451e-24
"IBPFAHIO_00495",1523.49068929192,0.26333884347603,0.0718948021460246,3.66283563784161,0.000249438599400355,0.000380970030324586
"IBPFAHIO_00496",1530.21860172312,-0.757677391115202,0.0709103555160694,-10.6850034187672,1.1964464776339e-26,3.24548310161434e-26
"IBPFAHIO_00497",6627.58277604635,1.26684556361163,0.0687313426418779,18.4318465916268,7.29500034091404e-76,3.68693260473223e-75
"IBPFAHIO_00498",8323.22470266923,-1.2415991593264,0.0852400848137769,-14.5659071320601,4.6280015353233e-48,1.71585880962668e-47
"IBPFAHIO_00499",16421.8291350614,2.86513271887556,0.0544033578852081,52.6646300936246,0,0
"IBPFAHIO_00500",1651.80574019885,-2.11012829437979,0.0751746243169485,-28.0696885891062,2.29737119791459e-173,2.1683705438992e-172
"IBPFAHIO_00501",23.1012895402947,0.384080982001819,0.375530921078601,1.02276792786772,0.30641758550275,0.353977380627116
"IBPFAHIO_00502",834.685597755725,-0.134537766565462,0.0816354646490186,-1.64803087902899,0.0993463347983077,0.123645687902054
"IBPFAHIO_00503",1969.86631712479,-2.05306849644178,0.0891115850825871,-23.0392994865823,1.88311544354589e-117,1.31950384240967e-116
"IBPFAHIO_00504",4283.55814179144,-3.26885123615247,0.0691744014511279,-47.2552153336944,0,0
"IBPFAHIO_00505",6817.93036977967,-3.64660279636215,0.0757522405494828,-48.1385470569694,0,0
"IBPFAHIO_00506",4532.6522045903,-0.352069879766138,0.059035992998516,-5.96364796938349,2.46667869039682e-09,4.56137369695134e-09
"IBPFAHIO_00507",689.035302242108,-1.37447814782379,0.0935984667970262,-14.684836139511,8.0628886193433e-49,3.02687111029801e-48
"IBPFAHIO_00508",1419.43490765966,-0.748604088188988,0.0717526656224555,-10.4331188492419,1.75046474343922e-25,4.69300225122774e-25
"IBPFAHIO_00509",283.319324310269,-0.482684205323331,0.12356539430604,-3.90630570989677,9.37179316510226e-05,0.000146808403926628
"IBPFAHIO_00510",3074.57226474987,-0.765151903652248,0.0616833726558297,-12.4045082281981,2.4702470713368e-35,7.62742955360133e-35
"IBPFAHIO_00511",843.746256854178,-1.54914694137163,0.0880966870161947,-17.5846220083947,3.23129016072263e-69,1.5370461305059e-68
"IBPFAHIO_00512",1142.26213704798,-0.261496398039953,0.0748351727599752,-3.49429804723871,0.000475310063370131,0.000710708500551441
"IBPFAHIO_00513",688.508674154257,-0.543334649215821,0.0897199388591061,-6.05589633837201,1.39637907609189e-09,2.59985450881577e-09
"IBPFAHIO_00514",5208.75068160211,-0.247383987876108,0.0793010104170237,-3.11955656775593,0.00181123479213304,0.00262177769620805
"IBPFAHIO_00515",3901.77264254376,-0.0150349555983574,0.0601827451820552,-0.249821698110913,0.802725239018015,0.833074545661429
"IBPFAHIO_00516",2733.16039193405,-1.71123048158656,0.066440375202686,-25.7558822683677,2.76967961074789e-146,2.25800582979774e-145
"IBPFAHIO_00517",8653.83032860352,-1.8220389233227,0.0584420684779324,-31.1768383764634,2.1957117218266e-213,2.61735835526103e-212
"IBPFAHIO_00518",3307.3640563927,-2.83228137309856,0.0660224049849322,-42.898791307965,0,0
"IBPFAHIO_00519",4363.26238656587,0.785113374405684,0.0588813005787038,13.3338320772358,1.47141020573149e-40,4.91345907985337e-40
"IBPFAHIO_00520",9993.48618699849,0.507739370221287,0.0538222214144933,9.43363831661847,3.96105529787501e-21,9.80271087778496e-21
"IBPFAHIO_00521",5978.65258505148,0.633013988907302,0.0564804811065382,11.2076592923006,3.73951915463044e-29,1.05255327475581e-28
"IBPFAHIO_00522",2425.01780113986,0.345672798390179,0.0688982823506804,5.01714682277221,5.24444889538659e-07,9.01804085919349e-07
"IBPFAHIO_00523",1.30589387895262,-1.37462089360353,1.63380761040608,-0.841360319812608,0.400146107874502,0.450089155925004
"IBPFAHIO_00524",1575.38166460976,-0.805817363767141,0.0783025927485561,-10.2910687306967,7.7313430031155e-25,2.04528543459961e-24
"IBPFAHIO_00525",3186.60213262472,-0.963581453213962,0.0670990929787657,-14.3605734509541,9.1467166371429e-47,3.32931583677999e-46
"IBPFAHIO_00526",310.933403871352,-2.26209578699259,0.147822915413905,-15.3027409901821,7.33032632330458e-53,2.90494521315593e-52
"IBPFAHIO_00527",695.613438706789,1.15587950272427,0.0859950553393938,13.4412321518069,3.46616604742203e-41,1.1665656708534e-40
"IBPFAHIO_00528",464.333132573349,0.779368885911147,0.101218756483164,7.69984648093147,1.3622979913235e-14,2.93659624642646e-14
"IBPFAHIO_00529",402.84516036913,-0.430670168301574,0.103862340983087,-4.14654786542609,3.3752564462312e-05,5.42652729023308e-05
"IBPFAHIO_00530",2878.32440538172,2.62628139075199,0.0759265501527306,34.5897632049537,3.60114511286643e-262,5.33397335529522e-261
"IBPFAHIO_00532",675.367325546735,-0.109055912897323,0.116986318781822,-0.932210826299363,0.351227581543318,0.401556333197404
"IBPFAHIO_00533",13942.2352093855,7.75741917721141,0.102268039534809,75.8537976526969,0,0
"IBPFAHIO_00534",907.88552062943,1.34211128461306,0.11083459583993,12.1091368127635,9.44832114953655e-34,2.84400169813012e-33
"IBPFAHIO_00535",1826.49190215527,1.16702439017775,0.0659898392208803,17.6849103431136,5.4808174838857e-70,2.62798171663237e-69
"IBPFAHIO_00536",50.4385431434312,0.509428270320394,0.261499522334284,1.94810401859615,0.0514025180759691,0.0664921461665799
"IBPFAHIO_00537",1048.46577465425,3.46403205366323,0.0935687405932653,37.021253376927,5.21174789142551e-300,8.96181016732479e-299
"IBPFAHIO_00538",400.238794357911,3.60523481733641,0.138438156817518,26.0422046942494,1.64870025394218e-149,1.35519537357006e-148
"IBPFAHIO_00539",912.667746613611,2.82886595815339,0.104471464842613,27.0778816245671,1.79408567809807e-161,1.58345261028597e-160
"IBPFAHIO_00540",2995.23959479402,1.56825775552977,0.0794344589135371,19.7427889228375,9.25271378877093e-87,5.10777115424403e-86
"IBPFAHIO_00542",214.688565580824,0.730700966762449,0.130453543794744,5.60123508727471,2.12829859699556e-08,3.82684459267471e-08
"IBPFAHIO_00543",5052.11809761776,1.636093068791,0.0623742102277095,26.2302811180794,1.20005960353788e-151,1.00576423915556e-150
"IBPFAHIO_00544",897.201163583311,-0.851231659899805,0.0874592995435563,-9.73288906202452,2.18303004859112e-22,5.54938479641854e-22
"IBPFAHIO_00545",1547.06923656156,-0.0540865778710572,0.0675177362398428,-0.801072146123588,0.423089880258646,0.474291840289947
"IBPFAHIO_00546",2618.24201684326,0.516708639083836,0.0605140527351822,8.53865533258901,1.35792759546737e-17,3.1398140383604e-17
"IBPFAHIO_00547",1538.74264893625,-0.0340378431915878,0.0868568113050774,-0.391884558967203,0.695143512495269,0.736758550969126
"IBPFAHIO_00548",993.07947218034,0.847021814229973,0.0784467335816996,10.7974134238213,3.54036675620961e-27,9.69147057143565e-27
"IBPFAHIO_00549",967.280847236673,-1.6232181961698,0.102043636692285,-15.9070986568683,5.65752172000417e-57,2.37077100647794e-56
"IBPFAHIO_00550",2880.16194534646,-2.2260574113082,0.067005991967808,-33.2217663813958,5.2216378399459e-242,7.10142746232642e-241
"IBPFAHIO_00551",488.563709456523,-1.02734893462234,0.100681460003667,-10.2039534844343,1.90362203956473e-24,5.00495355217721e-24
"IBPFAHIO_00552",556.137521000423,-1.3560060520077,0.0991109585782703,-13.6816964688807,1.30609509336842e-42,4.51251330179943e-42
"IBPFAHIO_00553",5852.60723720549,-2.40763983409408,0.0806484471602062,-29.8535175675654,7.90274138368506e-196,8.66117297435373e-195
"IBPFAHIO_00554",1505.34657944519,0.558246680546306,0.0699646239355937,7.97898493759078,1.475415765709e-15,3.25789222952128e-15
"IBPFAHIO_00555",677.066874279386,1.53234399709558,0.0905835931518453,16.9163525510288,3.40899499971446e-64,1.51331053993259e-63
"IBPFAHIO_00556",501.302854492521,-0.317013372717838,0.0982342367807127,-3.22711697170819,0.00125044330865214,0.00182681952123398
"IBPFAHIO_00557",228.782071427941,-0.728907105041711,0.127979229288736,-5.69551097543501,1.23002972055368e-08,2.23180650327266e-08
"IBPFAHIO_00558",128.257632944672,-0.683286610931341,0.169715801089693,-4.02606361071961,5.67183514230342e-05,9.00042762951814e-05
"IBPFAHIO_00559",52.6393427295043,-0.857523340200023,0.258544050348445,-3.31673979364182,0.000910743949184895,0.00133838207070786
"IBPFAHIO_00560",2549.35116959822,-0.277586855098621,0.0619033991090441,-4.48419406840077,7.31900291043563e-06,1.21119782677121e-05
"IBPFAHIO_00561",716.790168001741,-0.0450969906122855,0.0832608680771298,-0.541634883874971,0.588070055694583,0.634056074464213
"IBPFAHIO_00562",1036.31677162432,-0.540810716745672,0.0749452097086272,-7.21608117247576,5.35071252990773e-13,1.10944780938905e-12
"IBPFAHIO_00563",2552.21750447937,0.417500135748725,0.0631163211592475,6.61477297916871,3.72122374616629e-11,7.2913565478255e-11
"IBPFAHIO_00564",1904.35979243462,0.308051302765467,0.0693771615052193,4.44024079512524,8.98582768957658e-06,1.48293416697259e-05
"IBPFAHIO_00565",4037.99322233694,-0.00271821439540973,0.0584384152865099,-0.0465141702094926,0.962900440117033,0.967427171534641
"IBPFAHIO_00566",19662.8622446196,-0.216910819868318,0.0680855234903678,-3.18585814940536,0.00144325342208349,0.0021013207975055
"IBPFAHIO_00567",5298.92681676275,-0.419089339242734,0.0589809054327502,-7.10550874334368,1.19880115484926e-12,2.46347050501991e-12
"IBPFAHIO_00568",1105.48360763474,-0.174245200541426,0.0774239794811575,-2.25053273816585,0.0244151477238499,0.0324811569540946
"IBPFAHIO_00569",2512.574732935,-0.684492562594237,0.0624367567330281,-10.9629743505263,5.75753999370549e-28,1.59505182047841e-27
"IBPFAHIO_00570",15814.6582874741,-1.52368931217014,0.0515699747411997,-29.5460550410712,7.37997144951581e-192,7.83009736771323e-191
"IBPFAHIO_00571",1029.57974806308,-0.705238364694297,0.0867522350274383,-8.12933942821464,4.3163610625402e-16,9.64492330031388e-16
"IBPFAHIO_00572",407.112755777344,-0.294581984451013,0.107910944412314,-2.72986198068524,0.00633608462529039,0.00888774739750063
"IBPFAHIO_00573",7162.65529457277,-1.07298751349217,0.0723607710364759,-14.8283040399237,9.61310987773831e-50,3.64542772549975e-49
"IBPFAHIO_00574",8639.31581748992,-1.16537753238614,0.0610141821556798,-19.1001090437079,2.51960415681484e-81,1.33901521086856e-80
"IBPFAHIO_00575",3287.88165182233,-1.56492493139915,0.0656650053776822,-23.8319470530498,1.55848642456995e-125,1.1456981283325e-124
"IBPFAHIO_00576",5105.80517752358,-1.86977188598363,0.0601735319806559,-31.0729954589455,5.58091536088103e-212,6.57405462982521e-211
"IBPFAHIO_00577",501.783164330807,0.351170829939284,0.101123513212989,3.47269214430515,0.000515266029839961,0.000770067912727853
"IBPFAHIO_00578",2649.26385101515,0.0702501209355362,0.0811683750338382,0.865486353598303,0.386771902761788,0.436687370967271
"IBPFAHIO_00579",17.3120965720856,0.619121331115171,0.445909650414356,1.38844568746126,0.165001372426643,0.200034078727923
"IBPFAHIO_00580",9.29053855264073,-0.0139439796792473,0.572371683805144,-0.0243617566587978,0.980564053030421,0.982863533221782
"IBPFAHIO_00581",5.02571208148821,-1.59872482520475,0.885690878242199,-1.80505960316278,0.0710653556153052,0.0905568756392645
"IBPFAHIO_00582",29.137943675461,-0.454606433706809,0.335771513328605,-1.35391602819476,0.17576316932116,0.2126499808366
"IBPFAHIO_00583",40.8797764227149,0.0854253126029323,0.282156906626269,0.30275818382175,0.762074153074406,0.799763544720667
"IBPFAHIO_00584",53.0827826623768,-1.09987496339731,0.256383649722633,-4.28995750933103,1.78707306255031e-05,2.91544307696321e-05
"IBPFAHIO_00585",32032.8241860103,5.82676692176092,0.0856148223083055,68.0579222693272,0,0
"IBPFAHIO_00586",37932.8448470624,8.30226257903782,0.292022365243603,28.4302285275723,8.55676139330484e-178,8.28538190575019e-177
"IBPFAHIO_00587",32380.2862968722,8.32953150723882,0.289823713842718,28.7399930005697,1.20805904409066e-181,1.19290846862022e-180
"IBPFAHIO_00588",7575.7708235573,8.08853489832817,0.221976796128185,36.438650522991,1.04068367994631e-290,1.7014893827319e-289
"IBPFAHIO_00589",22701.1759720107,8.40787244613127,0.266542199599087,31.5442449967689,2.15043269594001e-218,2.6261610719398e-217
"IBPFAHIO_00590",24140.2779416775,8.81586070082918,0.310780019812129,28.3668837725105,5.18236405223984e-177,5.00181717558116e-176
"IBPFAHIO_00591",54381.4638753831,8.95694475453768,0.429653713638882,20.8468924396773,1.62648715636874e-96,9.77198709207888e-96
"IBPFAHIO_00592",15266.3603438047,9.17586116921835,0.515402370870316,17.8032963909806,6.66290072778119e-71,3.21538693185828e-70
"IBPFAHIO_00593",3560.18143540406,9.38996138770956,0.255571224627798,36.7410744358434,1.61429928257927e-295,2.69831477847888e-294
"IBPFAHIO_00594",18397.4426930094,9.02199899342556,0.392962489022413,22.9589318203626,1.19986494950039e-116,8.31017576135454e-116
"IBPFAHIO_00595",1149.85240467085,3.00669786955046,0.0886376787676925,33.9212162519578,3.24231705422339e-252,4.66394837799825e-251
"IBPFAHIO_00596",27781.9223876353,3.74509014321924,0.0594458573301824,63.0000190327434,0,0
"IBPFAHIO_00597",9485.10383320498,3.48730066991726,0.0582861248986516,59.8307174474373,0,0
"IBPFAHIO_00598",3048.66710415177,5.6414934098053,0.10349507759805,54.5097751577667,0,0
"IBPFAHIO_00599",9312.33708418995,1.16251856632162,0.0640082175876459,18.1620205988363,1.03157084002019e-73,5.11850738530746e-73
"IBPFAHIO_00600",5452.71863491305,1.50865130214377,0.0576627945048676,26.1633400721918,6.94874485084037e-151,5.79126590354162e-150
"IBPFAHIO_00601",61.0909974545021,0.303786418946319,0.236196066256441,1.28616205917881,0.19838650925826,0.237428974280286
"IBPFAHIO_00602",15.5478285375829,0.330565531465237,0.485208236931337,0.681285902225967,0.495690601958468,0.545660883392104
"IBPFAHIO_00603",22.7941078723485,0.155642769083054,0.375697743853399,0.414276560425095,0.678671577907294,0.722114282040763
"IBPFAHIO_00604",17.2276764970129,0.316450241633417,0.436231633699796,0.725417913757236,0.46819568657286,0.518638094863383
"IBPFAHIO_00605",23.4827643910242,-0.344808584206828,0.370032795631538,-0.931832497761017,0.351423096997244,0.401626396568279
"IBPFAHIO_00606",2865.76408167291,1.05314112209152,0.0666327470919978,15.8051583951279,2.86668892706182e-56,1.18468691571395e-55
"IBPFAHIO_00607",2672.37490038313,0.820119741728908,0.0712230960717656,11.5148004925613,1.11116410393959e-30,3.16930695804313e-30
"IBPFAHIO_00608",4891.23861793062,0.768345137140182,0.0644091943076649,11.9291220050046,8.34489803269747e-33,2.45747390884162e-32
"IBPFAHIO_00609",1289.74931971524,0.760432694998681,0.098568048050591,7.7147991670524,1.21172885405849e-14,2.6195756729357e-14
"IBPFAHIO_00610",1458.64543987564,0.192824866402578,0.068145238701427,2.82961612692304,0.00466038837088366,0.00658973629758218
"IBPFAHIO_00611",582.683077531121,1.25828183470399,0.0933353389655355,13.481301387555,2.01520670715958e-41,6.8129926190073e-41
"IBPFAHIO_00612",236.435320649498,0.0130346924128079,0.128151390400814,0.101713234417823,0.918984297083827,0.934602656993477
"IBPFAHIO_00613",3344.15587891144,1.29600418826643,0.0640498351006537,20.2343095221053,4.88419185476617e-91,2.77823232499247e-90
"IBPFAHIO_00614",924.911884719996,1.61574725439573,0.0972933425740557,16.606966228608,6.20530678906395e-62,2.72232813971838e-61
"IBPFAHIO_00615",493.020338837586,3.95855530744979,0.135253421801253,29.2676906412517,2.67433345511598e-188,2.788015922546e-187
"IBPFAHIO_00616",257.424647907707,3.7135373892803,0.174016834406371,21.3401042603056,4.81870896400108e-101,3.01622954399398e-100
"IBPFAHIO_00617",200.587366485927,2.95275235741953,0.169876231838221,17.3817862891586,1.13366615186711e-67,5.29162110200686e-67
"IBPFAHIO_00618",92.3378924451948,1.2200599546985,0.20117754270099,6.06459318628754,1.32288061752335e-09,2.46608025397499e-09
"IBPFAHIO_00619",16.7414988432862,-0.0853720859496906,0.443324660744975,-0.192572382069225,0.847293875964017,0.87416934495602
"IBPFAHIO_00620",6320.4745584126,-0.480024307841926,0.0560065004316063,-8.57086774111372,1.02708151599125e-17,2.38404026054757e-17
"IBPFAHIO_00621",2921.41596820464,-0.156209410464102,0.0647401884533319,-2.41286616854238,0.015827630071884,0.0214281760973198
"IBPFAHIO_00622",3849.70535470127,-0.194081433325632,0.0582108409733314,-3.33411148302339,0.000855723529020032,0.00126124374326499
"IBPFAHIO_00623",85.0925795555785,0.214595518605289,0.201400267919904,1.06551754285964,0.286641791242857,0.333190458196826
"IBPFAHIO_00625",326.357574593848,-1.05281763801275,0.118438929407509,-8.88911815802008,6.15958001621427e-19,1.45918158420531e-18
"IBPFAHIO_00626",304.013935816105,-0.490572800385088,0.118859281201859,-4.12734113335201,3.66981792439202e-05,5.88114366887034e-05
"IBPFAHIO_00627",19.620743763068,0.300994738419846,0.424315389371031,0.709365594460326,0.478097632692501,0.529019274044365
"IBPFAHIO_00628",317.064488844119,-0.507541206720682,0.122432616431983,-4.14547382480097,3.3911173904326e-05,5.44909948022253e-05
"IBPFAHIO_00629",109.560136813351,1.27079862765564,0.179932026332881,7.06265945843689,1.63345697084953e-12,3.34288868452928e-12
"IBPFAHIO_00630",940.182187628928,2.01578067626405,0.0851782558739992,23.6654373299909,8.18665083767504e-124,5.9308618175118e-123
"IBPFAHIO_00631",793.326262538234,0.380481143215062,0.0803531882085851,4.73510947975566,2.18936884384995e-06,3.68839616035983e-06
"IBPFAHIO_00632",3387.53864759581,0.867206188847879,0.0668009377153249,12.9819463394888,1.54893727923424e-38,5.01018415077712e-38
"IBPFAHIO_00633",749.339696981989,1.82972123314456,0.093832476688391,19.4998714487831,1.10058572261545e-84,5.98718633102804e-84
"IBPFAHIO_00634",474.12258713847,1.68077059448846,0.102850345664266,16.3419051597064,4.96761249220262e-60,2.13857504700291e-59
"IBPFAHIO_00635",837.582879458339,1.40724901314274,0.0834490419940205,16.8635730203299,8.33918266075037e-64,3.69641992903187e-63
"IBPFAHIO_00636",625.385319881825,1.70629565830726,0.0946377653347343,18.0297543192412,1.13796159978608e-72,5.59077357399008e-72
"IBPFAHIO_00637",2248.19631465729,0.75407624616278,0.0675800808867605,11.1582619651837,6.52548074891809e-29,1.83154206386144e-28
"IBPFAHIO_00638",142.680974079061,0.785999807623599,0.203504416408965,3.86232309594719,0.000112313890831525,0.000174840354509845
"IBPFAHIO_00639",1229.76117104764,0.666867504929734,0.0740331613407313,9.00768645905222,2.10449039121719e-19,5.02926138220593e-19
"IBPFAHIO_00640",1858.30615160966,0.217166517529706,0.0713592669372662,3.04328403093915,0.00234011345817826,0.00336292961905349
"IBPFAHIO_00641",56.7415759898439,-1.67911983169846,0.277035159190486,-6.06103512855537,1.35248286857531e-09,2.51969411131838e-09
"IBPFAHIO_00642",1269.37545092123,-2.7067844418833,0.0862305113342706,-31.390100789157,2.76176524844616e-216,3.33193613844795e-215
"IBPFAHIO_00643",5225.935878891,1.50494535064437,0.0681482217501088,22.0834133598205,4.56290257367512e-108,3.00048450559032e-107
"IBPFAHIO_00644",971.003007754457,1.01432205459964,0.0764664409508362,13.2649308897716,3.69761583122738e-40,1.22381267334428e-39
"IBPFAHIO_00645",610.697041801761,3.99778210087581,0.129694556660976,30.8245943684906,1.22720153821104e-208,1.40681494342047e-207
"IBPFAHIO_00646",355.233379169302,3.90832248015772,0.160301642884069,24.3810506857016,2.717080857849e-131,2.07915752600619e-130
"IBPFAHIO_00647",714.20290575828,0.923377691178948,0.0907517894699189,10.1747601515342,2.57032427760998e-24,6.72826792529226e-24
"IBPFAHIO_00648",349.957181680766,3.06036978093192,0.139684676197556,21.9091303659082,2.12602874031307e-106,1.38284304152537e-105
"IBPFAHIO_00649",925.892079372477,-1.42785725897504,0.0841949930299346,-16.9589331573123,1.65318823742481e-64,7.37159345212374e-64
"IBPFAHIO_00650",5408.46304357299,-1.06869737613494,0.0554115054696587,-19.2865609240688,6.96554709679691e-83,3.74163678880006e-82
"IBPFAHIO_00651",1195.50157547487,-1.12625291120619,0.0810677896176628,-13.8927299796615,7.01112544616633e-44,2.46791615705055e-43
"IBPFAHIO_00652",4430.99551495983,-0.954323143859626,0.0751443202767476,-12.6998706002658,5.92275552749057e-37,1.86929161795905e-36
"IBPFAHIO_00653",14497.47367696,-0.495213499371085,0.059813231648601,-8.2793302706069,1.23869948206227e-16,2.80347114245864e-16
"IBPFAHIO_00654",8766.85892696131,-1.04800574721693,0.0668403836795105,-15.6792299733341,2.09781939635339e-55,8.56299540776174e-55
"IBPFAHIO_00655",1252.48884773325,0.281714285136173,0.0874802729216173,3.22031785827406,0.0012804853343488,0.00186888396115688
"IBPFAHIO_00656",1944.95277203502,-0.796413748090729,0.0640947579631907,-12.4255676033305,1.89873957164028e-35,5.88098219290655e-35
"IBPFAHIO_00657",2544.73947512918,-0.745543580908596,0.0739006321273428,-10.0884601314899,6.2136579247124e-24,1.61803868674843e-23
"IBPFAHIO_00658",3814.44184522227,-1.09280326703504,0.0767299654918103,-14.2421967745011,5.01261946323546e-46,1.79829225827344e-45
"IBPFAHIO_00659",6591.06710023947,-1.07862551392799,0.0706109932691264,-15.2756031885421,1.11194369208056e-52,4.38909700093014e-52
"IBPFAHIO_00660",2114.61738843356,-2.1389324726018,0.086857152520833,-24.6258645433808,6.67633588129643e-134,5.17502511835205e-133
"IBPFAHIO_00661",1463.98919225076,-2.06147789077471,0.0739094092212092,-27.8919546576912,3.34034015881312e-171,3.09420983132162e-170
"IBPFAHIO_00662",4204.26316389266,-1.71926058078387,0.0572115009644272,-30.0509609397044,2.1210927944524e-198,2.3504850522228e-197
"IBPFAHIO_00663",6699.90782422616,-2.32411756324687,0.0596901788477064,-38.9363477897533,0,0
"IBPFAHIO_00664",288.817092548653,-1.99718615494864,0.132303443186928,-15.095496434865,1.73378066015015e-51,6.71952297301717e-51
"IBPFAHIO_00665",1274.08162270891,-0.75126170651153,0.0779702100104287,-9.63524025920985,5.67590652654117e-22,1.4294875696474e-21
"IBPFAHIO_00666",1484.86394498517,-1.02895370911848,0.0703800372154342,-14.6199654025308,2.09506761838965e-48,7.80627934523266e-48
"IBPFAHIO_00667",1679.06729792028,5.11997836844261,0.105453662466502,48.5519255442551,0,0
"IBPFAHIO_00668",4168.83650390938,4.94489425489817,0.0806922301634341,61.2809219039153,0,0
"IBPFAHIO_00669",3231.67895509965,0.307202321400699,0.0670717798974362,4.58020231266357,4.64526362857344e-06,7.74728471387499e-06
"IBPFAHIO_00670",428.001129608454,0.14627343893611,0.104894289818566,1.39448428688651,0.163171411223254,0.197895769104165
"IBPFAHIO_00671",1899.54499196669,0.318478130329765,0.0633766746565854,5.02516315435417,5.03004720243688e-07,8.65434228274362e-07
"IBPFAHIO_00672",1642.19177913271,0.208343085147673,0.0691758925302364,3.01178745263905,0.00259714376543537,0.00372514580353914
"IBPFAHIO_00673",3267.31856646031,0.143689964343518,0.0662850225599802,2.16775915273311,0.0301770162017048,0.039827804356198
"IBPFAHIO_00674",7285.55546477391,-0.730294383956459,0.054436224200075,-13.4155958589695,4.89979001361182e-41,1.64351700905006e-40
"IBPFAHIO_00675",1658.46887201014,2.22051134455055,0.077370296591529,28.6997910357457,3.8382152739456e-181,3.76522626217876e-180
"IBPFAHIO_00676",1015.31758526013,-0.104230084765793,0.0846198198777549,-1.2317455286051,0.218044156817122,0.259192736272082
"IBPFAHIO_00677",1665.04615087512,-0.253751529760641,0.0693450484952329,-3.65925953282858,0.000252945070150555,0.000385931488980348
"IBPFAHIO_00678",3765.45527218873,-0.557270626844921,0.0607164656485004,-9.17824548732911,4.38172181268538e-20,1.06154750312183e-19
"IBPFAHIO_00679",3100.5461661988,-2.01747631834532,0.0695686419881432,-28.9997944575253,6.61895337045711e-185,6.66798265468272e-184
"IBPFAHIO_00680",837.889477724063,-2.37952812373065,0.0892132092593115,-26.6723744553814,9.84791340517354e-157,8.54056721979109e-156
"IBPFAHIO_00681",2056.60904151084,0.404428325847947,0.0702275225713218,5.75882945945042,8.46992205880713e-09,1.54430266910121e-08
"IBPFAHIO_00682",3126.9909141811,0.139883557233402,0.0621949498588403,2.24911439836974,0.0245052187242426,0.0325864952990817
"IBPFAHIO_00683",799.666908045861,-0.481962634408081,0.0882813908941137,-5.45939103956977,4.77770437546064e-08,8.53426357694223e-08
"IBPFAHIO_00684",278.883190512659,-0.440631667767735,0.118467561065056,-3.71942887830505,0.000199673760507416,0.000306371226378558
"IBPFAHIO_00685",2629.88996711941,0.418889926678879,0.0757444317763398,5.53030654340095,3.19671666622399e-08,5.73415843245935e-08
"IBPFAHIO_00686",5453.09822575604,0.24848406872442,0.0663143625259277,3.74706261599465,0.000178917435768786,0.000275370868220271
"IBPFAHIO_00687",974.85248792814,0.96389024112905,0.0886378717537034,10.874474105238,1.52532847991651e-27,4.19851224646752e-27
"IBPFAHIO_00688",25274.5270125559,0.11719496851577,0.0784370755211362,1.49412720626217,0.135142374239267,0.165579845914777
"IBPFAHIO_00689",7569.0012529382,-1.56017685876682,0.0610263656591755,-25.5656197434435,3.68117854622838e-144,2.97678005684197e-143
"IBPFAHIO_00690",23646.247488489,0.462413859919365,0.0621915447739181,7.43531715766759,1.04317367875767e-13,2.19801101890347e-13
"IBPFAHIO_00691",2184.18924491654,-2.23612170131606,0.077657926893896,-28.794506765179,2.51305347605673e-182,2.48975364250389e-181
"IBPFAHIO_00692",4854.02386325287,-1.47994712929114,0.0626693151277647,-23.6151795543634,2.69163146183936e-123,1.93126171074901e-122
"IBPFAHIO_00693",519.563362851082,0.992199190136563,0.101077293218202,9.81624218997076,9.58501117893231e-23,2.4448724166552e-22
"IBPFAHIO_00694",64.2338108546238,0.551358925750744,0.22903869732117,2.40727410782292,0.0160721016407032,0.0217493116729914
"IBPFAHIO_00695",829.925623739739,0.532009861750316,0.0859693679688674,6.18836539478778,6.07912854819199e-10,1.14683181690986e-09
"IBPFAHIO_00696",334.496815143032,-0.638810157665917,0.109526541554848,-5.83246899424848,5.46131555880352e-09,1.00246970257301e-08
"IBPFAHIO_00697",10471.8491334274,0.653852005357425,0.054001655651621,12.1079992357197,9.58025497337766e-34,2.88081636988402e-33
"IBPFAHIO_00698",10585.0454107946,-0.212129120776072,0.0578995678268956,-3.66374273138415,0.000248556445875003,0.000379816591449442
"IBPFAHIO_00699",1056.29834378723,0.587770863559745,0.100002225213963,5.87757784691453,4.16312953427289e-09,7.67000219614809e-09
"IBPFAHIO_00700",3346.11948489103,-0.310284475489659,0.0636641746585391,-4.87376891562423,1.09489054796816e-06,1.86025696735987e-06
"IBPFAHIO_00701",1898.26085642097,-0.307366557056525,0.0922334427890429,-3.33248491829083,0.00086074135545326,0.0012680148377726
"IBPFAHIO_00702",2395.42619729517,-0.262793477765762,0.0741905099246498,-3.54214411024622,0.000396888580948193,0.000596635713475598
"IBPFAHIO_00703",758.495210691917,-0.329267681083332,0.0939553728122816,-3.50451146355615,0.000457445873112653,0.000685024050226756
"IBPFAHIO_00704",3167.87079857225,-0.319743232646709,0.0683134392386417,-4.68053191597834,2.8613156080015e-06,4.80958219052837e-06
"IBPFAHIO_00705",3.11546746337075,-3.95081799692904,1.44382072381386,-2.73636326987531,0.00621224052690782,0.00872220725317138
"IBPFAHIO_00706",1408.71444655583,-0.855459206284481,0.0891539902805278,-9.59529914020374,8.36740248712449e-22,2.09675613412701e-21
"IBPFAHIO_00707",2025.95957159481,-0.570595783375907,0.0704552111120147,-8.09870234394349,5.55485109896597e-16,1.23753644736457e-15
"IBPFAHIO_00708",5293.5080584453,-1.34089949410873,0.0570185426821536,-23.5169022397415,2.73936197811794e-122,1.9468339758976e-121
"IBPFAHIO_00709",1.70479646630802,0.209120499754219,1.44046436064688,0.145175754060522,0.884572108569169,0.90576308995173
"IBPFAHIO_00710",13013.784972986,0.0849014676272444,0.0737914788706826,1.15055923700935,0.249913610970966,0.293692664581748
"IBPFAHIO_00711",6643.38599167842,-0.402226553526191,0.0762189485925869,-5.27725140471581,1.31135922624599e-07,2.30528014390599e-07
"IBPFAHIO_00712",4967.32675531196,-1.78088294723401,0.0610892214670979,-29.1521630897387,7.84292834261745e-187,8.03631561681898e-186
"IBPFAHIO_00713",900.781215869146,0.530943857696866,0.0915761107170031,5.79784240168965,6.71735323710133e-09,1.22850372160191e-08
"IBPFAHIO_00714",237.677229552532,1.07164564118813,0.134365902723674,7.97557728162619,1.51670216174514e-15,3.3465876607238e-15
"IBPFAHIO_00715",329.631767404546,-1.30479594081936,0.116086886407557,-11.2398220091673,2.59905841664892e-29,7.33621017227696e-29
"IBPFAHIO_00716",2133.27948283454,-0.618462122236861,0.0649509254338706,-9.52199092015315,1.69892489902004e-21,4.23951901406835e-21
"IBPFAHIO_00717",20762.1080554003,2.91511343864588,0.0724186213217293,40.2536445107827,0,0
"IBPFAHIO_00718",1852.86252984808,0.938723598509812,0.0699409928623943,13.421651024553,4.51540096665651e-41,1.51628279374144e-40
"IBPFAHIO_00719",1886.22308062709,-1.74050767104292,0.0796664766499929,-21.8474287332886,8.22345081281991e-106,5.31416087083308e-105
"IBPFAHIO_00720",6712.88209709732,2.39380656680701,0.0648130154148787,36.9340409713059,1.31391305059087e-298,2.22103268212875e-297
"IBPFAHIO_00721",449.570847989779,2.52680049561385,0.120931434635071,20.8944887095638,6.00967374924125e-97,3.63251391065249e-96
"IBPFAHIO_00722",5257.69308192859,-1.88837416148573,0.069804938232781,-27.0521571867667,3.60267209785664e-161,3.16105422779679e-160
"IBPFAHIO_00723",5881.21838540021,-0.743710188037878,0.0675434821473535,-11.0108357519293,3.38845733188498e-28,9.43094356930218e-28
"IBPFAHIO_00724",3401.00708130841,-1.40081101842074,0.0594565613399311,-23.5602427528878,9.85818083956815e-123,7.05638207463826e-122
"IBPFAHIO_00725",3376.63836352687,-1.22910072405907,0.0588941073835288,-20.8696723435327,1.01023779031006e-96,6.08175345796318e-96
"IBPFAHIO_00726",326.093307655953,-1.12844483018637,0.113289697075424,-9.96070127573113,2.26459620585397e-23,5.85118467004757e-23
"IBPFAHIO_00727",13412.7616831908,-0.311627398337508,0.0517211369007582,-6.0251459463363,1.68957091571591e-09,3.1379243822607e-09
"IBPFAHIO_00728",3462.30457499336,-1.00037302737991,0.0640220561347989,-15.6254436013991,4.88509949846322e-55,1.98589914394048e-54
"IBPFAHIO_00729",1338.70362660309,-0.907501861706421,0.0750862555365778,-12.086124886922,1.25046914506763e-33,3.74890148501236e-33
"IBPFAHIO_00730",18.2797652065997,-1.46194287726575,0.466170794576187,-3.13606706871214,0.00171230040252558,0.00248217190133553
"IBPFAHIO_00731",63.4086135864556,-1.7415928811839,0.252245089101949,-6.90436784075509,5.04274783196299e-12,1.01465376686168e-11
"IBPFAHIO_00732",531.127765784347,-0.949901774835341,0.10019325378723,-9.4806959443851,2.5259273568477e-21,6.28227319342337e-21
"IBPFAHIO_00733",134.018548932091,-1.90151131835623,0.191411613799313,-9.93414809380316,2.95692591301193e-23,7.61370252300489e-23
"IBPFAHIO_00734",1861.04092152248,1.36051186965027,0.089165466103978,15.2582824842047,1.45015254140295e-52,5.71654335161742e-52
"IBPFAHIO_00735",334.879549747959,-0.783376504227896,0.113060900201947,-6.92880122861791,4.24421642364014e-12,8.5801996888725e-12
"IBPFAHIO_00736",38.107571724288,-0.021214612882244,0.290283335982037,-0.0730824344789698,0.941740519530995,0.953532194394835
"IBPFAHIO_00737",656.531040810509,-0.363680622023444,0.0893496294693082,-4.07030923556733,4.69507737473893e-05,7.48012327221453e-05
"IBPFAHIO_00738",107.57056084578,-0.927920869184414,0.200076386014627,-4.63783301801831,3.52081045413978e-06,5.88506417809286e-06
"IBPFAHIO_00739",38.000215919398,-0.775802270380735,0.292176125498362,-2.65525552116025,0.00792483543426913,0.0110335540341243
"IBPFAHIO_00740",21.3819943994404,0.177286812531596,0.406214892278152,0.436436024138182,0.662520406784147,0.707192671101737
"IBPFAHIO_00741",3.63294853177912,-0.589485386277508,0.954886941400086,-0.617335268417416,0.53701360868101,0.585761836373891
"IBPFAHIO_00742",23.2845004813453,0.0229302402851215,0.364673609555172,0.0628788036323542,0.949863013689159,0.959019221481856
"IBPFAHIO_00743",5.22633511480661,2.49527344072235,0.946450650601638,2.63645382792664,0.00837776007654456,0.0116370743495921
"IBPFAHIO_00744",3.281123277437,0.97924830380965,1.00304272962733,0.976277754561346,0.328926840661886,0.377502534430519
"IBPFAHIO_00745",69.4527895326767,-1.36933853506831,0.248633071311107,-5.50746740104778,3.64032794272317e-08,6.51816948212312e-08
"IBPFAHIO_00746",190.70104320985,-0.621977520229172,0.141352039553683,-4.40020195105114,1.08150179735021e-05,1.7769650618736e-05
"IBPFAHIO_00747",59.3926861305177,-1.01412222539104,0.247938824305837,-4.09021147950633,4.30980037608798e-05,6.87729212013612e-05
"IBPFAHIO_00748",395.753486688849,0.162382571172118,0.106628951002394,1.52287506953409,0.127789964090596,0.15715066689645
"IBPFAHIO_00749",473.836601985573,2.21508464043452,0.114680402150561,19.3152849039228,3.99521142069218e-83,2.15381487760559e-82
"IBPFAHIO_00750",117.777994252614,-0.94014438761699,0.180547062834233,-5.20719846038243,1.91713019936821e-07,3.35441728450858e-07
"IBPFAHIO_00751",321.543006371574,-0.187240338892866,0.113004308860908,-1.65693096821053,0.0975334324741469,0.121693090059486
"IBPFAHIO_00752",518.90864106725,3.09095537823999,0.122364013505669,25.260330138622,8.72132450487374e-141,6.95845411162193e-140
"IBPFAHIO_00753",1845.3724435208,3.01605561063917,0.0925383243820639,32.5925029524713,5.23773679938955e-233,6.90366013382094e-232
"IBPFAHIO_00754",122.091357832251,0.0956872718952362,0.175265399164601,0.545956431510883,0.58509588623194,0.631163125462551
"IBPFAHIO_00755",142.599714227176,0.0793334549127702,0.15535202479896,0.510668946963745,0.609582888387263,0.654697369136346
"IBPFAHIO_00756",113.413223665389,-0.135466059452948,0.180223833708782,-0.751654521298462,0.452258846621169,0.503782006362822
"IBPFAHIO_00757",40.5535756312462,-0.172018967926604,0.285424100901537,-0.602678496256158,0.546722589561726,0.595483796129845
"IBPFAHIO_00758",60.4421024902215,0.244389798972321,0.243285771264126,1.00453798716817,0.315119370742329,0.363188427296243
"IBPFAHIO_00759",12.6279861008592,0.161664970610865,0.506112777401105,0.319424795874581,0.749404410506287,0.787572179920903
"IBPFAHIO_00760",34.5436058804805,-0.129713436587394,0.301060419733622,-0.430855164229706,0.666573685904834,0.711011931631823
"IBPFAHIO_00761",1.1538534750032,1.48004641505691,1.86426155188534,0.793904918309412,0.427250786228487,0.478418545058246
"IBPFAHIO_00762",16.7815540889199,0.489761964502348,0.464105468526909,1.05528160669357,0.291296550738558,0.33820693822653
"IBPFAHIO_00763",283.713274275676,0.940308885257161,0.118803811033987,7.91480405446053,2.47642801552556e-15,5.44014142617656e-15
"IBPFAHIO_00764",2.15165088031337,1.29799161389774,1.30574253820179,0.994063971972056,0.320191724002352,0.36846678392886
"IBPFAHIO_00765",103.98358619029,1.95448090581853,0.200438583495379,9.75102134396988,1.82621589664043e-22,4.64629078464981e-22
"IBPFAHIO_00766",136.347752689599,1.4305321996302,0.167419973487211,8.54457308667221,1.2901229593632e-17,2.98534253241662e-17
"IBPFAHIO_00767",141.885729525056,-0.508913319817413,0.159527979293661,-3.19011951427403,0.0014221396831204,0.00207158808758336
"IBPFAHIO_00768",29.0897605427983,0.888675301700418,0.341854438413226,2.59957222092933,0.00933400353198869,0.0129173628897827
"IBPFAHIO_00769",14.3452851231067,0.949882748354957,0.503982266724282,1.88475430798167,0.0594630164635609,0.0763249014410014
"IBPFAHIO_00770",18.3507093270879,0.777105928120488,0.446310209620163,1.74117891854155,0.0816522213498494,0.103081622902426
"IBPFAHIO_00771",6.13801398446827,0.253376954846361,0.706117167987874,0.358831319125655,0.719721281586599,0.759837774700217
"IBPFAHIO_00772",15.1849312462388,-0.0577560885562996,0.464472869568954,-0.124347604220456,0.901040057035968,0.919478803087182
"IBPFAHIO_00773",3.18729180301628,0.340484240405242,0.973477139130383,0.349760900096123,0.726518145017228,0.765671817503186
"IBPFAHIO_00774",7.62924721456032,0.189300109789169,0.694685492839609,0.27249757154908,0.785239458274992,0.817195290142183
"IBPFAHIO_00775",78.1483765339277,0.196568802367383,0.22017637597327,0.892778807437756,0.371975637546633,0.423336290429641
"IBPFAHIO_00776",1093.48164596226,-1.03991284454461,0.0759789357803693,-13.6868572040896,1.21658494376086e-42,4.21787039598204e-42
"IBPFAHIO_00777",403.305236740555,1.23498688795859,0.104332241572421,11.8370588932602,2.51104985215623e-32,7.32981576356239e-32
"IBPFAHIO_00778",4.89939672484066,1.11426884536744,0.823739029460177,1.35269643117148,0.176152631047773,0.213035033183079
"IBPFAHIO_00779",40.1444961013239,0.259836475709371,0.297423680941405,0.873624033187058,0.382323033640484,0.432971429467194
"IBPFAHIO_00780",21.1862041564038,2.07995943198775,0.428632451286153,4.85254773815335,1.21885431682096e-06,2.06970040631572e-06
"IBPFAHIO_00781",43.7126392517067,1.64642817784211,0.293036668038674,5.61850565958803,1.92616087152334e-08,3.47173092023966e-08
"IBPFAHIO_00782",18.0307012413282,1.72468956053184,0.45451602801785,3.79456268693809,0.000147903911359067,0.00022869690066477
"IBPFAHIO_00783",1.05878772983699,1.21535745465403,1.8420436690388,0.659787536572473,0.509390182548583,0.55827671288841
"IBPFAHIO_00784",53.2145037021133,0.367951284801466,0.249773898697384,1.47313745239354,0.14071397643412,0.172124373463159
"IBPFAHIO_00801",9109.95040893735,0.101512778522767,0.0612481633874199,1.65740118410827,0.0974383921840881,0.121625227123401
"IBPFAHIO_00802",4185.59750130135,0.0902052787497702,0.0704733254164387,1.27999180139055,0.20054801933282,0.239728195702675
"IBPFAHIO_00803",16114.6830994599,-0.711352661296348,0.0590418205184999,-12.048284674309,1.9802805421621e-33,5.90727754950052e-33
"IBPFAHIO_00804",1559.58081779333,-0.92654955318415,0.0768552195941365,-12.0557791400135,1.80814493507007e-33,5.40456508064901e-33
"IBPFAHIO_00805",13211.7579846705,-1.95527073298081,0.0581356425394445,-33.6329082740278,5.54371654099759e-248,7.8610426022108e-247
"IBPFAHIO_00806",317.640747105883,0.970035071029735,0.118473050582348,8.1878120489139,2.66017818050274e-16,5.97093257019069e-16
"IBPFAHIO_00807",45295.0019922915,-1.36062559651228,0.0678475981886106,-20.0541453616362,1.85707319926649e-89,1.04246960829369e-88
"IBPFAHIO_00808",39645.6537749058,-1.40421251580137,0.0594006740484892,-23.6396730894854,1.50741359130066e-123,1.08679071449918e-122
"IBPFAHIO_00809",5924.60478891882,0.947751431692455,0.0594105068137999,15.9525895758275,2.73324366684025e-57,1.15019199032152e-56
"IBPFAHIO_00810",854.391897107142,0.837474515262769,0.0836589291055203,10.0105813475863,1.36945421932023e-23,3.54446974412295e-23
"IBPFAHIO_00811",2904.86812967855,0.169680549893428,0.062420939892055,2.7183273783903,0.00656128825663742,0.00918212089048605
"IBPFAHIO_00812",0.329818877485617,-1.73354882645341,3.23905944044227,-0.535201300972949,0.592510666790174,0.638383836887361
"IBPFAHIO_00813",13818.5102723476,4.30870104954539,0.0708111464110144,60.8477798754461,0,0
"IBPFAHIO_00814",2778.88960053891,0.218006474724118,0.0639217500026882,3.41052106231368,0.00064838875939631,0.000964204357909423
"IBPFAHIO_00815",0.621819455381196,-2.66533054419588,2.37482370489254,-1.12232774951035,0.26172311168977,0.306367586140763
"IBPFAHIO_00816",7882.17966289042,0.317476989824511,0.0527767968633475,6.01546529332842,1.79370731601131e-09,3.32719918754237e-09
"IBPFAHIO_00817",981.62759264115,0.455500661070452,0.0785626301581777,5.79793039201143,6.7138306252801e-09,1.22850372160191e-08
"IBPFAHIO_00818",10193.1280206727,-1.83087221702742,0.0576582115957277,-31.7538849429571,2.80640785809116e-221,3.49865512975365e-220
"IBPFAHIO_00819",1168.00572864864,-0.337377134024755,0.0788395358194299,-4.27928869086021,1.87491545413006e-05,3.05708285490853e-05
"IBPFAHIO_00820",943.538585676906,-1.13593096042939,0.0815815054103641,-13.9238783927255,4.53606390769752e-44,1.60046028441403e-43
"IBPFAHIO_00821",4277.82099130985,-0.228422060139356,0.0571108401776722,-3.99962703102831,6.34423872106072e-05,0.000100327496053983
"IBPFAHIO_00822",779.698721876318,1.23186845287393,0.089033122943246,13.8360692307646,1.54423051477231e-43,5.41657409167497e-43
"IBPFAHIO_00823",0,NA,NA,NA,NA,NA
"IBPFAHIO_00824",8512.23162603305,-2.34916072844579,0.0572196428925652,-41.0551448714306,0,0
"IBPFAHIO_00825",4348.4590504941,-3.0823072475922,0.0660985549701739,-46.6319914101459,0,0
"IBPFAHIO_00826",7635.12438346636,-2.49320722002993,0.0551247128034891,-45.228484525948,0,0
"IBPFAHIO_00827",4347.42529217468,-2.56865521051007,0.0607793377977919,-42.2619808569778,0,0
"IBPFAHIO_00828",6550.2946351606,-2.40762336155161,0.0587292341806588,-40.9953134097653,0,0
"IBPFAHIO_00829",6523.62996830881,-2.64026925827185,0.0790081200537208,-33.4176949973829,7.5867852118499e-245,1.05579820250488e-243
"IBPFAHIO_00830",1302.10105196097,-2.76060368202016,0.0829040320179678,-33.2987867396105,4.02033918643719e-243,5.49262778347949e-242
"IBPFAHIO_00831",9676.05148681494,-2.95842667005371,0.0574441022444924,-51.5009644934848,0,0
"IBPFAHIO_00832",6548.09230138488,-3.69847014912895,0.0638872886254348,-57.8905480057658,0,0
"IBPFAHIO_00833",13877.3795177309,-4.85669930591506,0.075609564130785,-64.2339280982262,0,0
"IBPFAHIO_00834",13523.4654690594,-4.86408684232869,0.0730988762058285,-66.5411986448685,0,0
"IBPFAHIO_00835",26802.8887545725,-5.21641679614976,0.0623767027836638,-83.6276456330411,0,0
"IBPFAHIO_00836",7873.96985189773,-5.36527890091705,0.096571487910232,-55.5575876174171,0,0
"IBPFAHIO_00837",9939.72638112882,-5.22803517173559,0.0901547875514085,-57.9895456883466,0,0
"IBPFAHIO_00838",18975.4716866039,-5.25107655428693,0.0771307107597007,-68.0802303332399,0,0
"IBPFAHIO_00839",17591.4461237611,-5.50725305981176,0.0705741849162988,-78.0349509717098,0,0
"IBPFAHIO_00840",16288.7899069278,-5.64791152907285,0.0765493839659244,-73.7812799589216,0,0
"IBPFAHIO_00841",11551.9595749331,-5.7111386272025,0.0868107405642569,-65.7883873594552,0,0
"IBPFAHIO_00842",17913.8232251171,-4.47612936034673,0.0715777749633607,-62.5351844568788,0,0
"IBPFAHIO_00843",9825.88449268977,-4.46378323739926,0.0693991366434131,-64.3204433555866,0,0
"IBPFAHIO_00844",474.894264096702,0.355782952206921,0.0949980024793652,3.74516245522322,0.000180277082380307,0.000277320838294025
"IBPFAHIO_00845",6152.2075505649,0.32477317139716,0.0602517708373724,5.39026765327389,7.03528222289711e-08,1.25071683962615e-07
"IBPFAHIO_00846",4015.85905975085,0.760795267694196,0.0631675177179881,12.044089987686,2.08363107018825e-33,6.20938661554109e-33
"IBPFAHIO_00847",3145.02038145769,0.385993896436229,0.0622550351388606,6.20020365541944,5.6390144085977e-10,1.06582003225043e-09
"IBPFAHIO_00848",2700.65253837422,0.340632186126269,0.0642815613911887,5.29906521799206,1.16397055904363e-07,2.05100112641845e-07
"IBPFAHIO_00849",183.595080699786,0.345975857271727,0.149624889924896,2.31228813231133,0.0207618102526724,0.027781456295168
"IBPFAHIO_00850",76021.5308662825,-0.624870927258438,0.0477768495830512,-13.078947915396,4.34411132728687e-39,1.41894990079064e-38
"IBPFAHIO_00851",16034.1478829692,-1.0784366073598,0.0718753716302089,-15.0042578271211,6.88568252294623e-51,2.64806710908163e-50
"IBPFAHIO_00852",11878.931656163,0.200606736376555,0.0571892399339998,3.50777063321822,0.000451878469224517,0.000677364919799476
"IBPFAHIO_00853",21925.5694596941,4.36079338260458,0.0764400554934351,57.0485376345534,0,0
"IBPFAHIO_00854",50.457317114093,-0.0183586715179565,0.258242777117003,-0.0710907453943566,0.943325533641259,0.954491037083073
"IBPFAHIO_00855",4901.94859319717,-1.83646425574868,0.0585412937630913,-31.3704077532109,5.12673408912678e-216,6.16031662436439e-215
"IBPFAHIO_00856",7308.12666419472,-0.818815212847629,0.0573505490513029,-14.2773735629829,3.02799902087384e-46,1.08891503250655e-45
"IBPFAHIO_00857",3326.55454732652,0.31555111323195,0.0600677388635492,5.2532543958207,1.49434904719965e-07,2.62234155379551e-07
"IBPFAHIO_00858",505.059231767273,-0.843238021254044,0.10410722777485,-8.09970680496549,5.50917995923949e-16,1.22827618763372e-15
"IBPFAHIO_00859",8859.4934551669,-0.200738343198714,0.0528471735424338,-3.79846886300419,0.000145592714880499,0.000225472775839779
"IBPFAHIO_00860",1786.27770163687,-0.072817357746143,0.0668824399208156,-1.08873656272639,0.27627007337093,0.322172230827866
"IBPFAHIO_00861",572.456119739007,0.0579188541109213,0.0906797132239625,0.63871898191685,0.523005761922922,0.571107021778607
"IBPFAHIO_00862",2482.74225519146,-0.992948161732829,0.0628608781511949,-15.7959638957725,3.31684247224537e-56,1.36694114007688e-55
"IBPFAHIO_00863",558.903446499158,0.0331865437758077,0.12221735098651,0.271537089520708,0.785977977525772,0.817395241139071
"IBPFAHIO_00864",2224.19138472115,2.30476846777317,0.0746665705264722,30.8674745809578,3.26496732707034e-209,3.77173059559631e-208
"IBPFAHIO_00865",7709.50743005085,0.277540113380852,0.0558201521256136,4.97204150852718,6.62515153247337e-07,1.13400763073e-06
"IBPFAHIO_00866",13158.8721236547,1.02261906781309,0.0699577875468549,14.6176587864243,2.16725666318348e-48,8.06521385105098e-48
"IBPFAHIO_00867",13673.8248228432,0.991001336199904,0.0545807045192058,18.156624120731,1.13811628228171e-73,5.63782105395177e-73
"IBPFAHIO_00868",632.75533419066,-1.24971874245919,0.090679877201889,-13.7816545524959,3.28652506260016e-43,1.14473608699647e-42
"IBPFAHIO_00869",403.946997764942,1.09602292022548,0.10587880465915,10.3516744805899,4.11229649329021e-25,1.09466113059825e-24
"IBPFAHIO_00870",514.887747874036,-0.935403941126282,0.100284746607017,-9.32747972921371,1.0841817417252e-20,2.65891128790311e-20
"IBPFAHIO_00871",725.327700222957,0.750959390415423,0.0945820753424115,7.93976435489236,2.02565722756698e-15,4.45644590064736e-15
"IBPFAHIO_00872",1.13800572468538,1.46710106291592,1.79895973471476,0.815527459900898,0.41477045289602,0.465488820354423
"IBPFAHIO_00873",0,NA,NA,NA,NA,NA
"IBPFAHIO_00874",23.8986494634182,0.0238761772877862,0.362393679167752,0.0658846405451069,0.947469669080938,0.958360125047386
"IBPFAHIO_00875",2230.31003348975,0.76264444989901,0.0653595734761974,11.6684428820018,1.84774206858705e-31,5.33633616719349e-31
"IBPFAHIO_00876",5466.39795823083,0.390238031400037,0.0623530087474445,6.25852768357438,3.88628917386358e-10,7.39680483982177e-10
"IBPFAHIO_00877",1957.04219406904,-1.1840277638783,0.0762945405883212,-15.519167619964,2.57367841642345e-54,1.04200890689296e-53
"IBPFAHIO_00878",2910.57212689628,-1.35784944349809,0.0648431090402493,-20.9405357577047,2.28871232187493e-97,1.38901161603444e-96
"IBPFAHIO_00879",3036.23876546511,-1.66417142645661,0.0691935142083479,-24.0509742205843,8.15411914312127e-128,6.05387704124537e-127
"IBPFAHIO_00880",11122.060066672,-2.25692923379256,0.0539756139185439,-41.8138687074232,0,0
"IBPFAHIO_00881",6600.42288525509,-1.49797413994043,0.0549456136741303,-27.2628521145394,1.17018297520216e-163,1.05140764618765e-162
"IBPFAHIO_00882",501.674682823707,-2.44507370083684,0.115669760533087,-21.1384003007202,3.52835698290966e-99,2.16772979319624e-98
"IBPFAHIO_00883",0.619610122263685,-2.66162857461411,2.22359306296643,-1.19699445862784,0.231308714622648,0.273008155483614
"IBPFAHIO_00884",8970.3684138652,-0.610572081112439,0.0589075010803861,-10.3649292520361,3.58023302737671e-25,9.57288401958097e-25
"IBPFAHIO_00885",5024.77150091671,-1.16723828837349,0.063269710541973,-18.4486111659884,5.35024727826661e-76,2.7178166140193e-75
"IBPFAHIO_00886",4368.57330890595,-1.13120404612572,0.073151640598638,-15.4638233246512,6.08754851918807e-54,2.45140581014949e-53
"IBPFAHIO_00887",2993.61989803899,-1.44719205664006,0.0622401708717033,-23.2517365613148,1.3661371553211e-119,9.61760557346055e-119
"IBPFAHIO_00888",683.111585485701,-1.51152434485294,0.0954217250023017,-15.8404634250375,1.63610606973854e-56,6.80838575891199e-56
"IBPFAHIO_00889",539.674176822521,-1.35683272656786,0.101990128491238,-13.3035691457573,2.20677346441182e-40,7.35263497273961e-40
"IBPFAHIO_00890",2283.40844270566,-1.44015942325854,0.069683796565034,-20.6670631373317,6.8563427079083e-95,4.04618883275377e-94
"IBPFAHIO_00891",2951.19391612708,-1.42436255954859,0.0622510171245653,-22.8809523979088,7.19137420473041e-116,4.94634290127664e-115
"IBPFAHIO_00892",2625.27092621831,-1.53459126101926,0.0683224735130945,-22.4610026849386,9.99080548852205e-112,6.71741348801303e-111
"IBPFAHIO_00893",970.156501281011,-1.31571096620319,0.0795754651314779,-16.534128503419,2.08369948745818e-61,9.08808872663976e-61
"IBPFAHIO_00894",645.179422501908,-1.4021549232626,0.0942380057341725,-14.8788687996838,4.52078529799126e-50,1.7187026190076e-49
"IBPFAHIO_00895",1774.09472039015,-0.856018164106306,0.0705589177362404,-12.1319627847217,7.15145119783864e-34,2.15696995805778e-33
"IBPFAHIO_00896",326.345222774018,-1.00129413214891,0.115825699658454,-8.64483560299242,5.38828191194576e-18,1.25558718695808e-17
"IBPFAHIO_00897",4231.56500135289,-1.71401308946231,0.0600883374696911,-28.5248878840569,5.75646563742088e-179,5.61021015868511e-178
"IBPFAHIO_00898",0.660158234030416,0.210781820468269,2.16571464676761,0.0973266818797511,0.922466967506152,0.936870728709575
"IBPFAHIO_00899",11522.7012152618,-2.00883258026479,0.0529510213798923,-37.9375605590798,0,0
"IBPFAHIO_00900",4188.77738695375,-2.0358672277528,0.061644280519815,-33.0260522239105,3.4341576839371e-239,4.58705347783027e-238
"IBPFAHIO_00901",3056.92269444864,-2.1113944687268,0.0622015256039513,-33.9444161252642,1.47457330044692e-252,2.13136392025951e-251
"IBPFAHIO_00902",1269.47155010858,-2.90449391465927,0.0938938169386466,-30.9338144870303,4.1943844189578e-210,4.86418534167509e-209
"IBPFAHIO_00903",4292.33916716516,-1.48255303025625,0.0622052503588919,-23.8332459350729,1.5108993483565e-125,1.11345094834548e-124
"IBPFAHIO_00904",9396.00950400737,-0.926362651459974,0.0530694517008083,-17.4556665232301,3.11717875845368e-68,1.46184934879207e-67
"IBPFAHIO_00905",5112.4394842814,-1.02298097618465,0.0554211419018773,-18.4583164669509,4.47060376782188e-76,2.2787131981811e-75
"IBPFAHIO_00906",14497.8249667053,-0.699925459479858,0.0586251210136617,-11.9390023828992,7.41066825146301e-33,2.18450437520959e-32
"IBPFAHIO_00907",2864.11470491414,-0.910403692236906,0.0627067280166138,-14.5184371921893,9.25973389027448e-48,3.41616816272518e-47
"IBPFAHIO_00908",5057.78190630125,-1.32903982716855,0.0629727802499129,-21.1049888839931,7.15715745536216e-99,4.37024798090685e-98
"IBPFAHIO_00909",2727.61355368094,-0.95337287675314,0.0618998797580406,-15.4018534523777,1.59044494654234e-53,6.37029622497279e-53
"IBPFAHIO_00910",1615.76834317301,-0.716731572754164,0.0776612620209279,-9.22894573308661,2.73308616451741e-20,6.6482876457204e-20
"IBPFAHIO_00911",2296.82257813759,-0.675173863328239,0.088933154628184,-7.59192526286781,3.1518680771644e-14,6.71202084475152e-14
"IBPFAHIO_00912",2077.2095326555,-0.780971325035503,0.101447558041892,-7.69827623364778,1.37913982948146e-14,2.97076052542011e-14
"IBPFAHIO_00913",2525.99811182881,-0.84152360038743,0.0700786984655128,-12.0082652619692,3.2151874247063e-33,9.56246597884817e-33
"IBPFAHIO_00914",6461.26659224509,-0.583373114833886,0.0636690823448779,-9.16258085319834,5.06706975818589e-20,1.2226348964913e-19
"IBPFAHIO_00915",3521.23305560858,-1.11671544662021,0.0677823341555258,-16.4750220029,5.54683779327759e-61,2.412229458937e-60
"IBPFAHIO_00916",661.617741772144,1.74944884715526,0.0918331678355559,19.0502940101987,6.53342272483362e-81,3.44761918742543e-80
"IBPFAHIO_00917",6212.67414314292,1.13475228594643,0.0557426266258575,20.3569934650344,4.02539291407788e-92,2.31170356985048e-91
"IBPFAHIO_00918",28.0249061178181,-0.74341905794469,0.347239027643371,-2.14094326605537,0.0322786134945671,0.0425264692099272
"IBPFAHIO_00919",0,NA,NA,NA,NA,NA
"IBPFAHIO_00920",0.495961375892407,-0.682138461879937,2.49457815948295,-0.273448422245998,0.784508534968539,0.816718697503781
"IBPFAHIO_00921",0.839491019800125,-1.74447441729299,2.09759537217367,-0.83165439838154,0.40560404740924,0.455885540889725
"IBPFAHIO_00922",0,NA,NA,NA,NA,NA
"IBPFAHIO_00923",0.192459364692238,1.14992122140206,3.99204880770588,0.288052896342941,0.773306248334905,0.808149596583316
"IBPFAHIO_00924",0,NA,NA,NA,NA,NA
"IBPFAHIO_00926",17.8059513070363,2.52290946629971,0.500784855875663,5.03791086471295,4.70640510283654e-07,8.11150003899017e-07
"IBPFAHIO_00927",0,NA,NA,NA,NA,NA
"IBPFAHIO_00928",0,NA,NA,NA,NA,NA
"IBPFAHIO_00929",0,NA,NA,NA,NA,NA
"IBPFAHIO_00930",47.4848172104433,2.38425338130343,0.304341928171593,7.83412721220308,4.72110602430071e-15,1.02955898139269e-14
"IBPFAHIO_00931",0,NA,NA,NA,NA,NA
"IBPFAHIO_00932",0,NA,NA,NA,NA,NA
"IBPFAHIO_00933",0,NA,NA,NA,NA,NA
"IBPFAHIO_00934",234.614349720486,4.61727773247077,0.220289223343765,20.9600708667687,1.51860878953742e-97,9.23511686645522e-97
"IBPFAHIO_00935",198.110228962427,3.57819010801847,0.18982316652191,18.8501233731419,2.93157894545007e-79,1.52544073126724e-78
"IBPFAHIO_00936",927.760325452793,4.54183065246121,0.117923489090747,38.5150633472698,0,0
"IBPFAHIO_00937",13.9729043037789,4.85578093274782,0.927293344426856,5.2365100665627,1.63641320841341e-07,2.86827669570762e-07
"IBPFAHIO_00938",137.892272041951,6.06542814551912,0.424529920391164,14.2873984946229,2.62223466268034e-46,9.44130699246639e-46
"IBPFAHIO_00939",192.297370648296,5.99837223721496,0.352492730893183,17.0170097466,6.14286926879827e-65,2.76382930108939e-64
"IBPFAHIO_00940",122.286498032519,5.78272644469109,0.413156558259311,13.9964532308396,1.63845904525708e-44,5.81526626738929e-44
"IBPFAHIO_00941",181.094229827003,5.98884709843653,0.361668865932325,16.5589235418377,1.38041670333778e-61,6.02949894363013e-61
"IBPFAHIO_00942",116.36494880021,6.35689383614658,0.504699655070165,12.5953996050638,2.23823522765701e-36,7.0197062905134e-36
"IBPFAHIO_00943",143.331655225924,5.73198419821634,0.377547178093491,15.1821667087045,4.64191339251581e-52,1.82155847876148e-51
"IBPFAHIO_00944",47.9527536700066,4.8976128464831,0.510996889828482,9.58442789764729,9.29714571027539e-22,2.32584113420936e-21
"IBPFAHIO_00945",474.03821917067,5.93195670118571,0.223656596374881,26.5226100966095,5.31780573384353e-155,4.57209044702869e-154
"IBPFAHIO_00946",127.139568927559,6.48573280891002,0.502598444348759,12.9044028723843,4.25097901098675e-38,1.36615780890144e-37
"IBPFAHIO_00947",372.436101398808,3.72419098800931,0.148156519006968,25.1368688530956,1.96705332224285e-139,1.56527221812516e-138
"IBPFAHIO_00948",123.615858328988,3.92478414793411,0.251441572346119,15.6091298320848,6.3091607714165e-55,2.56133094003774e-54
"IBPFAHIO_00949",468.154900723989,4.74592650479851,0.16582889593701,28.6194180934622,3.85232456533332e-180,3.76671735277035e-179
"IBPFAHIO_00950",23.5364473270187,4.36207258922456,0.627298515561107,6.95374288479348,3.5571968123111e-12,7.20591256766067e-12
"IBPFAHIO_00951",43.5366689560035,4.90845014184377,0.533486689644644,9.20069841876148,3.55630665333322e-20,8.63674472952352e-20
"IBPFAHIO_00952",523.14988526809,4.38738582648103,0.148451068593681,29.5544240135419,5.76140899617225e-192,6.13456787065743e-191
"IBPFAHIO_00953",238.476534895426,4.40374739225242,0.206830625958722,21.2915634318647,1.35917308387301e-100,8.47217888947512e-100
"IBPFAHIO_00954",91.1399573052467,3.73130032620207,0.281242026000738,13.2672217565105,3.58632016047826e-40,1.18829124254163e-39
"IBPFAHIO_00955",56.2216910234279,4.99177802353686,0.484069429746789,10.3121116864331,6.21211109026611e-25,1.64921352103604e-24
"IBPFAHIO_00956",367.669279454259,-0.121852891269359,0.113905346394311,-1.06977323827747,0.284721391052076,0.331473308182028
"IBPFAHIO_00957",377.634196512154,3.3611585655342,0.137390307812483,24.4643062458355,3.54458751086224e-132,2.73335201868552e-131
"IBPFAHIO_00958",25.0103857280292,1.00788523719582,0.379656566007408,2.65472884558556,0.00793721815141152,0.0110456542832666
"IBPFAHIO_00959",0,NA,NA,NA,NA,NA
"IBPFAHIO_00960",0,NA,NA,NA,NA,NA
"IBPFAHIO_00961",0,NA,NA,NA,NA,NA
"IBPFAHIO_00962",0,NA,NA,NA,NA,NA
"IBPFAHIO_00963",129.493676695857,3.21192878913329,0.215190137462301,14.9260037054253,2.23250829765845e-50,8.53086184750201e-50
"IBPFAHIO_00964",72.4904068189184,3.49337614436305,0.299650336727222,11.6581752669384,2.08462003532854e-31,6.01464141340693e-31
"IBPFAHIO_00965",155.764273084222,3.50042115613811,0.209059220422787,16.7436822401762,6.29694957801298e-63,2.7829354708146e-62
"IBPFAHIO_00966",53.3261846263299,3.60931234391196,0.357360325903876,10.0999245923086,5.52846837715894e-24,1.44338371592143e-23
"IBPFAHIO_00967",213.19049871294,3.89762620884015,0.193111023197096,20.1833439868531,1.3714686333379e-90,7.74232858669245e-90
"IBPFAHIO_00968",21.6909784651214,3.04637223322691,0.520053337328019,5.85780729507259,4.6901842474346e-09,8.62509604691108e-09
"IBPFAHIO_00969",147.328372822411,3.75798925939672,0.230051277522745,16.3354418191622,5.52307310519263e-60,2.37428659924373e-59
"IBPFAHIO_00970",62.9531126321328,3.26656207997844,0.304128260547804,10.7407383782573,6.55182663073213e-27,1.78860084663782e-26
"IBPFAHIO_00971",39.6767198993234,4.7716024223591,0.538845474736651,8.855233357376,8.35089179697498e-19,1.97360728724717e-18
"IBPFAHIO_00972",2740.0040420791,4.59035653589934,0.0842193686534762,54.504760713495,0,0
"IBPFAHIO_00973",1338.94795272778,4.55356164221124,0.102780545660146,44.3037309537941,0,0
"IBPFAHIO_00974",843.917224954994,4.39106031026245,0.123680204546061,35.5033396522813,4.36541184979807e-276,6.83838337936953e-275
"IBPFAHIO_00975",0.370175645625417,2.08895998011864,2.8726843316731,0.727180483106543,0.467115400459933,0.517824852973739
"IBPFAHIO_00976",323.623789227323,4.84204472655886,0.200185710380143,24.1877640385223,2.99268849720253e-129,2.23294862434663e-128
"IBPFAHIO_00977",19.5105228128523,4.91675190956781,0.798166102507247,6.16006103757478,7.27169110538293e-10,1.36492470434791e-09
"IBPFAHIO_00978",73.6661529411954,4.22483881200796,0.351450359711912,12.0211537568808,2.7510310719537e-33,8.19013429580644e-33
"IBPFAHIO_00979",683.096849042905,5.23701823118148,0.319556963279761,16.388371504822,2.31565513300826e-60,9.99774914568648e-60
"IBPFAHIO_00980",981.133251627019,4.89734549264015,0.1319298075547,37.1208416309533,1.29560395680284e-301,2.26692809283866e-300
"IBPFAHIO_00981",268.845022257536,5.06691937121995,0.229781750217096,22.0510086916509,9.34182925248586e-108,6.11613853904545e-107
"IBPFAHIO_00982",520.651640743467,4.9307719906173,0.170989785164824,28.8366465041425,7.45096728086846e-183,7.43109803478614e-182
"IBPFAHIO_00983",3167.04143735735,5.19771489555273,0.0865661951079895,60.0432407716279,0,0
"IBPFAHIO_00984",2772.53270348391,2.34150911840536,0.0659731190858958,35.4918662456562,6.56211970054096e-276,1.02259698666763e-274
"IBPFAHIO_00985",1304.8544607918,5.47428275976715,0.127630258061994,42.8917314976213,0,0
"IBPFAHIO_00986",1772.2418821381,3.89585454189205,0.0895073116107051,43.525545251949,0,0
"IBPFAHIO_00987",764.232905925277,5.80890311700604,0.183699227659719,31.6218156766905,1.85129583107975e-219,2.27011357647156e-218
"IBPFAHIO_00988",764.008250205115,-0.148071063738356,0.0825987394878445,-1.79265524699861,0.0730280666106192,0.0927813058594363
"IBPFAHIO_00989",383.995094743391,-0.108606367545306,0.108384710641514,-1.00204509383731,0.31632181420765,0.364293636685638
"IBPFAHIO_00990",310.188560503622,1.42256214390721,0.117184720795357,12.1394848599031,6.52354402061665e-34,1.96957050551816e-33
"IBPFAHIO_00991",876.883889294635,-0.506049394069779,0.0847933850072019,-5.96802915730748,2.40136464060095e-09,4.44334137580584e-09
"IBPFAHIO_00992",25909.698543966,0.325800003576672,0.0521792062849876,6.24386660458665,4.26884094929651e-10,8.10429703064413e-10
"IBPFAHIO_00993",1831.74501028978,-1.71795881186609,0.0746253555382289,-23.0211139293804,2.86489410262775e-117,2.00274840071548e-116
"IBPFAHIO_00994",2355.00031798532,1.07750313807757,0.0792545599454189,13.5954718418678,4.26004440801073e-42,1.45336976838861e-41
"IBPFAHIO_00995",312.813514802503,1.5674558909535,0.118091749501832,13.2732040770484,3.31114535019308e-40,1.09955015402638e-39
"IBPFAHIO_00996",732.897450519657,1.28173861325892,0.0931101323180483,13.7658338716641,4.09136074735828e-43,1.42341294838325e-42
"IBPFAHIO_00997",3732.57656531559,-1.34282238394726,0.0616304606053846,-21.7882905750981,2.99628186147203e-105,1.92379298916831e-104
"IBPFAHIO_00998",2712.04667130119,-0.90630348429803,0.0670352479042643,-13.5198050672142,1.19492002457888e-41,4.05351554823131e-41
"IBPFAHIO_00999",3797.9074512582,-0.724058401728626,0.0587125622840623,-12.3322569065458,6.07218071378783e-35,1.85766510180503e-34
"IBPFAHIO_01000",4350.78674482267,-0.423721671925398,0.0616533335079546,-6.87264820596811,6.30208493293843e-12,1.26379612059998e-11
"IBPFAHIO_01001",3201.25359906584,-0.14334010615074,0.0638794669990685,-2.24391518722018,0.0248378587958296,0.0330141597144035
"IBPFAHIO_01002",6518.42521198844,-1.86184206674324,0.0791045067079245,-23.5364853941593,1.72662521614499e-122,1.23001491588233e-121
"IBPFAHIO_01003",2166.40861546278,-2.65552507390534,0.0749057924066694,-35.4515316984872,2.7472455429309e-275,4.25894231318614e-274
"IBPFAHIO_01005",130.934781736353,-0.246271219360438,0.169440729756509,-1.45343578084406,0.14610279798541,0.178278781228527
"IBPFAHIO_01006",0,NA,NA,NA,NA,NA
"IBPFAHIO_01007",27.1787747683381,0.274325461973859,0.338747004947836,0.809824021960291,0.418041324181804,0.468807961751108
"IBPFAHIO_01008",32.9236052059953,0.414397830951488,0.323375024617395,1.28147753971349,0.200025984052244,0.2392953795619
"IBPFAHIO_01009",36.4466888680748,0.993120688784042,0.304244851665737,3.2642152639452,0.00109767732398641,0.00160756267908337
"IBPFAHIO_01010",11449.4633801506,0.0113538898269369,0.0624458571056089,0.181819745187181,0.85572418838078,0.879837378568829
"IBPFAHIO_01011",4048.33990260542,-0.407395828905536,0.0737308606176754,-5.5254451866234,3.28651175454616e-08,5.89169752522596e-08
"IBPFAHIO_01012",389.966397041566,-0.706270655104188,0.106715701205391,-6.61824499231711,3.63488269527038e-11,7.12684732912777e-11
"IBPFAHIO_01013",29.9685872731468,0.0393279774130228,0.34084069743164,0.115385215760247,0.908139796805224,0.92546126431922
"IBPFAHIO_01014",1105.468863341,2.70952286393706,0.091537521640397,29.6001335341081,1.48836308555885e-192,1.5904222685686e-191
"IBPFAHIO_01015",279.475301198713,3.01962831994163,0.146912000536751,20.5539936078009,7.08848978538323e-94,4.15044255144161e-93
"IBPFAHIO_01016",4897.95475091259,0.761924800732804,0.0662711739138816,11.4970771714851,1.36458394746017e-30,3.88471472007692e-30
"IBPFAHIO_01017",14734.590565755,-0.0147793542379488,0.0552453626969548,-0.267522078170073,0.789067217509316,0.820322833491269
"IBPFAHIO_01018",8360.25896845321,0.0635859601398237,0.0525696551424466,1.20955634895315,0.226449176500891,0.268177599064243
"IBPFAHIO_01019",815.101767754389,-0.110681017821864,0.0823770035069467,-1.34359121004603,0.179080613461317,0.216226471136505
"IBPFAHIO_01020",540.789009574408,0.826764279565826,0.0934443820070996,8.84766169787511,8.93720889685443e-19,2.10884298260161e-18
"IBPFAHIO_01021",648.072440050001,-0.768876102768826,0.09424106534294,-8.15861004935494,3.38901854159026e-16,7.58410132867469e-16
"IBPFAHIO_01022",1425.55569575437,-2.49334579469761,0.0765944939249075,-32.5525461026228,1.92711540858742e-232,2.52891636074279e-231
"IBPFAHIO_01023",36.0338978931873,-1.04032059324284,0.313109314232098,-3.32254757669611,0.000891994585136713,0.00131211789514702
"IBPFAHIO_01024",338.799326935959,-0.718067533214442,0.111548307423507,-6.43727860870367,1.21634547678183e-10,2.34945491706342e-10
"IBPFAHIO_01025",122.611870812153,0.399604891263254,0.167903404208945,2.37996896576302,0.0173140961544938,0.0233982726712943
"IBPFAHIO_01026",48698.3160783187,-3.09237899934525,0.0491799829844401,-62.8788139337835,0,0
"IBPFAHIO_01027",106968.550176653,-2.87603548600848,0.0760584648881783,-37.8134832228976,0,0
"IBPFAHIO_01028",25052.0400829914,-2.54739377456048,0.0577357090647838,-44.1216331421879,0,0
"IBPFAHIO_01029",29461.904105098,-2.62346858137301,0.0563516467309552,-46.5553135278987,0,0
"IBPFAHIO_01030",1311.0766049793,0.512573090778592,0.0809068628119433,6.33534749666411,2.36806942210008e-10,4.53021976401755e-10
"IBPFAHIO_01031",1643.62482715875,0.570729137615056,0.0700061106098004,8.15256172130719,3.56295000001325e-16,7.96737399106103e-16
"IBPFAHIO_01032",1197.90600395439,-0.0189763408038159,0.075568217636674,-0.251115368302752,0.801724914337723,0.832614003366354
"IBPFAHIO_01033",968.035475431689,0.937949961786372,0.0852831331165435,10.99807110164,3.90393217509263e-28,1.08454643155777e-27
"IBPFAHIO_01034",3227.52305869925,-1.60091601772143,0.0613172158542943,-26.1087525814222,2.90014188321106e-150,2.39041997646487e-149
"IBPFAHIO_01035",106.880244192025,0.479314795781457,0.205093184589256,2.33705862406588,0.0194361360349013,0.0261126713140658
"IBPFAHIO_01036",418.87648380285,-0.619437154278465,0.108936632831152,-5.6862153545591,1.2988558886686e-08,2.35383211320197e-08
"IBPFAHIO_01037",2803.69554109247,1.40749319915326,0.0680712565687456,20.6767624119268,5.60805848360398e-95,3.316069364218e-94
"IBPFAHIO_01038",950.656683735754,-1.12118567120091,0.0921781813442884,-12.1632435664276,4.87825460237885e-34,1.47730139375683e-33
"IBPFAHIO_01039",677.20050443264,-1.84950972270027,0.0922994219649919,-20.0381506549604,2.56107714227349e-89,1.43228837564155e-88
"IBPFAHIO_01040",169.89941265642,-0.0703174405772275,0.14461207900575,-0.486248735656665,0.626790821187997,0.671931076180408
"IBPFAHIO_01041",169.500449229254,0.634439852840072,0.14733115936259,4.30621638752383,1.66070611346182e-05,2.71224491892892e-05
"IBPFAHIO_01042",86.1299261944958,1.62499012141296,0.208109070226331,7.80835799057528,5.79378254331641e-15,1.26256353748017e-14
"IBPFAHIO_01043",314.401694207048,-0.0887495483287873,0.120704899100526,-0.735260532009347,0.462180840059165,0.513496128279621
"IBPFAHIO_01044",216.821148303157,0.600430099878988,0.131417575725578,4.56887213573918,4.90355804125024e-06,8.16895638052378e-06
"IBPFAHIO_01045",632.697624236374,-0.0532212195195495,0.0920792315492991,-0.577993741086501,0.563268344890839,0.610615539099054
"IBPFAHIO_01046",3230.17039022554,-0.786292654500291,0.0706158034205022,-11.1347972608636,8.49380577504017e-29,2.37731214957158e-28
"IBPFAHIO_01047",1292.49304806432,-0.816338624483245,0.0706108929754692,-11.5610862585585,6.48827861099675e-31,1.85592061224687e-30
"IBPFAHIO_01048",774.505771427265,-1.41633279576512,0.121237068833877,-11.6823411303833,1.56913319383202e-31,4.53608359028542e-31
"IBPFAHIO_01049",421.13745166542,-1.14031030744455,0.106557170451845,-10.7013944027341,1.00258003204417e-26,2.72454083185845e-26
"IBPFAHIO_01050",1123.59288767895,-1.75290240134944,0.0770395134761745,-22.7532901267809,1.33132057181084e-114,9.09431769602293e-114
"IBPFAHIO_01051",3404.91791199618,-1.28281714243216,0.0770864854062024,-16.6412716272177,3.50103595359967e-62,1.54272453213111e-61
"IBPFAHIO_01052",3318.85027126611,-0.932738625731163,0.0610447246603675,-15.2795942797778,1.04589839205301e-52,4.13385467506287e-52
"IBPFAHIO_01053",1478.62014415183,0.491805191710645,0.07452755334622,6.59897138211352,4.14020214424515e-11,8.09110699907347e-11
"IBPFAHIO_01054",909.689172657571,0.424770711888095,0.0826207127389527,5.14121335687571,2.72969860267924e-07,4.74013825839599e-07
"IBPFAHIO_01055",714.321278124432,-0.560753109672601,0.0841112534417375,-6.66680243994966,2.61436630765494e-11,5.14617367927868e-11
"IBPFAHIO_01056",4660.13560597715,-0.983318531136997,0.0672086534912852,-14.6308321928292,1.7858928194785e-48,6.6792391448496e-48
"IBPFAHIO_01057",0,NA,NA,NA,NA,NA
"IBPFAHIO_01058",10209.2973354995,0.566914682288297,0.0554060673293914,10.2319964150851,1.42549937609057e-24,3.75779218789692e-24
"IBPFAHIO_01059",449.365999283904,-0.670694615462816,0.0987246845335786,-6.79358580512554,1.09380131490246e-11,2.18031547913935e-11
"IBPFAHIO_01060",8223.82877748589,1.34381755879535,0.0651074489503448,20.6399971195344,1.20069708627377e-94,7.07182220891954e-94
"IBPFAHIO_01061",15750.996313669,2.20158578688668,0.0604836484892531,36.3996855658908,4.30603487258103e-290,7.00198714063176e-289
"IBPFAHIO_01062",419.240814256418,-1.78266433239802,0.112262732871049,-15.8793954753059,8.80226425482277e-57,3.67826461598181e-56
"IBPFAHIO_01063",7276.56016350659,-0.835973986172364,0.0662711325468963,-12.6144514820355,1.75777219733966e-36,5.52442690592465e-36
"IBPFAHIO_01064",1523.3195369935,-0.757600117936813,0.0725441574099219,-10.4432961245366,1.57253809351458e-25,4.21976141326963e-25
"IBPFAHIO_01065",3382.44837296833,-0.610611351163213,0.0604985708407615,-10.0929880272776,5.93353231541411e-24,1.54643978116019e-23
"IBPFAHIO_01066",559.862612337868,-1.1941411007595,0.0933801263565522,-12.7879576452908,1.91438910030421e-37,6.08698425941572e-37
"IBPFAHIO_01067",1346.89018662024,-0.280538354495225,0.071921599949527,-3.90061337195085,9.59492799129229e-05,0.000150146571913946
"IBPFAHIO_01068",376.101681462353,-0.47952558150392,0.105125857884179,-4.56144274258602,5.08033305104575e-06,8.44933656961027e-06
"IBPFAHIO_01069",329.941016847819,-0.543565216118282,0.120748605155972,-4.50162728932692,6.74351593294383e-06,1.11781715630847e-05
"IBPFAHIO_01070",16661.1188659178,0.473469417102424,0.050176837412568,9.43601553062077,3.87224825129954e-21,9.59086652970878e-21
"IBPFAHIO_01071",6574.01120817262,-0.396391761043919,0.0644199124864668,-6.15324898380127,7.59114856789596e-10,1.4231025385429e-09
"IBPFAHIO_01072",12538.8708411562,-1.06519067775418,0.0579664282735594,-18.37599295798,2.04530545724076e-75,1.02849645849821e-74
"IBPFAHIO_01073",4608.93800646733,-1.84829815650108,0.0695923718818893,-26.5589188372251,2.02594214555922e-155,1.74686423617095e-154
"IBPFAHIO_01074",4505.83610667179,2.0673010197329,0.0730213849138107,28.3108985425708,2.53756827515204e-176,2.42568826813255e-175
"IBPFAHIO_01075",2275.28053280046,1.6421045162041,0.0669279011435246,24.5354252583338,6.18859070195352e-133,4.78456418094185e-132
"IBPFAHIO_01076",3322.45041045387,0.599272677130594,0.0607330652811563,9.8673214394224,5.76844001009996e-23,1.47766887929958e-22
"IBPFAHIO_01077",36097.0694387279,0.686501606427015,0.0530234826253054,12.9471240370655,2.43922155271e-38,7.86438673028913e-38
"IBPFAHIO_01078",927.85898757054,-0.624064568035956,0.0822786358783747,-7.58477047381359,3.33076161712825e-14,7.0879365280567e-14
"IBPFAHIO_01079",962.548276571048,-0.546140547731845,0.0811727551145834,-6.72812629016859,1.71861731635766e-11,3.40762293607827e-11
"IBPFAHIO_01080",382.115805823337,-1.25185730833386,0.122238841295209,-10.2410763638588,1.29784361078035e-24,3.42429284255274e-24
"IBPFAHIO_01081",553.544341301019,-2.42434420558755,0.109397899401222,-22.1607930212276,8.20923296734557e-109,5.42208058240573e-108
"IBPFAHIO_01082",1004.49645779858,-0.298449963033983,0.0781097661004773,-3.82090457997363,0.000132963092088643,0.000206341064071172
"IBPFAHIO_01083",541.439325637715,2.50296510605473,0.107999646474627,23.1756786967147,8.0111680042081e-119,5.62662316164099e-118
"IBPFAHIO_01084",8044.94077963466,2.3684547581123,0.0700413480714558,33.8150938456526,1.18342893302799e-250,1.69417194622955e-249
"IBPFAHIO_01085",1137.30698872973,1.95749344675804,0.0937259358929896,20.8852910147836,7.28594822365836e-97,4.39507199298101e-96
"IBPFAHIO_01086",637.157947766897,-0.555534289610236,0.0879974623538903,-6.31307170400098,2.73550672620364e-10,5.2197934469396e-10
"IBPFAHIO_01087",4720.72907548926,-2.433478234841,0.0619225773455739,-39.2987233276869,0,0
"IBPFAHIO_01088",3989.84864494438,-3.49323220876319,0.0705523724877429,-49.5126114911312,0,0
"IBPFAHIO_01089",11.6588896915215,-1.41273309088649,0.560304895243053,-2.52136489058099,0.0116900558869023,0.0160516967478714
"IBPFAHIO_01090",24.6548497799338,-0.450402388879776,0.37245874598211,-1.20926785513424,0.226559956195231,0.268177599064243
"IBPFAHIO_01091",11.7533957421451,-0.908347721224332,0.528773757453203,-1.71783812721591,0.0858261449728754,0.108077367743621
"IBPFAHIO_01092",12.180493424471,-0.408652913460719,0.537138122612119,-0.760796704343805,0.446778503184879,0.498048167484783
"IBPFAHIO_01093",3.88969222185245,-1.08908233824608,0.947849319563169,-1.14900366099118,0.250554471067718,0.294214669322846
"IBPFAHIO_01094",31.1113523080427,-0.246271333793025,0.336750327199347,-0.731317281385264,0.464585377258076,0.515402094459089
"IBPFAHIO_01095",31.1241256242731,-0.630326334820221,0.32856203697139,-1.91843933228083,0.0550553277885328,0.0709717969596252
"IBPFAHIO_01096",2474.32106266059,2.87606635084222,0.0734777561915184,39.1420002448878,0,0
"IBPFAHIO_01097",580.361153198505,-1.28793543829135,0.107644084361587,-11.9647581744023,5.43557162450411e-33,1.60862812072367e-32
"IBPFAHIO_01098",1896.45761302698,-1.03391180911817,0.0693173679429798,-14.9156241761612,2.60826774834199e-50,9.94132115036844e-50
"IBPFAHIO_01099",1442.94774894475,0.406354902370749,0.0749079007307448,5.42472687669335,5.80432232842302e-08,1.03557140170791e-07
"IBPFAHIO_01100",844.685547354236,0.369641842950758,0.092829203899024,3.98195640407344,6.83503189357873e-05,0.000107747183485709
"IBPFAHIO_01101",2292.29216728331,1.92720901515566,0.0736653476482151,26.161676781313,7.25826122045682e-151,6.01571123867224e-150
"IBPFAHIO_01102",3053.47805668074,1.8766056520126,0.0684064846611418,27.4331543465294,1.10372808306113e-165,1.00071346197543e-164
"IBPFAHIO_01103",11596.0590069656,1.17268010241796,0.0571883509923924,20.5055764341581,1.91981477862331e-93,1.11752642366556e-92
"IBPFAHIO_01104",3671.26003780175,0.57962779146112,0.0624358131205031,9.2835788066445,1.6387953715764e-20,4.00267408306661e-20
"IBPFAHIO_01105",5109.1044496317,0.87118994139511,0.0673811627427286,12.9292803201014,3.07685420851191e-38,9.90952399555182e-38
"IBPFAHIO_01106",1087.02545335318,1.2967431582569,0.078075327605185,16.608872457306,6.01124815371645e-62,2.64106526812329e-61
"IBPFAHIO_01107",325.589078779617,-1.02458433118132,0.113515045960216,-9.02597820856639,1.78097001123934e-19,4.26292981890249e-19
"IBPFAHIO_01108",145.365489159611,-0.908542649780802,0.164514688518522,-5.52256250163652,3.34090894587437e-08,5.98562848266833e-08
"IBPFAHIO_01109",24.8358865140187,-0.532227761671096,0.371240077910919,-1.43364844837363,0.15167261036152,0.184548373404501
"IBPFAHIO_01110",108.665464561813,-0.755556769658611,0.188882650933272,-4.00013853006295,6.33054149183793e-05,0.00010016382942136
"IBPFAHIO_01111",4.04437129135657,-2.1813239069594,1.04881166921026,-2.07980514614401,0.0375434089071634,0.0491812081656011
"IBPFAHIO_01112",29.4830862723932,-0.633989044312589,0.343807888349583,-1.84402122754075,0.0651800466257427,0.0833413245744539
"IBPFAHIO_01113",21.821212053941,-0.796609532120176,0.383414130668978,-2.07767389983843,0.0377394045603313,0.0493947062311948
"IBPFAHIO_01114",30.9725151388593,-0.930525860267372,0.333871932954244,-2.78707422943185,0.00531862944734312,0.0074992173922953
"IBPFAHIO_01115",21.6666630681239,-0.700891697304219,0.420781518084043,-1.66569031001079,0.0957751129816342,0.11974890850023
"IBPFAHIO_01116",43.2399914060328,-0.116543544453439,0.271264815896026,-0.429630153355787,0.667464699088005,0.711455069352088
"IBPFAHIO_01117",6.75510937322047,0.471109968281355,0.677531979987171,0.695332445105063,0.486846985726795,0.536715615804926
"IBPFAHIO_01118",12.8628846661276,-0.599996047026154,0.50535571442151,-1.1872746857389,0.235119289785268,0.276850419141095
"IBPFAHIO_01119",10.9275423816266,-0.561800150326196,0.535711492299891,-1.04869908225098,0.294316636784996,0.340919619535698
"IBPFAHIO_01120",17.9298420704212,0.731721708462992,0.466403115187068,1.56886110884896,0.116680305636109,0.144378608132025
"IBPFAHIO_01121",73.8884981262557,-0.390336856070253,0.211671671333568,-1.84406752973161,0.0651732992875103,0.0833413245744539
"IBPFAHIO_01122",438.621370143186,-0.430606974235203,0.106904256425467,-4.02796847041744,5.62608862456332e-05,8.93959488300236e-05
"IBPFAHIO_01123",121.090247409562,1.45247299650357,0.182459630603664,7.96051702887968,1.71321873972394e-15,3.77185464992938e-15
"IBPFAHIO_01124",137.968796239568,-0.010055221930037,0.167240863409564,-0.0601241928858756,0.952056721678791,0.959755293552205
"IBPFAHIO_01125",143.616552216608,-0.496069160512975,0.156553496760201,-3.16868783373663,0.00153128766610924,0.00222732751434071
"IBPFAHIO_01126",114.970780975894,-0.840404171026275,0.178250421014324,-4.71473877168986,2.42021047039373e-06,4.07499703287452e-06
"IBPFAHIO_01127",202.209912908704,-0.917074721964484,0.136388323029843,-6.72399734516728,1.76805654616319e-11,3.50332793782799e-11
"IBPFAHIO_01128",227.563604968017,-1.21567226901188,0.133992212942431,-9.07270834861269,1.16094716448142e-19,2.78329640715417e-19
"IBPFAHIO_01129",6294.59676023965,-0.688032964522255,0.0830336639179488,-8.28619299760333,1.16930984485721e-16,2.64842926253805e-16
"IBPFAHIO_01130",4005.07574356703,-0.311911689460536,0.0604716590768631,-5.15798134567596,2.49626482499552e-07,4.33981659290331e-07
"IBPFAHIO_01131",874.947370162089,-1.11118982709876,0.0868534971525267,-12.7938409336282,1.77480669851514e-37,5.64917195952903e-37
"IBPFAHIO_01132",243.183162891318,-0.594930482808409,0.125426312944044,-4.74326693374001,2.10298865233076e-06,3.54686699423541e-06
"IBPFAHIO_01133",201.038911102272,-0.862730701128586,0.143263900830598,-6.02196852191483,1.72308411563452e-09,3.19818093919261e-09
"IBPFAHIO_01134",121.462068714609,-1.47101216983646,0.184134797797967,-7.98877880459324,1.3628196412679e-15,3.01594405819051e-15
"IBPFAHIO_01135",469.375363979099,-0.063227264821208,0.0953515084312979,-0.663096639596049,0.507268662712642,0.556359178459026
"IBPFAHIO_01136",508.995050550424,0.0278868355452839,0.0962914168674922,0.289608736193583,0.772115582790968,0.808034216058264
"IBPFAHIO_01137",280.763686677134,-0.334587330388573,0.122778156719793,-2.7251372664942,0.00642747588871431,0.00900749782624507
"IBPFAHIO_01138",209.094512291354,-0.551147670908737,0.133525640709276,-4.12765419421386,3.66482681586391e-05,5.87629251504009e-05
"IBPFAHIO_01139",42.6018166986416,-1.22791988941471,0.290872792826457,-4.22150135625549,2.42680494694434e-05,3.93336966481986e-05
"IBPFAHIO_01140",95.4420354341509,-0.172060702927985,0.194397714497405,-0.885096326223952,0.376104680717084,0.427385189785612
"IBPFAHIO_01141",19.0209710296759,0.241168413814442,0.41578802164252,0.580027324649074,0.561896191295866,0.609348823616249
"IBPFAHIO_01142",14.5673406293031,-0.337087597828966,0.463879388017997,-0.726670782397186,0.467427656006957,0.517979091397339
"IBPFAHIO_01143",1899.2720297422,-1.14260235762804,0.0703930682585909,-16.2317453393374,3.00783843512755e-59,1.28747533589437e-58
"IBPFAHIO_01144",949.735295579565,-1.40626411136812,0.0821748768992695,-17.1130662366787,1.18588986879263e-65,5.38419193843332e-65
"IBPFAHIO_01145",154.749565852362,1.41548424610435,0.157907367723519,8.9640164769432,3.1306218272794e-19,7.45765963950634e-19
"IBPFAHIO_01146",3073.84367441979,-0.614221174731331,0.0676713439864618,-9.0765328209561,1.12088524996102e-19,2.68940550752475e-19
"IBPFAHIO_01147",144.224564506062,-0.567207629930785,0.159107266015046,-3.56493857343478,0.000363941414249693,0.000548570635483668
"IBPFAHIO_01148",21.2911421267799,0.0693065694067848,0.395277576615913,0.175336455966308,0.860815267726177,0.884767873939101
"IBPFAHIO_01149",10.763600545592,1.18385496729492,0.56926461237305,2.07962157064335,0.0375602568886424,0.0491817455627213
"IBPFAHIO_01150",493.839349718804,4.00177344614436,0.164929266975713,24.2635738309178,4.75451913182993e-130,3.56529354446996e-129
"IBPFAHIO_01151",226.573980227753,6.09045407322417,0.339826759524485,17.922232144833,7.90900084839738e-72,3.84151469779301e-71
"IBPFAHIO_01152",246.688884133136,-0.0165463029722625,0.122560127475911,-0.135005595319038,0.892607450411454,0.912429617912904
"IBPFAHIO_01153",443.298867246072,-2.42488080969529,0.114669759244108,-21.1466460353617,2.96272188517568e-99,1.82396376140857e-98
"IBPFAHIO_01154",1019.33835996436,-0.0950123975207902,0.0753212914651913,-1.26142815228678,0.207154630700556,0.247033341991257
"IBPFAHIO_01155",1337.91356550191,-0.236747578614292,0.0772781958810377,-3.06357538391219,0.00218709094454246,0.00315059032550362
"IBPFAHIO_01156",95.2706221391707,-0.806914366075977,0.21856973927126,-3.69179360677436,0.000222678139318887,0.000341143365510553
"IBPFAHIO_01157",1222.91205632408,-0.26996436871222,0.0723457981087527,-3.73158325389403,0.000190280103140204,0.00029225773541863
"IBPFAHIO_01158",21116.2286401559,-4.37516986053034,0.0632329451088304,-69.1913029355224,0,0
"IBPFAHIO_01159",15653.4107389653,-4.1577328497863,0.0682973612327437,-60.8769178594995,0,0
"IBPFAHIO_01160",710.4054418356,-0.974758666315948,0.0881721187091316,-11.0551802609116,2.06920742047247e-28,5.76449590507786e-28
"IBPFAHIO_01161",13792.0548760055,-1.54430736105279,0.0526693334785905,-29.320806986869,5.6320462030027e-189,5.89198679698744e-188
"IBPFAHIO_01162",24105.493598818,2.4521335352341,0.051363913443652,47.7403953638419,0,0
"IBPFAHIO_01163",828.622276477726,-1.50417268513374,0.0878686896091828,-17.1184148964087,1.08181129687993e-65,4.92660487102702e-65
"IBPFAHIO_01164",3393.38533505745,-1.15937861741381,0.077752010335325,-14.911236537984,2.78545896452311e-50,1.06031720379811e-49
"IBPFAHIO_01165",3163.77519030053,-0.981917010454807,0.0795198279195377,-12.348077657416,4.98892944375923e-35,1.52782772730068e-34
"IBPFAHIO_01166",3695.55497451412,-1.74856883267818,0.0622020974859605,-28.1110911585071,7.16971636712278e-174,6.78854157292132e-173
"IBPFAHIO_01167",2864.78420622909,-2.19600739425772,0.0675282279306866,-32.5198433536829,5.59039817590439e-232,7.27237884448084e-231
"IBPFAHIO_01168",483.617160238735,0.249961936118507,0.112756816037053,2.21682329196283,0.0266351692082719,0.0352933685877544
"IBPFAHIO_01169",922.904619202728,-1.9182517682816,0.090440537337692,-21.2100881391176,7.70686070341391e-100,4.78400979763785e-99
"IBPFAHIO_01170",83.0149846941313,0.0517698919104629,0.20145003760639,0.2569862608396,0.797189379244187,0.828191188437016
"IBPFAHIO_01171",0.177716280933179,1.14991949468353,4.0804728567969,0.28181035263305,0.778088932287453,0.810881952422173
"IBPFAHIO_01172",5787.29837032856,-0.8790553075824,0.0617060413575388,-14.2458548343582,4.75691231338986e-46,1.70860523909513e-45
"IBPFAHIO_01199",0,NA,NA,NA,NA,NA
"IBPFAHIO_01200",25987.0877271425,-1.08712657899316,0.0530901897372973,-20.4769767140129,3.45444780545256e-93,1.99916979379382e-92
"IBPFAHIO_01201",2194.033104145,-0.864278296124298,0.0666544626445695,-12.966548102458,1.89368134233687e-38,6.11207613405816e-38
"IBPFAHIO_01202",2048.18206050574,-1.47878648072888,0.075887250383741,-19.4866261888665,1.42576941680175e-84,7.74210906546433e-84
"IBPFAHIO_01203",28072.3789227012,0.26489799500929,0.0856764647368873,3.09184086694978,0.00198919454484181,0.00287242764390284
"IBPFAHIO_01204",4884.86647823356,-0.371380621450582,0.0663513926857682,-5.59717899531353,2.17867739388959e-08,3.91507673424485e-08
"IBPFAHIO_01205",2244.75431838605,-0.0124109411427384,0.0772382780817999,-0.160683814437117,0.872342437981901,0.89446489871208
"IBPFAHIO_01206",8075.16259455125,0.0982315332491621,0.061346293874619,1.60126271767827,0.109318742858709,0.135493653120653
"IBPFAHIO_01207",3535.17559289739,0.0932697262816947,0.0611221958025808,1.52595509793116,0.127021047427895,0.156269314927739
"IBPFAHIO_01208",680.063756247433,-1.13970150223188,0.104424512475144,-10.9141184882539,9.86819640627618e-28,2.72376786416774e-27
"IBPFAHIO_01209",1589.19541184414,-1.12496435770542,0.0747011208378602,-15.0595378635238,2.98868870940108e-51,1.15531739257468e-50
"IBPFAHIO_01210",7382.44937808896,-0.808904827020853,0.0584802754701615,-13.8320967286411,1.63193412238621e-43,5.71750221800883e-43
"IBPFAHIO_01211",485.588478798665,-1.25350594443911,0.0981671739990018,-12.7690947327449,2.43975439813738e-37,7.74098108083461e-37
"IBPFAHIO_01212",47186.6976532317,-1.78474434498812,0.0595535598102825,-29.9687264820728,2.50909906970884e-197,2.76000897667972e-196
"IBPFAHIO_01213",3910.00955018967,-0.108809445159681,0.0591167549851534,-1.84058555289456,0.0656823164746776,0.0839476680445261
"IBPFAHIO_01214",1815.43077590745,-0.197280898013684,0.0888772641327043,-2.21970039175734,0.0264391122441962,0.0350801879532749
"IBPFAHIO_01215",221.390453139726,-1.11866366052658,0.133687960054791,-8.36772182078406,5.87428704989009e-17,1.33656782154153e-16
"IBPFAHIO_01216",2993.77071905997,0.664066027885153,0.0607055698680353,10.9391284741867,7.49165944233172e-28,2.07354718329847e-27
"IBPFAHIO_01217",159385.200350912,2.00492555989545,0.0488851535265429,41.0129745998822,0,0
"IBPFAHIO_01218",1081.32215268648,-0.0652975277064959,0.0980367738256053,-0.666051371933676,0.505378265056621,0.554692505153856
"IBPFAHIO_01219",5354.59434130697,0.272615950093445,0.0618440549612689,4.40811894149205,1.0427228045579e-05,1.71607625480596e-05
"IBPFAHIO_01220",3954.69150651236,0.697844682105042,0.0719032041511614,9.70533497558704,2.86134863225157e-22,7.24907291083549e-22
"IBPFAHIO_01221",1414.36986033984,0.765940796247131,0.0703461372939707,10.888171344026,1.31249163235448e-27,3.61599904604474e-27
"IBPFAHIO_01222",4874.24274321891,0.8246106024058,0.0620589439501469,13.2875384258589,2.73426107577555e-40,9.08989904302273e-40
"IBPFAHIO_01223",16143.5338942205,-0.294118493757867,0.0508444554174812,-5.78467192426147,7.26539837323498e-09,1.32711061860312e-08
"IBPFAHIO_01224",5410.06164972951,-0.558024405151258,0.0579395589980175,-9.63114691933282,5.90664770649182e-22,1.48634902757137e-21
"IBPFAHIO_01225",5311.8127053909,-0.420800025123403,0.0608076597250476,-6.92018122430831,4.51066235110153e-12,9.11269531026049e-12
"IBPFAHIO_01226",3022.29290499657,-0.604858055376847,0.0659252728046299,-9.17490409435769,4.51976609882616e-20,1.09410519156051e-19
"IBPFAHIO_01227",1701.88685176063,-0.154340603078105,0.0782525410712279,-1.97233982392494,0.0485708263422234,0.06301990998089
"IBPFAHIO_01228",4468.24134729519,-0.0547976517629028,0.0634606942694505,-0.863489635493666,0.387868315544383,0.437595022665458
"IBPFAHIO_01229",7513.14133176431,1.14745618117472,0.0669113162161354,17.1489106187693,6.40417733421055e-66,2.93434894088177e-65
"IBPFAHIO_01230",13497.3566165562,0.893080328771505,0.0684466026927627,13.0478401211568,6.53746029047865e-39,2.12840926976193e-38
"IBPFAHIO_01231",692.089378973792,-0.435224396226506,0.091871048582706,-4.73734003193291,2.16541663978758e-06,3.65009948520814e-06
"IBPFAHIO_01232",1543.97630831171,-0.405031229709252,0.07184244530422,-5.63777065207246,1.72265725984633e-08,3.11243388977066e-08
"IBPFAHIO_01233",385.375281517033,-0.257483070395171,0.134317324670241,-1.91697587059087,0.0552409971736626,0.071180475255641
"IBPFAHIO_01234",689.843857380921,-0.153999070175103,0.0869477623133001,-1.77116772275514,0.0765328149646696,0.096986947214863
"IBPFAHIO_01235",5092.90448070415,1.37468761056575,0.059889578503086,22.9537032139059,1.35319094365656e-116,9.35045566609796e-116
"IBPFAHIO_01236",1182.82438687474,1.38873950113904,0.096982832965498,14.3194363236748,1.65459777609582e-46,6.00067460130752e-46
"IBPFAHIO_01237",7224.24671862287,-0.49401788362813,0.0600374770250128,-8.22849173729124,1.89585378021087e-16,4.26495827848941e-16
"IBPFAHIO_01238",10349.1318096652,-0.608444426881717,0.0549463748579388,-11.0734225589008,1.68827028813372e-28,4.70764650707929e-28
"IBPFAHIO_01239",2885.78206220667,-0.730094470844487,0.0649343576560654,-11.2435773171353,2.49080069969491e-29,7.04392787664195e-29
"IBPFAHIO_01240",449.697651072218,-1.09372631458295,0.112519588460437,-9.72031918662339,2.47005985881314e-22,6.26837921761569e-22
"IBPFAHIO_01241",616.783416480712,-0.927932777206645,0.0899233523290957,-10.3191524022665,5.77305318875401e-25,1.53401200184298e-24
"IBPFAHIO_01242",1092.58847212644,-1.71439142585525,0.0836563357204111,-20.4932646295307,2.47245439712334e-93,1.43642399149379e-92
"IBPFAHIO_01243",3816.65665454832,-0.0145121835381327,0.0612876200421265,-0.236788172361035,0.812821127744739,0.842967353279813
"IBPFAHIO_01244",5087.82287355288,0.163927554637013,0.0550921864470853,2.97551368367747,0.00292498300552242,0.00418134216556286
"IBPFAHIO_01245",1473.94140398404,-0.115685503800544,0.0946969106387256,-1.22163968201551,0.221843915453534,0.263057790132079
"IBPFAHIO_01246",24974.9046912591,0.650851013719797,0.0546678799125987,11.9055470005487,1.10734775480334e-32,3.2578018509062e-32
"IBPFAHIO_01247",14685.6012464793,0.207569950284209,0.0575261749018999,3.60826963792014,0.000308246040325031,0.000467446605500503
"IBPFAHIO_01248",2167.34572851032,-1.07422628622777,0.0647819000834351,-16.5821978800287,9.3736931129487e-62,4.10030552543019e-61
"IBPFAHIO_01249",3326.98390761246,-0.463752742869724,0.0602726114273885,-7.69425335798525,1.42322794682142e-14,3.06352375315804e-14
"IBPFAHIO_01250",6280.21576699809,-0.186750680746609,0.0601977209179307,-3.10228822451953,0.00192030890873824,0.00277429466680098
"IBPFAHIO_01251",2381.62701685505,-0.194515948591669,0.0626780157304191,-3.10341586798617,0.00191300617326428,0.00276507945430277
"IBPFAHIO_01252",1312.54459808942,-0.374414724720724,0.0722016187724023,-5.18568324487258,2.15224346734503e-07,3.75262963537082e-07
"IBPFAHIO_01253",2201.80841306855,0.165421925996756,0.0695598307784426,2.37812433045801,0.017400957637576,0.0235050407456557
"IBPFAHIO_01254",1221.03711610348,0.521238840362275,0.075371010864038,6.91564083308554,4.65753071356274e-12,9.39671739378267e-12
"IBPFAHIO_01255",4473.40852200534,1.02382234672785,0.0622933433366699,16.4355016425192,1.06539438889162e-60,4.61979711820829e-60
"IBPFAHIO_01256",47.4300397703763,-3.14816973354138,0.35378901116373,-8.89843843138599,5.66378931838539e-19,1.34385865508399e-18
"IBPFAHIO_01257",1818.42764129922,-1.15846151714888,0.0837763152013897,-13.8280313996152,1.72681833549537e-43,6.0428543389499e-43
"IBPFAHIO_01258",2853.60339730094,-1.06772491185007,0.084387837983448,-12.6525923327896,1.08243335439866e-36,3.40909536459029e-36
"IBPFAHIO_01259",1116.62570968984,-1.52960619279346,0.080669536348269,-18.9613856981872,3.55649465607462e-80,1.8635782856349e-79
"IBPFAHIO_01260",3817.97264458197,-1.59684056617205,0.0608004006928227,-26.2636520150525,4.99183584192189e-152,4.20720361662825e-151
"IBPFAHIO_01261",1445.29902700924,-1.14919475719537,0.075057452910773,-15.3108680434642,6.46947080129827e-53,2.56719584051518e-52
"IBPFAHIO_01262",15332.2259853145,-0.440903489243351,0.0572440522480991,-7.70217117635993,1.33773517861425e-14,2.88572722019743e-14
"IBPFAHIO_01263",3824.49023514086,0.304993126014049,0.0596033087021889,5.11705025534679,3.10350951097497e-07,5.37366924585482e-07
"IBPFAHIO_01264",5115.91345538492,-0.143980831028709,0.0748553319179306,-1.92345458018362,0.0544229854049093,0.070217150638848
"IBPFAHIO_01265",1777.0111956789,-0.102598358448875,0.0716069747968631,-1.43279839345161,0.151915460600659,0.184768722811858
"IBPFAHIO_01266",1438.09339575073,-0.167478540558832,0.0677475347996901,-2.47209793026444,0.0134322714909455,0.0182845115108776
"IBPFAHIO_01267",3990.66334701767,-0.239266070498204,0.061350331576247,-3.89999637085646,9.61941299438496e-05,0.000150451038573967
"IBPFAHIO_01268",1637.69158391577,-0.543625069721238,0.0691739969432371,-7.85880668667053,3.87810201397577e-15,8.46954834001132e-15
"IBPFAHIO_01269",662.311559152314,1.05881911407679,0.111666445403367,9.48198100380173,2.49500692956338e-21,6.21053305595144e-21
"IBPFAHIO_01270",16.1449526629826,-2.11531363882938,0.502919641938614,-4.20606685926092,2.59853387599977e-05,4.20942791390975e-05
"IBPFAHIO_01271",1.76390856214976,-1.95665928259978,1.50085767991015,-1.30369408691496,0.192337906339253,0.230558900547694
"IBPFAHIO_01272",1274.40522191578,1.09080189193534,0.072188731052485,15.1104178731479,1.38260172360167e-51,5.37239526885222e-51
"IBPFAHIO_01273",218.622822350871,-2.51830636848933,0.163643747264795,-15.3889556465266,1.94140434791618e-53,7.76561739166474e-53
"IBPFAHIO_01274",377.44860117816,0.822467478115922,0.106759760146615,7.70390901015901,1.31965830635414e-14,2.84878618514544e-14
"IBPFAHIO_01275",251.168183044519,-1.5761693294764,0.140697578119222,-11.2025334802907,3.96237143588417e-29,1.1142307646772e-28
"IBPFAHIO_01276",276.740735416903,-2.07683082585988,0.131977270955444,-15.7362764877978,8.53186567365048e-56,3.5065030351047e-55
"IBPFAHIO_01277",350.770078212383,-2.72280193661794,0.129007963505903,-21.1056888475986,7.05196930347349e-99,4.31482457177765e-98
"IBPFAHIO_01278",10406.5936030558,-1.44447676239772,0.0530829320763451,-27.2116988624561,4.72235859245779e-163,4.2177005697414e-162
"IBPFAHIO_01279",1188.5196476503,2.17878880862902,0.0832810814073079,26.1618698005743,7.22164824892273e-151,6.00199210021578e-150
"IBPFAHIO_01280",68.5918666000708,-0.0934863014022449,0.218731834327743,-0.427401441996629,0.669086957299922,0.712930262194219
"IBPFAHIO_01281",275.190198376314,-0.513762239356612,0.123290307566539,-4.16709350067393,3.08507980615792e-05,4.97336141165114e-05
"IBPFAHIO_01282",653.485415817416,-2.5064034160264,0.103249915752859,-24.2751134250392,3.5914761706604e-130,2.70672461023071e-129
"IBPFAHIO_01283",876.281208220551,-2.55482610613827,0.0913607758733662,-27.9641463386813,4.43668064606289e-172,4.12253058789446e-171
"IBPFAHIO_01284",11.9860604747884,0.463429262815065,0.519250541877985,0.892496445240039,0.372126897260171,0.423347405552255
"IBPFAHIO_01285",144.178599068392,0.454410003746958,0.155160800863876,2.92863920021665,0.00340449352886219,0.00483677333255255
"IBPFAHIO_01286",379.831795220739,0.264385923666473,0.105925955220854,2.49595033733926,0.0125620187501184,0.0172052781200393
"IBPFAHIO_01287",759.995963725767,2.87274299711972,0.102453871626866,28.0393795910628,5.38247315507648e-173,5.06426405031096e-172
"IBPFAHIO_01288",220.532483538854,0.451825459581076,0.133095966472771,3.39473442775977,0.000686952005371247,0.00101901854242478
"IBPFAHIO_01289",103.89624010271,0.830597034486781,0.194375125391627,4.27316526645729,1.92717507553087e-05,3.14058160456882e-05
"IBPFAHIO_01290",3.65557485985403,-0.364426980441845,0.938906872677776,-0.388139645205167,0.697912694637843,0.739169834462452
"IBPFAHIO_01291",316.588012815067,-1.84585222458773,0.14040882600629,-13.1462691989536,1.78780306222098e-39,5.8781392990826e-39
"IBPFAHIO_01292",269.730943056675,-2.03099668051451,0.154430479630488,-13.1515273757756,1.6677124500182e-39,5.4893241479147e-39
"IBPFAHIO_01293",967.017165074485,0.071045931275343,0.0770009972326261,0.922662482678084,0.356183123010067,0.406600497537627
"IBPFAHIO_01294",1935.59610847946,-2.16121953492478,0.0743687351063245,-29.0608618236535,1.12191042586461e-185,1.1456505099614e-184
"IBPFAHIO_01295",491.425938821873,-0.285144174299888,0.0956008049468274,-2.98265453369857,0.00285760346530037,0.00408697398096497
"IBPFAHIO_01296",1827.37254216189,-1.31593397181152,0.0732060723155711,-17.9757488714719,3.01761524698584e-72,1.47287191174252e-71
"IBPFAHIO_01297",51.2545427947974,1.44712778954212,0.266385483020004,5.43245740396991,5.55832245051507e-08,9.92273315748275e-08
"IBPFAHIO_01298",1566.3581792102,1.6666721208438,0.0702292694973976,23.7318732313677,1.69091514442707e-124,1.23095331195275e-123
"IBPFAHIO_01299",1064.25849977669,-0.211556575951527,0.0810360185989779,-2.61064869189162,0.00903706760322999,0.0125186309664073
"IBPFAHIO_01300",477.55055407272,-0.184542964846097,0.103272689476329,-1.78694837698011,0.0739458325303973,0.0938277908952284
"IBPFAHIO_01301",140.70648690209,1.53582817366329,0.16744706038543,9.17202231038345,4.64226906647634e-20,1.12194418795616e-19
"IBPFAHIO_01302",536.696536350132,1.57266823847768,0.100027284410478,15.7223926226367,1.06234911460011e-55,4.36014890381827e-55
"IBPFAHIO_01303",3.33041785639439,-1.90190288099849,1.07002204056742,-1.7774427150958,0.0754954280895305,0.0957128478152013
"IBPFAHIO_01304",108.785482606747,-0.503703234818424,0.181675683012212,-2.77254075210807,0.00556205546270126,0.00783875174018001
"IBPFAHIO_01305",7.5998901011277,1.17515614245697,0.657350825866154,1.78771532067148,0.07382194867003,0.0937103395930122
"IBPFAHIO_01306",8.55476887336748,1.03062511690092,0.617223467717914,1.6697762978966,0.0949636315456409,0.118883341248769
"IBPFAHIO_01307",6.6875947650852,0.16711888066736,0.6907125821088,0.241951406411524,0.808817816662321,0.839106417286291
"IBPFAHIO_01308",107.476076616083,0.0364671494536611,0.185015085848883,0.197103653933641,0.843746424094421,0.871715918815783
"IBPFAHIO_01309",0,NA,NA,NA,NA,NA
"IBPFAHIO_01310",45.4598224406056,-0.282943677559452,0.269536846011899,-1.04974025535255,0.293837550348103,0.340628419465914
"IBPFAHIO_01311",2041.5691093351,1.22971640368652,0.0667267433079186,18.4291386440344,7.66944391749662e-76,3.86964185516862e-75
"IBPFAHIO_01312",163.857391902181,1.17541997096339,0.152015475543785,7.73223888396044,1.0567141107095e-14,2.28610890762315e-14
"IBPFAHIO_01313",5.95992935261941,0.959472070756158,0.734479838151045,1.30632867087475,0.191440811074956,0.229667564850147
"IBPFAHIO_01314",10.2104677764885,1.30141964091483,0.572921454306044,2.27154984532947,0.0231137131132903,0.0308294708847351
"IBPFAHIO_01315",4.48290642686378,1.89823585574785,0.945907152815479,2.00678877424468,0.044772158669726,0.0581668687537214
"IBPFAHIO_01316",11.5688092633658,0.488499509598911,0.557782047279504,0.875789229828196,0.381144626152493,0.432127594334316
"IBPFAHIO_01317",3.273835588321,-1.38477382810773,1.05543744187329,-1.31203780837062,0.189507378034373,0.227530527720243
"IBPFAHIO_01318",0,NA,NA,NA,NA,NA
"IBPFAHIO_01319",17.8838279717307,-1.12611875432108,0.443104728755524,-2.54142797682125,0.0110400689316206,0.0151731218389567
"IBPFAHIO_01320",16.6485542298402,-0.0211458984388694,0.433848826163926,-0.0487402458267332,0.961126302441708,0.96629364815376
"IBPFAHIO_01321",34.1688101887261,-0.213794615134218,0.321787278894147,-0.664397349295298,0.50643602894684,0.555649651121726
"IBPFAHIO_01322",26.6076440056284,-1.76767889558521,0.388139054108411,-4.55424126192537,5.25749897687376e-06,8.73913163267015e-06
"IBPFAHIO_01323",83.6255192256729,-1.26859339979365,0.213364431784728,-5.94566483824065,2.75337011455957e-09,5.08837762987167e-09
"IBPFAHIO_01324",623.067666074636,-1.23905856471747,0.0936960240150246,-13.2242384641506,6.35779000000372e-40,2.09729963395933e-39
"IBPFAHIO_01325",428.30603731362,-1.24548551141225,0.107688200052409,-11.5656637478025,6.15137653645756e-31,1.7629232372683e-30
"IBPFAHIO_01326",88.8127531625111,-1.32362793464663,0.206932539703587,-6.39642241158697,1.5905959725052e-10,3.06049077153413e-10
"IBPFAHIO_01327",125.442525097801,-1.82462038008054,0.185866611653387,-9.81682704521013,9.52958232541586e-23,2.43488559501659e-22
"IBPFAHIO_01328",71.0519300005297,-1.14283354290498,0.225487642969586,-5.06827570617308,4.01435653493704e-07,6.94274841186799e-07
"IBPFAHIO_01329",1758.31860471226,-1.01293830596035,0.0690219884375711,-14.675588589809,9.24101837598928e-49,3.46480287981954e-48
"IBPFAHIO_01330",74.0416988689169,-0.564085225933983,0.229059411852396,-2.46261535979789,0.0137927794402823,0.0187581800387839
"IBPFAHIO_01331",148.571980384399,-0.826386863544727,0.155815024581899,-5.30364042724497,1.13515805389735e-07,2.00141007499167e-07
"IBPFAHIO_01332",15.3734247404886,0.687694414991301,0.460786397793417,1.4924364483945,0.135584765915826,0.166053876226013
"IBPFAHIO_01333",16.4824568638884,2.10799215867209,0.488666991459976,4.31376007692703,1.60501125254396e-05,2.62271636680039e-05
"IBPFAHIO_01334",75.2360131146816,-1.44826095078693,0.226375817302257,-6.39759567981245,1.57842574365295e-10,3.040985077276e-10
"IBPFAHIO_01335",18.9814362164311,-2.30792344209791,0.511087040135057,-4.51571505606565,6.31034692430853e-06,1.04659412403166e-05
"IBPFAHIO_01336",96.9954862182447,-1.66232896492526,0.208133749753735,-7.98683042462906,1.38452332352605e-15,3.0617101138137e-15
"IBPFAHIO_01337",615.91378903689,-1.44903958737792,0.0948085302716977,-15.2838524468772,9.79735915253789e-53,3.87747335772399e-52
"IBPFAHIO_01338",17.8589579987914,-1.30105728918035,0.455093429718647,-2.85887952718785,0.00425140208748607,0.00601996925970579
"IBPFAHIO_01339",49.1712607484883,0.913569413510172,0.264587238079603,3.45280981857226,0.000554779986690963,0.00082705616351737
"IBPFAHIO_01340",892.683842087315,0.542344351697767,0.0771574642217873,7.0290587847575,2.07931368617478e-12,4.23506232065007e-12
"IBPFAHIO_01341",595.490304676299,0.586807067582427,0.0908892359280883,6.45628782760051,1.07302441159039e-10,2.07798643331939e-10
"IBPFAHIO_01342",40.1025598265611,0.506853137953996,0.288776681769915,1.75517335696043,0.0792296596935045,0.100192367625936
"IBPFAHIO_01343",245.200331548695,0.492968147941226,0.123706693044425,3.9849755563686,6.74870723860316e-05,0.000106442446272539
"IBPFAHIO_01344",18.1095005338252,0.403164150979103,0.425451372640146,0.947615113984147,0.343325429042146,0.392972335001568
"IBPFAHIO_01345",92.6247599453144,0.178960935537098,0.199141993375483,0.898659958674142,0.368833811145888,0.420080229519794
"IBPFAHIO_01346",317.105068274676,0.33067533253902,0.112250804093317,2.94586159279644,0.00322056473840365,0.00459072401014946
"IBPFAHIO_01347",153.517098887547,0.678893233667437,0.168104631281821,4.03851594385464,5.37904378041298e-05,8.55159351275007e-05
"IBPFAHIO_01348",56.4435643841041,0.562977050109246,0.248692501514725,2.26374758659907,0.0235896438611725,0.0314388482996117
"IBPFAHIO_01349",20.9666879705052,1.04633788239599,0.410099576448684,2.55142395282849,0.0107283734239009,0.014765084307411
"IBPFAHIO_01350",22.3755842189413,0.432915250905918,0.381328696948986,1.1352810695069,0.256257571333724,0.300087144199805
"IBPFAHIO_01351",21.373593379571,-0.603471655074826,0.39243146864479,-1.53777590048738,0.124103418015667,0.153120588331083
"IBPFAHIO_01352",218.590195925849,0.349647955924581,0.136309469216814,2.56510393543116,0.0103144903112293,0.0142216382540083
"IBPFAHIO_01353",17.6372834622273,0.92673049655781,0.431031892874766,2.15002767052104,0.0315530261067696,0.041607163557274
"IBPFAHIO_01354",47.4652966320269,0.91306977899263,0.275138112376205,3.31858705835766,0.000904741148998801,0.0013302140136631
"IBPFAHIO_01355",654.490856484241,0.781853356289256,0.0872664457183023,8.95938123586577,3.26505422171833e-19,7.76553436516792e-19
"IBPFAHIO_01356",360.416212449994,1.02044317514553,0.111987668267681,9.11210306394081,8.08002387808187e-20,1.94180172234707e-19
"IBPFAHIO_01357",99.8490869815877,0.996003735342118,0.197522605771962,5.04247972757101,4.59537453398242e-07,7.92927370569515e-07
"IBPFAHIO_01358",0.700314259843191,1.69615266115189,2.21737876593004,0.764935917675964,0.444309704677366,0.495850293321402
"IBPFAHIO_01359",479.755817433736,0.544205296429711,0.0964205949524972,5.64407735399082,1.6606940060685e-08,3.00410910892198e-08
"IBPFAHIO_01360",289.080752141817,0.867599315978981,0.122695487016005,7.07115915246179,1.53644797826344e-12,3.14651084939371e-12
"IBPFAHIO_01361",18044.1003738562,-3.00484143966514,0.0635339414476084,-47.2950579044903,0,0
"IBPFAHIO_01362",28482.6887820207,-4.01240072715624,0.0595417677337688,-67.3880013958777,0,0
"IBPFAHIO_01363",18605.5120199349,-0.0738495653625151,0.0688368319118933,-1.07282051354481,0.283351655021731,0.33000706571624
"IBPFAHIO_01364",984.413444956302,-0.116234475875033,0.0751930384157073,-1.54581432435842,0.12214941655971,0.150834112400599
"IBPFAHIO_01365",77.0728197174686,-0.775138566028467,0.230363889163658,-3.36484406841119,0.000765869284620669,0.00113159550596792
"IBPFAHIO_01366",947.158856042341,3.54347277933098,0.111917569206107,31.6614523033942,5.27539267820572e-220,6.49546291900886e-219
"IBPFAHIO_01367",34.2905934899024,-1.18262600266279,0.326612760823293,-3.6208811917873,0.00029360132510744,0.000446142795693987
"IBPFAHIO_01368",81.0838794319021,-1.69851945388998,0.228760689092966,-7.42487470476065,1.12886725489167e-13,2.37689713345242e-13
"IBPFAHIO_01369",58.9347442888115,-0.595358924800644,0.239093666141163,-2.4900656483687,0.0127719501716047,0.0174491666271421
"IBPFAHIO_01370",13.8516896995012,-0.3672608367041,0.472649119849316,-0.777026384437541,0.437143204031717,0.488398979261725
"IBPFAHIO_01371",5.40155473167369,-0.61571159974091,0.758566934618235,-0.811677350596332,0.416976794013031,0.467789489196471
"IBPFAHIO_01372",7.83964709337004,-1.12567019010045,0.680135709470591,-1.65506703210254,0.0979109014088573,0.122113137563694
"IBPFAHIO_01373",12.6124823054385,-1.16254697590328,0.5143610527251,-2.2601769121983,0.023810273177159,0.0317187610623596
"IBPFAHIO_01374",21.1885133571567,-1.03918677393949,0.402598338137674,-2.58119985975732,0.00984575635368064,0.0136004169022218
"IBPFAHIO_01375",13.5869393193045,-0.346180974825369,0.491973719970946,-0.703657453178217,0.481646122659768,0.531765756087832
"IBPFAHIO_01376",23.3899265015837,-1.15887126734605,0.383508814416326,-3.02175914550952,0.00251310423522066,0.00360633471068596
"IBPFAHIO_01377",1283.6167146244,0.113480531466597,0.0731973592730834,1.55033641368435,0.121060791713796,0.149551564330173
"IBPFAHIO_01378",46555.0283598435,-1.07193062210385,0.0560173587399036,-19.1356866195882,1.27389920549874e-81,6.78203989831356e-81
"IBPFAHIO_01379",48104.725433017,-1.02247869314543,0.0545271920422878,-18.7517210193488,1.87426351559503e-78,9.66861454941434e-78
"IBPFAHIO_01380",429.898079868887,-0.222245249380294,0.100191618534284,-2.21820200762847,0.0265410619243907,0.0351842522276371
"IBPFAHIO_01381",176.841318606007,-0.315459724509374,0.145003084265076,-2.17553803154071,0.0295898213513963,0.0390873048491734
"IBPFAHIO_01382",351.766587156347,0.22049045352158,0.112351561499361,1.96250457562919,0.0497037684217515,0.0644619311304207
"IBPFAHIO_01383",2198.00708659781,0.430564836315279,0.0670418883713197,6.42232560530728,1.34207965682728e-10,2.59064666659821e-10
"IBPFAHIO_01384",2102.24747288926,0.820475216032857,0.0791953121438941,10.3601487742367,3.76376160065722e-25,1.00456509448407e-24
"IBPFAHIO_01385",6494.71588116152,-1.91855900982424,0.0581512117698153,-32.992588656942,1.03749390766333e-238,1.37963634299052e-237
"IBPFAHIO_01386",1560.44612092726,-0.618044890919022,0.0730899383092099,-8.45595037041021,2.76823337784313e-17,6.35652668189305e-17
"IBPFAHIO_01387",572.394900997042,-0.896808222548383,0.097686396837261,-9.18048215088132,4.29165488179435e-20,1.0405698060234e-19
"IBPFAHIO_01388",584.014445223491,-1.01399284732845,0.090942265937335,-11.1498524572409,7.17251989759958e-29,2.009380106144e-28
"IBPFAHIO_01389",4659.04199830811,-0.912964767650934,0.0843294486861826,-10.8261678675071,2.58759125209857e-27,7.09630891501276e-27
"IBPFAHIO_01390",7253.94610818934,0.086719338873663,0.0758459691645007,1.14336120731188,0.252888651875513,0.296374009561901
"IBPFAHIO_01391",1296.35456498966,-0.255857408296695,0.0722342160359015,-3.54205281565637,0.000397025971099571,0.000596635713475598
"IBPFAHIO_01392",160.743347238805,-1.79534451032973,0.168173348355249,-10.6755590459984,1.32457793353202e-26,3.58979816768822e-26
"IBPFAHIO_01393",5564.41464569277,-0.828086707756733,0.0572156294908438,-14.473085678263,1.7924698232629e-47,6.5966417111963e-47
"IBPFAHIO_01394",4013.92887702574,-1.24672972170667,0.0695307210356919,-17.9306312826339,6.80031698440865e-72,3.30838185647978e-71
"IBPFAHIO_01395",2782.90280306047,-2.07206976067133,0.077937116529287,-26.5864308681819,9.74270939292939e-156,8.42490939411697e-155
"IBPFAHIO_01396",13357.01630255,0.933413509964825,0.0536453715318249,17.3997025896462,8.29323842702132e-68,3.87708896463247e-67
"IBPFAHIO_01397",920.428372652075,0.675481311325946,0.0950668088403305,7.10533276088452,1.20032976181708e-12,2.46491876963397e-12
"IBPFAHIO_01407",2138.15581951801,-0.120111520567489,0.0802318550330556,-1.49705525963475,0.134378879965699,0.164711843038661
"IBPFAHIO_01408",1657.45483996545,0.539718802410411,0.0727279302474265,7.42106644000788,1.16181013411116e-13,2.44454002901588e-13
"IBPFAHIO_01409",3686.47263402472,-0.855534005545244,0.0651507021259178,-13.1316160475407,2.16976122437408e-39,7.12615321989817e-39
"IBPFAHIO_01410",23159.8229331606,1.1995779914483,0.0569191024209254,21.0751389327477,1.34510791996959e-98,8.19666577708557e-98
"IBPFAHIO_01411",4935.85654397857,-0.794403679657861,0.0555711403568092,-14.2952560368058,2.34242710652415e-46,8.4542121866348e-46
"IBPFAHIO_01412",8029.38301562163,-0.657739917299657,0.0588636000923268,-11.1739668703239,5.46829620387896e-29,1.53625748751229e-28
"IBPFAHIO_01413",723.198268506988,-0.556654113172128,0.0990987168864404,-5.61716771580415,1.94112986696893e-08,3.49660479348045e-08
"IBPFAHIO_01414",3082.57474275409,-0.860457408364311,0.0726462529121668,-11.8444843866159,2.29827511714533e-32,6.72183690175839e-32
"IBPFAHIO_01415",2352.97275914349,-1.37723318699258,0.0640686650562016,-21.4962054505812,1.68950368262822e-102,1.06197374336631e-101
"IBPFAHIO_01416",1335.16835267049,-1.51334594184845,0.076174414180674,-19.866853695245,7.87890146583399e-88,4.3735942830752e-87
"IBPFAHIO_01417",5751.01040861896,-1.38679851641823,0.0543912167910498,-25.4967363893655,2.14258027633917e-143,1.72327962010936e-142
"IBPFAHIO_01418",704.127858645751,-1.68564997562242,0.0895696362990072,-18.8194353050098,5.2339404679287e-79,2.71402944194847e-78
"IBPFAHIO_01419",1735.31718523365,-1.53022637273849,0.0882787197131223,-17.3340344956434,2.60403239054167e-67,1.21170527410586e-66
"IBPFAHIO_01420",75.4457888594444,-2.35102230529748,0.253216998977476,-9.28461483546217,1.62293089573542e-20,3.9671644117977e-20
"IBPFAHIO_01421",4878.5184036354,-0.36451773980488,0.0582665761146516,-6.25603500517373,3.94888147834462e-10,7.50638715578597e-10
"IBPFAHIO_01422",4065.90524952696,-1.50737385332909,0.0616929729033655,-24.4334773052712,7.54143134189834e-132,5.80050451798453e-131
"IBPFAHIO_01423",1068.32162424965,-1.79423664369812,0.0968588579770641,-18.5242390956435,1.31651134284795e-76,6.74486633185113e-76
"IBPFAHIO_01424",723.131212941048,-2.16941650111229,0.127613111979586,-16.9999498285044,8.21902360813569e-65,3.67583238199432e-64
"IBPFAHIO_01425",8559.09599362604,-0.327590295590236,0.0527223224845286,-6.2135027470834,5.18163260303498e-10,9.79990186364138e-10
"IBPFAHIO_01426",4597.23127090807,-0.187843613156769,0.057932579627369,-3.24245207731138,0.00118505876601924,0.0017338365906746
"IBPFAHIO_01427",952.906303091042,-0.355019841561015,0.0838387743470551,-4.23455428977755,2.290054572671e-05,3.71575015262019e-05
"IBPFAHIO_01428",5206.37608390409,-0.62751865791275,0.0613955419379204,-10.2209156903812,1.59823912441994e-24,4.20944670797929e-24
"IBPFAHIO_01429",12910.3798941507,-0.700298108010818,0.0606276494830539,-11.5508041954778,7.31328917023825e-31,2.08991033403561e-30
"IBPFAHIO_01430",29116.550095485,-0.657241425403985,0.0617491820166653,-10.6437268306907,1.86516546016483e-26,5.05029416906169e-26
"IBPFAHIO_01431",7869.4584978636,-1.69580580596487,0.0626579718729042,-27.0644860546181,2.57957058125197e-161,2.27002211150174e-160
"IBPFAHIO_01432",23280.6799175826,-1.03124070293018,0.0734720912258938,-14.0358153105997,9.41078750468221e-45,3.34804711224842e-44
"IBPFAHIO_01433",7393.10457162388,-1.55750591838934,0.0901743049904397,-17.272169921958,7.62217726925121e-67,3.52481520704786e-66
"IBPFAHIO_01434",1.83050984735321,-0.561911990101898,1.35819054235324,-0.413721029987672,0.679078423826105,0.722290310731499
"IBPFAHIO_01435",4506.688995024,0.0284224713699827,0.0654842071331947,0.43403551198492,0.664262653467393,0.708799521816847
"IBPFAHIO_01436",2306.32530868504,-0.244652331546128,0.0650961977783012,-3.75831983888433,0.000171058138178663,0.000263545803002348
"IBPFAHIO_01437",2976.59838475908,-0.852763789009155,0.0611647772420978,-13.9420729946225,3.51578195464862e-44,1.24340657308613e-43
"IBPFAHIO_01438",22106.4436835963,1.69899977147424,0.0532690561175799,31.8946851193321,3.16386680199255e-223,3.96079057387519e-222
"IBPFAHIO_01439",3944.94972449843,-0.896131801114776,0.0829712697857452,-10.8005072530388,3.42307204980132e-27,9.37896664194646e-27
"IBPFAHIO_01440",6292.84231179346,-2.04098795386306,0.0548960452205444,-37.1791437008514,1.48300951965945e-302,2.62554111409531e-301
"IBPFAHIO_01441",2487.29241768722,0.726573468687619,0.0775240498313272,9.37223313627784,7.1013853859958e-21,1.74731456208055e-20
"IBPFAHIO_01442",2187.01568704804,1.41577106188255,0.070540632646705,20.0702915293273,1.34215012903208e-89,7.54833305651124e-89
"IBPFAHIO_01443",950.144860764379,-0.232453956995163,0.0787902429984098,-2.95028861631832,0.00317477205795048,0.00452976537786735
"IBPFAHIO_01444",517.252979963982,-0.45137274130384,0.120895489712612,-3.7335780050755,0.000188778690666623,0.000290100586787127
"IBPFAHIO_01445",399.176412920152,-1.99170844255227,0.112198142598084,-17.7517060125226,1.67196867845981e-70,8.05560432520409e-70
"IBPFAHIO_01446",6.82543481349953,-1.93840666939195,0.77128311780229,-2.5132232569997,0.0119633599021559,0.0164043871802248
"IBPFAHIO_01447",197.97159722668,-1.23506762405601,0.15457437455115,-7.99011885147443,1.34808725740208e-15,2.985549277681e-15
"IBPFAHIO_01448",815.943812794682,-1.36283053345217,0.0860354346031746,-15.8403399685027,1.6393214477437e-56,6.81229134951272e-56
"IBPFAHIO_01449",819.61171012623,-1.41791925700729,0.0935701879998276,-15.1535364769162,7.17969752246834e-52,2.80805947545428e-51
"IBPFAHIO_01450",48.6598019944687,-0.0366162115527461,0.257552623468389,-0.142169825566697,0.886945865366327,0.907883006902515
"IBPFAHIO_01451",85.6350109139194,-0.517840004124813,0.202979207000559,-2.55119729639789,0.010735353438839,0.0147678976960949
"IBPFAHIO_01452",5.33610475821233,-1.01312561741734,0.799311711793611,-1.26749752627038,0.204977447573985,0.244534498860193
"IBPFAHIO_01453",109.773347599883,-0.298542320368701,0.190990263061366,-1.56312848405669,0.118022377100839,0.145918575324673
"IBPFAHIO_01454",567.206971023816,0.383851076313971,0.0949995271904379,4.04055775503488,5.33242306208849e-05,8.48198288238636e-05
"IBPFAHIO_01455",462.170318569807,-0.110265121474834,0.095958702411283,-1.14908933430793,0.250519145883581,0.294214669322846
"IBPFAHIO_01456",34.1950421335586,-0.849334372146404,0.331362989035755,-2.56315400406639,0.0103726027827633,0.0142951761980782
"IBPFAHIO_01457",17.5089800267019,-0.763003856343145,0.453079314384971,-1.68404037023601,0.0921738670547877,0.115632792548396
"IBPFAHIO_01458",34.4619215584867,-0.370346435166417,0.308311494536942,-1.20120865335445,0.22967027354997,0.271395520719396
"IBPFAHIO_01459",106.727313564856,-0.458760117443344,0.195448867809747,-2.34721296973646,0.0189144401037789,0.0254460453194723
"IBPFAHIO_01460",36702.7354327486,-0.945663325932972,0.0513054211635839,-18.4320351433777,7.26961755115328e-76,3.68032076362954e-75
"IBPFAHIO_01461",3895.69131007665,-0.416477585911875,0.0606998095734614,-6.86126676242431,6.82525709471478e-12,1.36687879701383e-11
"IBPFAHIO_01462",1328.63523789445,-0.455653047806868,0.0797973019414473,-5.71013100344184,1.12889243450283e-08,2.04954257526242e-08
"IBPFAHIO_01463",810.316252700232,-0.383435597467885,0.0838083365239392,-4.57514864715588,4.75881982803244e-06,7.93225009775658e-06
"IBPFAHIO_01464",5806.70001725783,-1.9924300370943,0.0717855231407163,-27.7553182023717,1.50309110558427e-169,1.37952410672029e-168
"IBPFAHIO_01465",5596.1740006105,-1.08544136281183,0.0698803052659147,-15.5328652140458,2.07880255415784e-54,8.42788244178898e-54
"IBPFAHIO_01466",2271.5298639179,-1.11094070679244,0.106831164234922,-10.3990321059263,2.50464299402798e-25,6.70294439904446e-25
"IBPFAHIO_01467",46031.8598725191,0.94818080931107,0.0648133848975304,14.6293980913069,1.82393575364247e-48,6.81300346429247e-48
"IBPFAHIO_01468",17811.8343684587,0.173823577349313,0.0708862797716476,2.45214698682547,0.0142006640976159,0.0192953619346353
"IBPFAHIO_01469",9256.68490565154,0.0529014716792189,0.0678771701246265,0.779370612859798,0.435761429698332,0.487037055531345
"IBPFAHIO_01470",6654.6705514655,-0.0253826896054632,0.0636281943306699,-0.398922048196932,0.689950642742687,0.731773244624644
"IBPFAHIO_01471",7835.19812666396,-0.372560433354222,0.0565587182272579,-6.58714421103466,4.48366746347696e-11,8.75661426287407e-11
"IBPFAHIO_01472",6889.63009496794,-0.0998299113430807,0.0589739270660529,-1.69278045925732,0.0904972635078378,0.11362476391752
"IBPFAHIO_01473",7350.1456671276,0.531958589082313,0.0618099045260069,8.60636484009594,7.54139763017274e-18,1.75457711582246e-17
"IBPFAHIO_01474",43096.383288816,-1.63436751962714,0.0769435962813053,-21.2411116534234,3.98350880239365e-100,2.47789154610432e-99
"IBPFAHIO_01475",4837.12591673548,-0.761303628135455,0.0595513288281489,-12.783990603004,2.01461406219976e-37,6.39885910201878e-37
"IBPFAHIO_01476",2374.47940571668,-0.740833116126175,0.0724936142402657,-10.219287917841,1.62530393543571e-24,4.27696514936117e-24
"IBPFAHIO_01477",33981.9270259665,-2.30839653828293,0.0511658464931288,-45.1159649746619,0,0
"IBPFAHIO_01478",34100.4041167173,-2.01393856717048,0.0550346751049301,-36.5939939380157,3.56375666023068e-293,5.92375551522789e-292
"IBPFAHIO_01479",86968.5831608926,-1.64427706845362,0.0544523421339515,-30.19662706902,2.62284641062078e-200,2.93915972306269e-199
"IBPFAHIO_01480",222709.768765794,-1.49250648484025,0.0510432159987956,-29.2400558161435,6.00785815291807e-188,6.19845227363133e-187
"IBPFAHIO_01481",6158.63239435992,-2.58771456230083,0.0675507813551145,-38.30769252982,0,0
"IBPFAHIO_01482",32178.3857212187,-2.12274363509764,0.0871536308468513,-24.3563419500879,4.96636573423402e-131,3.78100923074509e-130
"IBPFAHIO_01483",17572.8799669618,-2.16080288322692,0.0647494578554958,-33.371752517979,3.52342154034496e-244,4.8805913188482e-243
"IBPFAHIO_01484",9285.76720547488,-1.95844658745484,0.0610632119165237,-32.0724463385931,1.06820578419132e-225,1.34855346257403e-224
"IBPFAHIO_01485",31234.8983748808,-2.20465690833678,0.0594704903084481,-37.0714432805609,8.10754336401207e-301,1.41033545029791e-299
"IBPFAHIO_01486",15244.394570853,-2.61203818262799,0.0570048700602443,-45.8213163167905,0,0
"IBPFAHIO_01487",15478.0631361947,-2.44420503140014,0.0623178737569484,-39.2215729460381,0,0
"IBPFAHIO_01488",46516.7612968922,-2.3313696245482,0.0741028239279942,-31.4612790845001,2.94281822663191e-217,3.57923257483035e-216
"IBPFAHIO_01489",21159.7519942937,-2.3713296702131,0.0740488298394091,-32.0238641901004,5.07568563031358e-225,6.38086193525135e-224
"IBPFAHIO_01490",7213.48393208001,-2.55944294937394,0.0978682887089102,-26.1519127711173,9.37369829919353e-151,7.74754290364283e-150
"IBPFAHIO_01491",31540.7633089495,-2.566853287598,0.0612370209787308,-41.916691024038,0,0
"IBPFAHIO_01492",17436.2230662463,-2.58956227574535,0.0539954800537181,-47.9588712456874,0,0
"IBPFAHIO_01493",36100.9883730963,-2.5352048322429,0.0645497869245603,-39.2751851405149,0,0
"IBPFAHIO_01494",20347.392034031,-2.61179918592444,0.0566502985378084,-46.1038909473942,0,0
"IBPFAHIO_01495",12443.3583949869,-2.7548359805734,0.0688901961899794,-39.9887956912817,0,0
"IBPFAHIO_01496",19235.410119009,-2.71257931902571,0.0734413654785714,-36.9353061636249,1.25388417836696e-298,2.13160310322384e-297
"IBPFAHIO_01497",25176.5617615176,-2.33271677660212,0.052640129017229,-44.3144198191198,0,0
"IBPFAHIO_01498",23651.099616031,-2.62205717791476,0.0589710768824876,-44.4634440564782,0,0
"IBPFAHIO_01499",32747.5458010771,-2.48269581739908,0.0599475339580005,-41.4144778522244,0,0
"IBPFAHIO_01500",6996.41061005158,-2.61669460660898,0.0573964381650166,-45.5898430332192,0,0
"IBPFAHIO_01501",25424.7845803135,-2.76749116663357,0.073115548626548,-37.8509252630938,0,0
"IBPFAHIO_01502",82181.8336208524,-2.72373807523278,0.0573371619691991,-47.5038872118565,0,0
"IBPFAHIO_01503",25369.071684528,-2.94702719682555,0.05392757917575,-54.6478674153199,0,0
"IBPFAHIO_01504",10200.9509675703,-2.58883706710277,0.0881032817344179,-29.3841161888459,8.76376065837423e-190,9.20041118942305e-189
"IBPFAHIO_01505",10483.22877589,-2.48635219468369,0.0745642296364058,-33.3451067195059,8.57706587491919e-244,1.18260742385983e-242
"IBPFAHIO_01506",15812.149001565,-2.34215422680096,0.0538662390518674,-43.4809310623249,0,0
"IBPFAHIO_01507",12586.120400285,-2.54920754239847,0.0609039725881477,-41.8561784078854,0,0
"IBPFAHIO_01508",42691.3408776135,-2.35232753928086,0.0741071313200484,-31.7422560741395,4.06114532277707e-221,5.04188664138962e-220
"IBPFAHIO_01509",54899.1011313818,-2.27595810495867,0.0588496500152244,-38.6741145337292,0,0
"IBPFAHIO_01510",2722.43377793469,0.278305487871512,0.070828708141438,3.92927522150712,8.52022784293453e-05,0.000133748802235363
"IBPFAHIO_01511",3296.71354838738,0.246047636622265,0.0682737076739052,3.60384172773301,0.000313548032703322,0.000474765037372642
"IBPFAHIO_01512",1602.04484521022,0.462761619025387,0.066038956597716,7.00740355188155,2.42781263630828e-12,4.93479307597443e-12
"IBPFAHIO_01513",850.71513288645,-0.872440002246704,0.0876272020912061,-9.95626907428393,2.36782306174681e-23,6.1126200179003e-23
"IBPFAHIO_01514",972.709947869716,-0.580941509420112,0.0824073889232316,-7.04962888657109,1.79395600075305e-12,3.66383368890999e-12
"IBPFAHIO_01515",195.345239436038,-0.268920370817816,0.141719355357077,-1.89755570183228,0.0577546345504097,0.0742914301697445
"IBPFAHIO_01516",144.97143351725,0.0921161760127503,0.154867065538799,0.594808041931113,0.551971791377578,0.600545309018805
"IBPFAHIO_01517",34.3163186587565,0.646884750607323,0.310263703417969,2.08495142512973,0.0370737099972582,0.0486511141718406
"IBPFAHIO_01518",302.326415332708,2.97929152767162,0.143984281324437,20.6917831604023,4.10739284630526e-95,2.43835702304471e-94
"IBPFAHIO_01519",760.211074753572,5.02906409088222,0.141925839415905,35.4344502141352,5.03542968747107e-275,7.76598228088321e-274
"IBPFAHIO_01520",49.6275650261026,-1.87658595620592,0.284961784277291,-6.58539516435598,4.53677117151633e-11,8.84877401902011e-11
"IBPFAHIO_01521",28.3874217793781,-1.13427844316439,0.359124399598663,-3.15845552246518,0.00158607509829834,0.00230365858937312
"IBPFAHIO_01522",4300.22947744606,0.405724200361401,0.058166113178043,6.97526752594769,3.05289313214408e-12,6.19271610262717e-12
"IBPFAHIO_01523",5474.83590174416,-0.582472437153344,0.0758579522617607,-7.67846243915765,1.61009351078304e-14,3.45581046216848e-14
"IBPFAHIO_01524",2322.21746439737,0.0376489933120511,0.062847699643323,0.599051254472619,0.54913870610751,0.597680250517887
"IBPFAHIO_01525",36739.2074128738,0.0120559301001223,0.0513128305048569,0.234949621400853,0.814247835021887,0.844154373660944
"IBPFAHIO_01526",6216.38814384328,-0.0464584979956516,0.0603571197929081,-0.769726888146018,0.441461916806046,0.49285599070287
"IBPFAHIO_01527",8556.0456421598,-0.48130267872573,0.0612591180670591,-7.85683329947482,3.93966610927197e-15,8.59772501746298e-15
"IBPFAHIO_01528",6009.22828591683,-1.32351756389405,0.0742615425467727,-17.8223817941897,4.73757275079989e-71,2.28995438940118e-70
"IBPFAHIO_01529",53.3154106433631,1.41160941440955,0.286665235845352,4.92424346554206,8.46873454007701e-07,1.44460967753195e-06
"IBPFAHIO_01530",4398.56506702103,1.55700239036119,0.0772648345227776,20.1515010027258,2.61076775453729e-90,1.47107667072986e-89
"IBPFAHIO_01531",5035.94296711956,1.10765087574351,0.065461416806584,16.9206676203822,3.16818758151873e-64,1.40850181930223e-63
"IBPFAHIO_01532",2557.39313104639,1.10765340518608,0.0647597583250305,17.1040385856096,1.38467797262287e-65,6.27486032882985e-65
"IBPFAHIO_01533",2482.9245847363,0.90463513232244,0.0723950191371042,12.4958200592393,7.86807537867623e-36,2.45221682635409e-35
"IBPFAHIO_01534",31087.4693309095,2.13986178587191,0.0520249763711805,41.131432152986,0,0
"IBPFAHIO_01535",2307.24198377207,-0.521059649458044,0.0629514189747434,-8.27717083974067,1.26136198777211e-16,2.8526039814166e-16
"IBPFAHIO_01536",15111.6673484302,0.134515621517377,0.054255060149703,2.47931936940472,0.0131633383850246,0.0179510977429324
"IBPFAHIO_01537",1821.12197572264,-0.390640228919241,0.0752123440185244,-5.19383133203545,2.06009796485955e-07,3.59406012295031e-07
"IBPFAHIO_01538",3803.02337923891,-0.242832652862161,0.0646977598981123,-3.75333942387773,0.000174494325720699,0.000268701504146336
"IBPFAHIO_01539",6109.82702210707,-0.11337232659664,0.0594734658428383,-1.9062673578875,0.056615527011324,0.0728574868033898
"IBPFAHIO_01540",1287.77550303073,1.84143474169847,0.0854853267020714,21.5409452445111,6.43796845327367e-103,4.07238934718707e-102
"IBPFAHIO_01541",2471.60386526441,5.94053774396093,0.11011427996724,53.9488406565279,0,0
"IBPFAHIO_01542",4731.97491304436,5.83611983961209,0.0968949791516754,60.2313957927218,0,0
"IBPFAHIO_01543",2988.63338933082,5.54714640066642,0.102666118516668,54.0309352375663,0,0
"IBPFAHIO_01544",9703.14936547558,5.95881764985718,0.0854875234040045,69.7039452376749,0,0
"IBPFAHIO_01545",22.8543777399584,-1.42646005525408,0.400076175695828,-3.56547113252403,0.00036320314019756,0.000548009982587544
"IBPFAHIO_01546",64.5470607123784,-0.53772419593134,0.22936456146946,-2.34440836233081,0.0190572929607836,0.0256151934135959
"IBPFAHIO_01547",57.1220143774186,-1.95490824006338,0.270538967397962,-7.22597657138136,4.97513518959295e-13,1.03300516913686e-12
"IBPFAHIO_01548",9.16113193643002,-1.43543604938959,0.615946215346667,-2.33045680552107,0.0197820204343204,0.0265416166544783
"IBPFAHIO_01549",3602.0441454969,0.974624294139557,0.071282954563601,13.6726136017548,1.4798293774957e-42,5.09510874276999e-42
"IBPFAHIO_01550",2561.79027715412,1.34499415047926,0.0648064802755333,20.7540070801691,1.12788012635058e-95,6.72234529490226e-95
"IBPFAHIO_01551",10.188502952737,-0.994119945366502,0.590772537605343,-1.6827456966705,0.0924243314041001,0.115898407192401
"IBPFAHIO_01552",36.6505202795075,-1.60434420442863,0.322272110699407,-4.97822849438265,6.41688762317316e-07,1.09961785615888e-06
"IBPFAHIO_01553",94.899566207102,-1.3230391578881,0.197444849813599,-6.70080358711376,2.07276491073116e-11,4.0962434695559e-11
"IBPFAHIO_01554",1.73253279824629,-1.21617513154903,1.48525504290975,-0.81883252129307,0.412881973455748,0.463599968637667
"IBPFAHIO_01555",9386.08513540841,-2.27735340188701,0.0597488787560313,-38.1154165450699,0,0
"IBPFAHIO_01556",268.29498118959,-0.583838628339723,0.129288733805402,-4.51577342553671,6.30860883936099e-06,1.04659412403166e-05
"IBPFAHIO_01557",391.363759213154,-1.02626160919053,0.111098412924336,-9.23741016795145,2.52535438479409e-20,6.15298071604553e-20
"IBPFAHIO_01558",1421.28044395969,-0.413798299380846,0.0698395264049159,-5.92498719108895,3.12321733269233e-09,5.76475401567888e-09
"IBPFAHIO_01559",108.96436543846,-0.239219551680975,0.17873025121516,-1.33843907259435,0.180753349100383,0.218158136550362
"IBPFAHIO_01560",1667.57632171045,-0.442155069477412,0.0711083363767733,-6.21804829091511,5.03376656692151e-10,9.53229719508175e-10
"IBPFAHIO_01561",1843.33304022034,1.51812225818098,0.069678571649147,21.7875054302949,3.04808852475271e-105,1.95286528181159e-104
"IBPFAHIO_01562",15047.122144404,5.92929956840797,0.0706029723171216,83.9808774873644,0,0
"IBPFAHIO_01563",28419.5833386662,-2.27121404828525,0.0675321702313835,-33.6315868496962,5.7958771182105e-248,8.17984166871973e-247
"IBPFAHIO_01564",692.201349657597,-1.92798042639962,0.0943961962224802,-20.4243444498082,1.01613230086518e-92,5.86924294244907e-92
"IBPFAHIO_01565",1068.27220888744,-1.43416085092514,0.0868842348141847,-16.5065716926933,3.29053156502255e-61,1.43308157824563e-60
"IBPFAHIO_01566",1596.71411414496,-0.669006179715941,0.0675879319089225,-9.89830818640012,4.23376270072537e-23,1.08733201721634e-22
"IBPFAHIO_01567",889.974743524037,-1.22439769764789,0.084180806176735,-14.5448559268642,6.29632673925518e-48,2.32575427208043e-47
"IBPFAHIO_01568",431.618020914454,-0.836175004695867,0.0995191171303282,-8.40215456896417,4.38360309114409e-17,9.98913971721486e-17
"IBPFAHIO_01569",5721.90999131661,-0.887748452801759,0.0572273051256713,-15.5126726805021,2.84774177074444e-54,1.14985740594701e-53
"IBPFAHIO_01570",4773.05527376272,-0.50155426826192,0.0681641830941737,-7.35803240785541,1.86640740768733e-13,3.90509857608426e-13
"IBPFAHIO_01571",1805.42282013097,-0.780167345353831,0.0799965928311173,-9.75250717240996,1.79967707140369e-22,4.58266706182115e-22
"IBPFAHIO_01572",1503.00911462043,-2.65676937974825,0.0915482868339529,-29.0204161282341,3.63638935042929e-185,3.68816167338455e-184
"IBPFAHIO_01573",905.474267837466,-0.801868123592664,0.0799766891981553,-10.0262730507124,1.16844005309245e-23,3.02681613753473e-23
"IBPFAHIO_01574",2074.33120987965,1.30142890943192,0.0648974103749744,20.0536339110038,1.87626603958855e-89,1.0512711592601e-88
"IBPFAHIO_01575",2451.96287984891,-0.491686263459883,0.068966442102938,-7.12935521200299,1.00840190072181e-12,2.07506085760637e-12
"IBPFAHIO_01576",4482.25756314027,-0.359202873071167,0.0669962905880361,-5.36153374938212,8.25183014060927e-08,1.46264666947292e-07
"IBPFAHIO_01577",1633.42782214659,-0.320193668777961,0.0810730583445015,-3.94944603443195,7.83322680832852e-05,0.000123287820150021
"IBPFAHIO_01578",4299.90174712275,-0.100975832532036,0.0629242894517969,-1.60471947179298,0.108555554768814,0.13471514718718
"IBPFAHIO_01579",9302.47141557977,1.51885001398752,0.080207006236056,18.9366251810648,5.69314090146104e-80,2.97795062537962e-79
"IBPFAHIO_01580",68.2684973100625,0.979096769567074,0.270977188055269,3.61320735739341,0.000302432652605767,0.000459096142362483
"IBPFAHIO_01581",7947.85486624781,2.54258645465195,0.0572082616050961,44.4443928781338,0,0
"IBPFAHIO_01582",1317.41743154194,1.13885064202488,0.0804214251700915,14.1610353163502,1.5962498632057e-45,5.69925965478695e-45
"IBPFAHIO_01583",1567.43007586646,0.816416731911321,0.0918347278301859,8.8900653511053,6.10729785461503e-19,1.44794256584851e-18
"IBPFAHIO_01584",5075.3258466734,0.463524176226149,0.0627681348124153,7.38470527460162,1.52791457513555e-13,3.19910455479747e-13
"IBPFAHIO_01585",7807.08373956036,0.379695391819569,0.0554426697302148,6.84843269032994,7.46634494333082e-12,1.49426783079905e-11
"IBPFAHIO_01586",2179.53550187608,0.751311567249286,0.0634537098197101,11.8403095639951,2.41559703038291e-32,7.05807257315008e-32
"IBPFAHIO_01587",778.316831171701,-0.177304253673987,0.0928631021515236,-1.90930789049759,0.0562223850252331,0.0724138510527325
"IBPFAHIO_01588",766.224886794279,-0.643074393657257,0.085672067808645,-7.50623172880118,6.08536571453242e-14,1.28947692761197e-13
"IBPFAHIO_01589",1673.06659887009,0.141391581528029,0.0720782545498657,1.96163992054234,0.0498044210904782,0.0645644834933756
"IBPFAHIO_01590",1929.5353278897,0.545595940468851,0.0662875465553995,8.23074572556206,1.86051527248231e-16,4.18860925151775e-16
"IBPFAHIO_01591",979.425516012298,-1.6035472125068,0.0842381604986607,-19.0358764129506,8.60410554063698e-81,4.53230348196934e-80
"IBPFAHIO_01592",17563.8598920551,-1.08875273390169,0.0937887526145253,-11.6085639647699,3.72824263125346e-31,1.07155638354566e-30
"IBPFAHIO_01593",22312.5881703701,0.315072875119701,0.0535364404778506,5.88520402752692,3.97563243980199e-09,7.32907717799603e-09
"IBPFAHIO_01594",91.1809686132189,-0.0336244257215991,0.193471504683761,-0.173795235513157,0.86202638892208,0.885708432573785
"IBPFAHIO_01595",7291.69443031489,0.177626169123334,0.0534429635984124,3.32365866642565,0.000888448661980972,0.00130818818732631
"IBPFAHIO_01596",958.395813568779,0.0705471929282393,0.077216048514738,0.913633814281162,0.360909292280663,0.41152461985661
"IBPFAHIO_01597",4149.69301113085,1.01333381226452,0.0580199851629836,17.4652545914648,2.63523055632975e-68,1.24167083851002e-67
"IBPFAHIO_01598",1839.40526416763,1.71817716965489,0.0697105210471601,24.6473149797936,3.93234478672813e-134,3.05599366282872e-133
"IBPFAHIO_01599",6172.66700537148,2.20693360181468,0.061800946364759,35.7103528607638,2.73074806576161e-279,4.30020958566249e-278
"IBPFAHIO_01600",2186.67976888315,0.170542178284469,0.0688400649018624,2.47736806360645,0.0132355333092744,0.018033112778392
"IBPFAHIO_01601",822.994600371383,0.194366397020107,0.0793740119001604,2.44874099679614,0.0143356491597927,0.0194699329487515
"IBPFAHIO_01602",3506.20958581889,-1.49250243181393,0.0669369235364526,-22.2971471194242,3.93820055669798e-110,2.61846579236452e-109
"IBPFAHIO_01603",4.49727027513358,-1.42094207705685,0.88439918240339,-1.60667502337054,0.108125675395191,0.134237353021747
"IBPFAHIO_01604",1.647094437419,0.185691836477478,1.35083235541598,0.137464753293013,0.890663451019914,0.910753604050438
"IBPFAHIO_01605",10.2300539512456,-1.41676562454857,0.607065956593303,-2.33379192023729,0.0196066200908741,0.026329895561892
"IBPFAHIO_01606",400.009723718775,-1.03493596556919,0.118348968785727,-8.74478228401771,2.2344607689655e-18,5.23942525136738e-18
"IBPFAHIO_01607",651.058672678791,-0.627943589572023,0.0866743227743596,-7.24486294755088,4.32876706020233e-13,8.99421600286485e-13
"IBPFAHIO_01608",989.111119660933,-0.914060614547105,0.0773181536792455,-11.8220698639428,3.00195639830769e-32,8.7542432200162e-32
"IBPFAHIO_01609",404.618676641007,-1.17325752229914,0.109521229932177,-10.7126036022943,8.88278847427647e-27,2.4161184650032e-26
"IBPFAHIO_01610",1116.64558035351,1.38930610959891,0.0815780679804973,17.030387504777,4.88794767741799e-65,2.20252100163172e-64
"IBPFAHIO_01611",67.0660793994251,0.843381668132193,0.222953112753338,3.78277592861088,0.000155089018205686,0.000239559288833976
"IBPFAHIO_01612",4751.78605598524,-1.16917734915626,0.0590292453189707,-19.806747364607,2.60370523292181e-87,1.44264556609298e-86
"IBPFAHIO_01613",3387.49883724624,-1.17696987084554,0.0648031226585635,-18.1622400674547,1.02745482300622e-73,5.10655287447611e-73
"IBPFAHIO_01614",16932.9976756351,-1.90156325980465,0.0515627315007866,-36.8786370399256,1.01681982160262e-297,1.70917129563766e-296
"IBPFAHIO_01615",482.48591224477,0.399722022669329,0.0966948664614759,4.1338494720253,3.56737171131003e-05,5.7261674679397e-05
"IBPFAHIO_01616",3124.83419347876,0.551042617132021,0.0593738584037298,9.28089620494336,1.68058953057007e-20,4.10140609744344e-20
"IBPFAHIO_01617",742.926029531494,0.552252808762271,0.0854992062931106,6.45915713964669,1.0528773994235e-10,2.0402909190901e-10
"IBPFAHIO_01618",313.256548252514,1.71014084012156,0.126398049459071,13.5298040392256,1.04301304234936e-41,3.54221909501623e-41
"IBPFAHIO_01619",2090.17727031175,2.13920913101596,0.0758459467760189,28.2046598657839,5.12658887307768e-175,4.88495347396447e-174
"IBPFAHIO_01620",6921.06150413054,-0.139692504728374,0.0564189897887717,-2.47598379998244,0.013286960694625,0.0180949414648694
"IBPFAHIO_01621",3217.39505348749,-1.59900435047572,0.0736777678744949,-21.7026709223807,1.93585373605503e-104,1.23762273040099e-103
"IBPFAHIO_01622",561.120036770601,0.657302718879931,0.105610418544971,6.22384351786315,4.85120946727326e-10,9.19823746899975e-10
"IBPFAHIO_01623",932.118776456712,0.930819984428108,0.0880413340624755,10.5725338483352,3.99550948095101e-26,1.07795891496893e-25
"IBPFAHIO_01624",26.9517911252143,-0.571629602234592,0.345628235564687,-1.65388571712222,0.0981507352124385,0.122361249898173
"IBPFAHIO_01625",39.2544451843253,-0.477631087505045,0.289961675155985,-1.64722143796453,0.0995125389198302,0.12380104634018
"IBPFAHIO_01626",155.633719802267,0.372940205187925,0.153334978981699,2.43219262600504,0.015007723526918,0.0203457674637693
"IBPFAHIO_01627",559.327144700728,0.723380665693162,0.0914522517229334,7.90992733437268,2.5753917562837e-15,5.64924643313844e-15
"IBPFAHIO_01628",196.921046714017,0.935506903915795,0.143083730667986,6.53817802728782,6.22727733589792e-11,1.2114443295843e-10
"IBPFAHIO_01629",1097.31165651492,1.11790765397712,0.0746203913435838,14.9812622776233,9.73503699937345e-51,3.73426034642633e-50
"IBPFAHIO_01630",9068.76653075083,-0.885207320839861,0.054945443905275,-16.1106591907046,2.14722604504768e-58,9.15170986721175e-58
"IBPFAHIO_01631",208.094127108595,0.099885369890297,0.133970111437783,0.74557950887937,0.455921464969233,0.507295285677926
"IBPFAHIO_01632",3805.97945829357,0.171712519471473,0.0633091908931861,2.71228422048835,0.0066821270701947,0.00934685563067908
"IBPFAHIO_01633",11042.6198634085,1.0824638115542,0.062799515876508,17.2368177755192,1.40564417958899e-66,6.48025791268144e-66
"IBPFAHIO_01634",1092.89344964709,-2.0601909072945,0.0864564107986595,-23.8292439885377,1.66236914220817e-125,1.21907070428599e-124
"IBPFAHIO_01635",10898.1311947189,-0.300318855084712,0.0642554636761757,-4.67382597374458,2.95639867640743e-06,4.96382987643717e-06
"IBPFAHIO_01636",2.69333408027627,-1.1102791148979,1.15019224214537,-0.965298733737748,0.334395205858689,0.383337339436474
"IBPFAHIO_01637",52262.0102991645,5.09572638772922,0.063652853162368,80.0549564483913,0,0
"IBPFAHIO_01638",128.630952578527,1.48763093825935,0.183506632245493,8.10668758973908,5.20183819770475e-16,1.16061893270191e-15
"IBPFAHIO_01639",786.511846748178,-0.419992245630823,0.284571371629452,-1.4758766604875,0.139977006110071,0.171292925268439
"IBPFAHIO_01640",91.8786285235257,0.340800550928561,0.193518884688113,1.76107128499534,0.0782263384513815,0.0989654142268641
"IBPFAHIO_01641",32.8139453821353,-0.376239002657297,0.316698950955104,-1.18800204902047,0.23483260243134,0.276680190661437
"IBPFAHIO_01642",21.1007760460246,0.211261304869326,0.385161614074826,0.548500414239838,0.583348344909294,0.629873059533962
"IBPFAHIO_01643",16.9562369184651,-0.0736851770915747,0.437461186830718,-0.168438205056323,0.866238554156543,0.889120327285207
"IBPFAHIO_01644",34.020695225917,0.437872803494665,0.311096458346486,1.40751458831132,0.159274854504435,0.193326719950211
"IBPFAHIO_01645",300.812168828763,-0.0585864679910688,0.114737263689796,-0.510614129246304,0.609621280218536,0.654697369136346
"IBPFAHIO_01646",929.46511419197,1.72943696668757,0.0892463568394785,19.3782360191823,1.17816680440782e-83,6.38600557751487e-83
"IBPFAHIO_01647",679.540738288442,1.37014007499377,0.106471622144613,12.8685939727001,6.76219088655388e-38,2.16621789427936e-37
"IBPFAHIO_01648",425.267007628713,0.580874177739371,0.103453157618525,5.61485208485657,1.96730460667097e-08,3.54162177085412e-08
"IBPFAHIO_01649",3.14623261089046,-0.58784735495276,1.00964910951751,-0.582229360092913,0.560412199564659,0.607959862616918
"IBPFAHIO_01650",473.35599123325,-0.609182585518466,0.099497714766755,-6.12257866370627,9.20729342778932e-10,1.7217638709966e-09
"IBPFAHIO_01651",3549.45130874815,-0.760520868061497,0.064864023224899,-11.7248488491778,9.50705826067503e-32,2.75364165691575e-31
"IBPFAHIO_01652",1988.00702029855,-1.21357411359319,0.0799344301312433,-15.1821200401458,4.64521764470257e-52,1.82155847876148e-51
"IBPFAHIO_01653",987.457881347762,-1.75211082236114,0.0809201441228584,-21.6523443124491,5.77660266204791e-104,3.67736067337178e-103
"IBPFAHIO_01654",1373.45663830838,-2.21627465096807,0.0839122550081742,-26.411811370725,1.00260158373378e-153,8.54639298726915e-153
"IBPFAHIO_01655",1282.09376925839,-1.73029675625325,0.0793399458056541,-21.8086455527922,1.92078684765925e-105,1.23591274154763e-104
"IBPFAHIO_01656",810.4198223221,-0.211364665487078,0.08515241658914,-2.48219221430804,0.0130576818239973,0.0178151317908801
"IBPFAHIO_01657",453.006063030043,-0.400227992589408,0.100425703469042,-3.98531430464697,6.73908625855309e-05,0.000106346762054804
"IBPFAHIO_01658",36219.410424949,-1.50817331984515,0.0519954024515733,-29.0058976127709,5.54401212428555e-185,5.60394739049404e-184
"IBPFAHIO_01659",6876.14714516605,-2.09025067857923,0.0550974793269626,-37.9373195309925,0,0
"IBPFAHIO_01660",12220.6712294157,-2.26431282335288,0.0608793738803821,-37.1934315192184,8.71428804992691e-303,1.55197320508222e-301
"IBPFAHIO_01661",72.7429830289824,-0.537512857810605,0.21344799023615,-2.51823808327229,0.0117943566620175,0.0161874840058516
"IBPFAHIO_01662",117.942847074144,-0.645864273830325,0.17292713618436,-3.73489255695394,0.000187795346280171,0.000288737757487293
"IBPFAHIO_01663",10.5378272363913,-0.355759906528538,0.547760123367825,-0.649481207834551,0.516027389164972,0.564723463197365
"IBPFAHIO_01664",496.880672412781,0.287859176480249,0.0964808930733256,2.98358739550094,0.00284890661733537,0.00407648426545549
"IBPFAHIO_01665",606.875081791619,3.81801792992809,0.128132030599518,29.7975292521624,4.20543790413951e-195,4.55893848158891e-194
"IBPFAHIO_01666",580.886169290563,1.62038486668761,0.112168308295732,14.4460132394567,2.65622121922521e-47,9.73947780382577e-47
"IBPFAHIO_01667",843.22256646521,1.32420610209081,0.0957752107757641,13.8261883358433,1.77162425210467e-43,6.19240626436586e-43
"IBPFAHIO_01668",19331.1205319416,0.745676535653743,0.0622505050175264,11.9786423490669,4.59791715785295e-33,1.36207605309862e-32
"IBPFAHIO_01669",28.2860231848053,0.0451515245138933,0.344203868535146,0.131176691029209,0.895635534474763,0.915212267468747
"IBPFAHIO_01670",46.0323167330395,1.21636414647877,0.274193158238681,4.43615790522368,9.15786829091729e-06,1.51049293971469e-05
"IBPFAHIO_01671",2874.24041305166,-0.579110365481042,0.0687611419166773,-8.4220585833608,3.69925995861003e-17,8.45545133396577e-17
"IBPFAHIO_01672",322.475892538928,0.41388356356087,0.131277475031645,3.15273860546984,0.00161746572649162,0.00234811133122898
"IBPFAHIO_01673",5257.07823988204,1.21774906174381,0.0600729782463531,20.2711617984037,2.31135416978724e-91,1.31976558702356e-90
"IBPFAHIO_01674",2078.34538477035,1.24950412852469,0.0714728014941394,17.4822324353292,1.95685546235613e-68,9.26410054330624e-68
"IBPFAHIO_01675",5284.13677584748,1.76733423117319,0.0630522199324239,28.0296908351098,7.06471347352905e-173,6.62621401655138e-172
"IBPFAHIO_01676",5435.90390528222,-1.45121228534779,0.0567633863642856,-25.5659920645761,3.64625184867268e-144,2.95652724423541e-143
"IBPFAHIO_01677",6728.8985769821,0.0964678329174928,0.0536164740910767,1.79922000752279,0.0719838857711538,0.0916102876338971
"IBPFAHIO_01678",354.23390875649,-0.851034782182631,0.114257773260898,-7.44837535245294,9.44966507455047e-14,1.99389265888963e-13
"IBPFAHIO_01679",15.774607071147,-0.302384802124658,0.442110817587552,-0.683957030897069,0.494002299500069,0.544002532242991
"IBPFAHIO_01680",10.029107632492,-1.01540749097276,0.604797655511451,-1.67892101055529,0.0931674391582915,0.116781306226061
"IBPFAHIO_01681",1138.0058588859,-0.396580299392165,0.0763402927364491,-5.19490147570283,2.04828287782227e-07,3.57761959745722e-07
"IBPFAHIO_01682",200.701021687304,0.0990847616727041,0.148228459231566,0.66845976937473,0.503840153996696,0.553410330674785
"IBPFAHIO_01683",1883.39650868377,-0.0897598189000799,0.069467949944432,-1.29210404181899,0.196321116376993,0.235051132532999
"IBPFAHIO_01684",215.376912768208,0.311295391029068,0.138122301989763,2.25376631104904,0.024210873231215,0.0322237245141438
"IBPFAHIO_01685",133.606375327006,-0.223816829824542,0.168028729833801,-1.33201524552332,0.18285517883441,0.220162050331008
"IBPFAHIO_01686",0.467306783384222,-2.25245744186202,2.6146328334455,-0.861481357171587,0.388972984593955,0.438510614131542
"IBPFAHIO_01687",75.1379013210813,0.676137806323547,0.215004306070857,3.14476402207833,0.00166220848173865,0.00241189513936084
"IBPFAHIO_01688",6.29755342964231,0.79706813798691,0.741929557887557,1.0743178102465,0.282680265249309,0.32935333085122
"IBPFAHIO_01689",0.507735900745821,1.08424839278972,2.62763251699298,0.41263319196191,0.679875379042428,0.722476932433349
"IBPFAHIO_01690",4.39857003564026,-1.06252186172559,0.868735001069355,-1.22306786352305,0.2213040653271,0.262546297961412
"IBPFAHIO_01691",7.24769994763449,0.647886228624194,0.657279397782361,0.98570901630287,0.324275923751622,0.372879924621388
"IBPFAHIO_01692",0.96326815927663,-2.01754520656496,1.91561381985628,-1.05321082237563,0.292244379485153,0.339044274299953
"IBPFAHIO_01693",20.554410993518,-0.339474813486269,0.402428102782585,-0.843566369095432,0.398911763934747,0.448869498944251
"IBPFAHIO_01694",124.208165700335,0.369437769830117,0.16888989312187,2.18744747244012,0.02870987383487,0.038000474702897
"IBPFAHIO_01695",1211.47316480108,-0.0871625137085234,0.0714699202978138,-1.21956920261445,0.222628227207532,0.263803428041558
"IBPFAHIO_01696",2083.65011058225,0.436348978537787,0.0641887665450154,6.7979025306831,1.0615322994904e-11,2.11740309338351e-11
"IBPFAHIO_01697",79.7757715303181,-0.543627728048686,0.208768597282423,-2.60397270051714,0.00921500964229221,0.0127585880840992
"IBPFAHIO_01698",24.9734194853978,0.142381803201223,0.354424922621279,0.401726272938671,0.687885486735547,0.730100523700871
"IBPFAHIO_01699",25.2497032281065,-0.630667378131855,0.368214852489283,-1.71277006853006,0.0867548487008608,0.109154965228333
"IBPFAHIO_01700",102.175775240097,-0.187318219614025,0.189593395497958,-0.987999709177857,0.323152790627177,0.371731314708387
"IBPFAHIO_01701",233.745925288888,0.226727269529372,0.132875702877214,1.70631097047805,0.0879501966131922,0.110612437270564
"IBPFAHIO_01702",2182.08558461896,0.0482583486757956,0.0659322953795547,0.731937943279317,0.464206445686832,0.515172732008531
"IBPFAHIO_01703",1409.59075754549,1.06712414810834,0.0956970197984747,11.151069807143,7.07505731714988e-29,1.9839335982111e-28
"IBPFAHIO_01704",196.484248057777,0.0237031620041809,0.156964078803364,0.151010104890782,0.879967744762838,0.90135689569682
"IBPFAHIO_01705",333.629266807485,-0.660464087509676,0.113743525775515,-5.80660818280922,6.37510869164841e-09,1.16805420731243e-08
"IBPFAHIO_01706",4259.92167851021,0.147716800842381,0.0692126741099326,2.13424495935178,0.0328227341782987,0.0431862887693358
"IBPFAHIO_01707",82.8283186396611,-0.156122949382391,0.210637417501912,-0.741192857536687,0.458576513474362,0.509680879760509
"IBPFAHIO_01708",58.576112301249,-0.336502207236658,0.25160169286895,-1.33744015550773,0.18107900433317,0.21833506097296
"IBPFAHIO_01709",26.58161275267,-0.295299511509332,0.344472826996722,-0.857250524181815,0.391306445283887,0.440809067880041
"IBPFAHIO_01710",97.764672055198,-0.267110469976665,0.204980141713652,-1.30310413361801,0.192539212595871,0.230707778969502
"IBPFAHIO_01711",159.549672384362,-0.537914995133051,0.163359647398571,-3.2928266172161,0.00099185619214344,0.00145615001319586
"IBPFAHIO_01712",157.999362060787,-0.119231973836442,0.160415209949932,-0.743271002005707,0.457317624127964,0.508470580227004
"IBPFAHIO_01713",9.31846622820594,-0.272351667847759,0.584309843943247,-0.466108299681859,0.641137982750896,0.686327314629939
"IBPFAHIO_01714",61.6721517427477,0.522508709565655,0.238029769401913,2.19514017460312,0.0281535441380794,0.0372888021518962
"IBPFAHIO_01715",470.798224487815,0.679917424327704,0.0979615310815879,6.94065738684127,3.90279495786954e-12,7.89530934005791e-12
"IBPFAHIO_01716",425.147202082257,-0.0974129475798481,0.103743145402386,-0.938982013722595,0.347739979016633,0.397873046737196
"IBPFAHIO_01717",1601.83975293655,0.879971159162279,0.0681995835977016,12.9028817001741,4.33574948010484e-38,1.39190584168173e-37
"IBPFAHIO_01718",421.68331766987,0.569459541425747,0.105410675332828,5.40229478302566,6.57937091738743e-08,1.17105757197045e-07
"IBPFAHIO_01719",106.06388116989,-1.40043360806219,0.194588078844449,-7.19691368751155,6.15907225249969e-13,1.27352758669517e-12
"IBPFAHIO_01720",14.9190962613423,-1.32101040499336,0.48893502316137,-2.70181177951199,0.00689627896326802,0.00963739685104994
"IBPFAHIO_01721",8.79975088905208,-0.808102841212488,0.600491870998287,-1.34573485544285,0.178388041199709,0.215487148955349
"IBPFAHIO_01722",0.455805350079632,-2.22497379115962,2.63520886224235,-0.844325405488482,0.398487593206546,0.448560902510905
"IBPFAHIO_01723",284.498403046737,-1.78017390479833,0.127625751687074,-13.9483911457239,3.21782399938923e-44,1.13937626108551e-43
"IBPFAHIO_01724",224.426350190073,-1.96888972930205,0.142018777095764,-13.8635874041812,1.05278292156639e-43,3.69709683254301e-43
"IBPFAHIO_01725",910.558615667775,-1.48478230511246,0.0909019461059187,-16.3338890828849,5.66548335095585e-60,2.43201236528836e-59
"IBPFAHIO_01726",77.9227698944737,0.879972002502331,0.211331302526471,4.16394538803407,3.12794961644233e-05,5.03704265468001e-05
"IBPFAHIO_01727",103.740579208604,0.678262968883954,0.187893067351792,3.60983498988839,0.000306391852907245,0.00046487039751444
"IBPFAHIO_01728",1007.67674457763,-1.19995494880105,0.0808714405377845,-14.8378085121461,8.3437465437318e-50,3.16808244401593e-49
"IBPFAHIO_01729",2345.08768839553,-2.70309739753999,0.0713912996032307,-37.8631207522894,0,0
"IBPFAHIO_01730",208.974141472965,-0.30017785719471,0.145404656815237,-2.06443083577537,0.0389768853309113,0.0509475058584913
"IBPFAHIO_01731",372.265104594408,-1.47524204382234,0.139066598884854,-10.608169435738,2.73046050409271e-26,7.38656223168661e-26
"IBPFAHIO_01732",919.228517071989,1.47433265438274,0.0810433766071795,18.1918956996189,5.98343965439835e-74,2.98374190765998e-73
"IBPFAHIO_01733",1482.45430663659,1.39092421578872,0.0741496311202911,18.7583430257699,1.65478112407763e-78,8.55113147364469e-78
"IBPFAHIO_01734",1017.98370350546,1.75264855637183,0.0815298077337169,21.4970279593461,1.65983060639492e-102,1.0455185630176e-101
"IBPFAHIO_01735",718.42323487009,2.09691227509664,0.0951548596332152,22.0368385091357,1.27752371846559e-107,8.3457444664826e-107
"IBPFAHIO_01736",275.1905485221,0.794010186630718,0.120179856468257,6.60684918391828,3.92585612471712e-11,7.68727848504819e-11
"IBPFAHIO_01737",67.9396414905102,1.25604716087517,0.249306478162288,5.03816495316875,4.70016299102458e-07,8.10541076031443e-07
"IBPFAHIO_01738",12.2939088030018,0.38083590324654,0.511766283794168,0.744159815342021,0.456779795716676,0.50806139360011
"IBPFAHIO_01739",1571.36623059193,-0.711343088707229,0.0735557839289263,-9.67079746433766,4.01239174720573e-22,1.01308659136199e-21
"IBPFAHIO_01740",693.429692563288,0.232757770406937,0.0871437503551684,2.67096343063381,0.00756338862564753,0.0105450413643697
"IBPFAHIO_01741",69.2335126203609,0.402388233199046,0.223988259787839,1.79647019705491,0.0724197684457838,0.092086675388774
"IBPFAHIO_01742",126.568578234053,0.0633373707425598,0.174724601655396,0.362498298135932,0.716979695071377,0.758022348994191
"IBPFAHIO_01743",81.8608095199464,-0.254034997066012,0.199642193058902,-1.27245144512644,0.203212765354949,0.242622742993618
"IBPFAHIO_01744",365.155817161926,0.557452230362389,0.10559849972619,5.27897869579423,1.29905906064239e-07,2.28768964652268e-07
"IBPFAHIO_01745",1854.06536604487,0.811955358773504,0.065931700983856,12.3150979977343,7.51238695736669e-35,2.29357773228991e-34
"IBPFAHIO_01746",751.833068066626,1.03132980610044,0.10216484610388,10.0947619991695,5.82722556829654e-24,1.52005744553995e-23
"IBPFAHIO_01747",327.496474770668,0.752501846189609,0.123090048011367,6.11342556402382,9.7514866630409e-10,1.82238901285561e-09
"IBPFAHIO_01748",1382.19521606617,1.12094914865277,0.0744155706175576,15.0633683159353,2.8204330188637e-51,1.09168636383444e-50
"IBPFAHIO_01749",1478.43740649143,0.932200710495901,0.0691343300976393,13.483904583719,1.94533248116208e-41,6.58420224393318e-41
"IBPFAHIO_01750",1453.73832567383,0.962342107484758,0.0777131378221618,12.3832614980362,3.21986800640667e-35,9.9215706232428e-35
"IBPFAHIO_01751",579.883347549443,-0.286845686593973,0.117518152553316,-2.44086279746303,0.014652220305717,0.0198818336302519
"IBPFAHIO_01752",904.976111164309,1.15263552778414,0.0874757493806016,13.1766293623744,1.19616776908695e-39,3.94155723029532e-39
"IBPFAHIO_01753",409.636676905757,1.87732125153663,0.118310278605599,15.8677781310523,1.05924775254379e-56,4.4201803007127e-56
"IBPFAHIO_01754",246.321376678198,-2.48634052154629,0.147557703780085,-16.8499540034308,1.04996307862694e-63,4.64717386279853e-63
"IBPFAHIO_01755",344.38442723071,1.54765096129702,0.113359817181152,13.6525534336725,1.94926708420837e-42,6.68831091278834e-42
"IBPFAHIO_01756",563.332326459635,0.684526356191282,0.0911346452577689,7.51115401014773,5.86083923156607e-14,1.24278036717546e-13
"IBPFAHIO_01757",78.2870105481148,-1.58467555286968,0.225342284232728,-7.03230447079816,2.03149886355843e-12,4.1404935965714e-12
"IBPFAHIO_01758",1.55721719405755,-1.8399982604535,1.61605908366313,-1.13857115686808,0.254882064315226,0.29859324057602
"IBPFAHIO_01759",2.38834965290157,0.602235637867201,1.13786115703646,0.529269879846951,0.596618246880942,0.642115753477618
"IBPFAHIO_01760",235.419994836553,-0.832696746456481,0.130844527709366,-6.36401660072542,1.96544883362464e-10,3.77932063637848e-10
"IBPFAHIO_01761",1121.63161169231,-0.694807661856369,0.077113163702672,-9.01023416099699,2.05616989056976e-19,4.91771407880473e-19
"IBPFAHIO_01762",8919.60760471921,-0.454806230061161,0.0563063163123719,-8.07735721047745,6.61854571843694e-16,1.47341434446156e-15
"IBPFAHIO_01763",5016.90626623556,-4.76957309725746,0.0719763316738134,-66.2658541542864,0,0
"IBPFAHIO_01764",1742.42322750795,-4.14492448291383,0.0907902915980148,-45.6538293903273,0,0
"IBPFAHIO_01765",195.781904729315,-3.01159928764203,0.175468229418989,-17.1632169402634,5.0062243154366e-66,2.29733483923103e-65
"IBPFAHIO_01766",159.0289515093,-3.16799230596354,0.210387034619527,-15.057925559399,3.06246495126377e-51,1.18230904957177e-50
"IBPFAHIO_01767",1604.35875881311,-1.73223228210642,0.077314843049889,-22.404912352841,3.52486690617953e-111,2.35937400073583e-110
"IBPFAHIO_01768",295.994943491267,-0.871293104803558,0.126107505200325,-6.90912966218376,4.8763610686746e-12,9.82496452355178e-12
"IBPFAHIO_01769",53.1306577517508,-0.374113122263833,0.260455107997472,-1.43638235832742,0.150893570313283,0.183749923637502
"IBPFAHIO_01770",247.527593423007,0.276437770897966,0.123868165415633,2.2317095758252,0.0256341639507999,0.034027248687131
"IBPFAHIO_01771",646.677234516521,0.908839075479575,0.09258381067899,9.81639304770826,9.57068337389351e-23,2.44330073845473e-22
"IBPFAHIO_01772",83.0838080756382,-0.0044797376608201,0.201100572911791,-0.0222761059103748,0.982227708873672,0.983917089809346
"IBPFAHIO_01773",3111.28261545569,0.850787421922312,0.0622426574657023,13.6688800986867,1.55774120306645e-42,5.35719733284463e-42
"IBPFAHIO_01774",150.431954640134,0.136039077382521,0.150196103802255,0.905743051508365,0.365071869821331,0.415953935455225
"IBPFAHIO_01775",483.592702376966,0.473069602869925,0.0957872268956983,4.93875455216013,7.8623098163179e-07,1.34423034116704e-06
"IBPFAHIO_01776",77.2012657042536,0.136256535025757,0.210134490385946,0.648425371653648,0.516709864750872,0.565263588787791
"IBPFAHIO_01777",110.495345994524,-1.45955371828304,0.187279720582101,-7.79344241729144,6.52078049891453e-15,1.41583274693413e-14
"IBPFAHIO_01778",843.48102874179,1.6529213710228,0.0867383155588799,19.0564153842804,5.8123137006936e-81,3.07795444114606e-80
"IBPFAHIO_01779",495.748499358431,-1.38849157281343,0.108861422879551,-12.7546704432636,2.93613842811942e-37,9.30606586539544e-37
"IBPFAHIO_01780",902.942231493522,-4.17153081281609,0.118876440431758,-35.0913166449563,9.14463771369909e-270,1.40311569432757e-268
"IBPFAHIO_01781",1540.74560035962,-3.38629582908208,0.0842688384697284,-40.1844369825807,0,0
"IBPFAHIO_01782",89.1952749597708,-0.168094245642396,0.193417078467595,-0.869076541607253,0.384805266639877,0.434630939141756
"IBPFAHIO_01783",68.0703827260432,-0.469927155700897,0.230903783833261,-2.03516437842456,0.0418343359831706,0.0545158245913094
"IBPFAHIO_01784",145.944564740818,-0.29637406858572,0.159895001832559,-1.85355430244205,0.0638029505019233,0.0817552153754837
"IBPFAHIO_01785",261.212524384974,-0.384955295068,0.125013627033581,-3.07930666602124,0.00207482987650831,0.00299464109527876
"IBPFAHIO_01786",164.413960213192,-0.195282986462989,0.146743765324681,-1.33077535547021,0.183262939321905,0.220564245555567
"IBPFAHIO_01787",2755.36902277875,0.33326209944328,0.0631506699340693,5.27725358719413,1.31134361379992e-07,2.30528014390599e-07
"IBPFAHIO_01788",316.933513921398,0.608748568131052,0.114367317157682,5.32274939431996,1.0221051168743e-07,1.80741046671861e-07
"IBPFAHIO_01789",1313.54596674557,1.10547648224828,0.0712614241034158,15.5129720765052,2.8344919061425e-54,1.14605402475383e-53
"IBPFAHIO_01790",459.252371117543,-2.0240880544961,0.110813599307639,-18.2657008448652,1.55207333947467e-74,7.75259337513893e-74
"IBPFAHIO_01791",119.243748372873,-3.40526448294961,0.236599233270499,-14.3925423420812,5.76375801623758e-47,2.10821075606147e-46
"IBPFAHIO_01792",393.545783167204,-0.192973940831051,0.120486054599559,-1.60162884802236,0.109237707648044,0.135449325024015
"IBPFAHIO_01793",532.413984555985,-0.220469331337547,0.0937978640712921,-2.35047283347494,0.0187495762780272,0.0252583215776035
"IBPFAHIO_01794",1571.95519718574,-0.541874832803833,0.0706493252405384,-7.66992226689954,1.72100615685188e-14,3.68593444617095e-14
"IBPFAHIO_01795",944.919411503066,-0.611405174952424,0.0824861806481051,-7.41221341742982,1.24208657872163e-13,2.60794599546323e-13
"IBPFAHIO_01796",1567.87588551941,0.904478722711247,0.0702942512518364,12.8670368714912,6.89987304544392e-38,2.20795937454205e-37
"IBPFAHIO_01797",629.246248923842,-2.95890692793846,0.109535671719153,-27.0131810167287,1.0347486347676e-160,9.05253776381478e-160
"IBPFAHIO_01798",1545.54256708456,-2.2885782302915,0.0873919013596765,-26.1875321933146,3.68547778266546e-151,3.08015349880867e-150
"IBPFAHIO_01799",4217.24026857064,-1.42288912636829,0.0663407111357803,-21.4482043078502,4.74623222017345e-102,2.97709157290544e-101
"IBPFAHIO_01800",434.948359889332,-0.968553891416324,0.100077361030262,-9.67805187352461,3.73770074623655e-22,9.44527080467886e-22
"IBPFAHIO_01801",12295.5208615782,1.05379409033568,0.0518609060948971,20.3196235794146,8.62350335126451e-92,4.94282031168265e-91
"IBPFAHIO_01802",90.8727634662409,2.83008805275153,0.252298222380675,11.2172334233946,3.35605706603814e-29,9.45510615968559e-29
"IBPFAHIO_01803",312.572734982283,3.80254430659137,0.173756178361879,21.8843689038319,3.66041853152016e-106,2.3705567632702e-105
"IBPFAHIO_01804",2204.04363324449,1.46411398706718,0.0906840880530091,16.14521376905,1.22722606237596e-58,5.23803192386429e-58
"IBPFAHIO_01805",1261.52153385012,-1.24738398864161,0.0714284197021636,-17.4634129362353,2.72165113040588e-68,1.27836423582016e-67
"IBPFAHIO_01806",373.567581817068,-0.963031133613325,0.112647647539415,-8.54905676815281,1.24098472949544e-17,2.87539890366679e-17
"IBPFAHIO_01807",136.963668430728,-0.824057033732294,0.163928321508133,-5.02693510279985,4.98380918681278e-07,8.58466153537354e-07
"IBPFAHIO_01808",891.390124996411,-0.342804867970885,0.0771853734807971,-4.44131902861325,8.94091227512673e-06,1.47633606662137e-05
"IBPFAHIO_01809",2683.46592583248,-2.739159447565,0.0676505101376982,-40.4898564990807,0,0
"IBPFAHIO_01810",521.739388102533,0.748667806727144,0.0975454690005945,7.67506491483045,1.65334901817719e-14,3.54610771497216e-14
"IBPFAHIO_01811",214.258769993466,-1.81783099887644,0.152247224588813,-11.9399943334666,7.3228183236542e-33,2.16073692548061e-32
"IBPFAHIO_01812",558.625113296796,-1.62700553472572,0.12894503764043,-12.6178220154754,1.68414866894718e-36,5.2986044347949e-36
"IBPFAHIO_01813",852.049961026559,-1.02239843447718,0.115940928650364,-8.81827018619421,1.16241490248395e-18,2.73638504188198e-18
"IBPFAHIO_01814",274.49209869123,-0.550994537789947,0.145150753236197,-3.79601569750961,0.000147040191897885,0.000227478931829613
"IBPFAHIO_01815",3315.6116466231,-0.298891427196579,0.205051771287169,-1.45763884564543,0.144940116445813,0.176932202531975
"IBPFAHIO_01816",458.007251290357,-1.30944304622484,0.141840609332633,-9.23179230818195,2.66140705417198e-20,6.47919439062861e-20
"IBPFAHIO_01817",2359.21881689685,-2.06728229486427,0.0697580140811928,-29.6350508553485,5.28524386859615e-193,5.66790310209308e-192
"IBPFAHIO_01818",913.578359123422,-0.549894400159492,0.0946714156060066,-5.8084522835064,6.30529939792663e-09,1.15597155628655e-08
"IBPFAHIO_01819",2866.72015753484,0.045587908486535,0.0621118093013861,0.733965231399525,0.462969928692257,0.513991104507322
"IBPFAHIO_01820",1425.98754320541,3.54009056801062,0.0913611069038252,38.748332720369,0,0
"IBPFAHIO_01821",586.498541054193,3.55880064020542,0.119410664349301,29.8030386113187,3.56802955399056e-195,3.88201615474173e-194
"IBPFAHIO_01822",1006.24008168643,3.65065589561758,0.098001112611413,37.2511678524804,1.01443924545293e-303,1.81748636071567e-302
"IBPFAHIO_01823",6380.69433125035,-0.869188383649192,0.0540189061423113,-16.0904476917644,2.97677036427528e-58,1.265127404817e-57
"IBPFAHIO_01824",5698.27291559176,-1.87868144566586,0.0691213602532958,-27.1794628864568,1.13607748992906e-162,1.01164995531778e-161
"IBPFAHIO_01825",4387.96667333543,-1.78877635662039,0.0737692464321196,-24.2482666305446,6.89650482823404e-130,5.15858561151907e-129
"IBPFAHIO_01826",7326.91946180304,-1.15812545925883,0.0621204595624861,-18.643221048516,1.43343830085296e-77,7.36915360163584e-77
"IBPFAHIO_01827",3647.46121772351,3.52539964745519,0.0777362937934032,45.3507554248021,0,0
"IBPFAHIO_01828",2701.22849676407,3.21629344164323,0.0766655615744631,41.9522582968277,0,0
"IBPFAHIO_01829",1972.69787611289,2.76925966529855,0.0842368826230234,32.8746693736463,5.05969842834037e-237,6.69850340601522e-236
"IBPFAHIO_01830",1462.24286638607,2.64140173699134,0.0851177284163562,31.0323335236443,1.97533083668238e-211,2.30866791537254e-210
"IBPFAHIO_01831",1575.04663588971,2.28613101592456,0.101102866203544,22.6119308163038,3.30749970076343e-113,2.24909979651913e-112
"IBPFAHIO_01832",2649.15867679342,2.45222480995079,0.078472892328224,31.2493236478912,2.28025015548514e-214,2.72900338608461e-213
"IBPFAHIO_01833",4188.06442084958,2.28778299962883,0.0816822235540129,28.0083340056974,1.28619073581926e-172,1.20258833799101e-171
"IBPFAHIO_01834",2210.74083124596,2.29813066482777,0.0815740297251865,28.1723322063396,1.27668577063064e-174,1.21264883356408e-173
"IBPFAHIO_01835",3563.63386835109,1.94261082101502,0.0778923256508196,24.9396946975685,2.76245160801693e-137,2.17506716083859e-136
"IBPFAHIO_01836",4049.78871524962,0.86268491825086,0.0608892768474549,14.1680926908055,1.44368520721964e-45,5.16070028673974e-45
"IBPFAHIO_01837",0.317212777622271,-1.6874571105591,3.02586723074069,-0.557677182070554,0.577064841723859,0.62421475286977
"IBPFAHIO_01838",9.35089807444853,-2.94623908547019,0.756258010485557,-3.89581207024644,9.78702559739731e-05,0.000152992584051268
"IBPFAHIO_01839",562.382775187424,0.233436043420543,0.09109595035569,2.5625293167158,0.0103912814360304,0.0143143250721008
"IBPFAHIO_01840",430.926861848478,-0.389051535620455,0.106024492432139,-3.66944964032218,0.000243073214724168,0.000371627520927292
"IBPFAHIO_01841",1450.7877216568,0.0387571880708286,0.0674645995739027,0.574481851454152,0.565641778185931,0.612966389109853
"IBPFAHIO_01842",238.271318849343,-0.368888464375427,0.127531479199638,-2.89252870499501,0.00382154259666064,0.00542155308165416
"IBPFAHIO_01843",158.785589174089,-1.17043134609944,0.163066036092625,-7.17765252743744,7.0918520705546e-13,1.46437690787435e-12
"IBPFAHIO_01844",821.857531440742,-5.43432822683092,0.167710097407021,-32.4031069735901,2.48160317713527e-230,3.21426697228949e-229
"IBPFAHIO_01845",250.976413323386,0.0510580476426858,0.123580665141958,0.413155630648494,0.67949259331616,0.722474001137865
"IBPFAHIO_01846",506.468760429654,-0.584141152492478,0.096098374858931,-6.07857472459837,1.21255474253925e-09,2.26323380516372e-09
"IBPFAHIO_01847",127.763678303719,-0.98300420550139,0.174471374667732,-5.63418616591661,1.75886940919228e-08,3.1740273053699e-08
"IBPFAHIO_01848",2881.83026578944,0.929184356916703,0.070900371903228,13.1054934124316,3.06263949142906e-39,1.00366017068519e-38
"IBPFAHIO_01849",2506.36713458024,0.907699331958594,0.0661165578695782,13.7287747760421,6.8278389422106e-43,2.36994131265593e-42
"IBPFAHIO_01850",739.460633005046,-0.28058486076371,0.0855180696382431,-3.28100086859578,0.00103439425688871,0.00151785562364444
"IBPFAHIO_01851",668.680868663279,0.0059785998152568,0.0840412069338383,0.0711389095109434,0.94328720128837,0.954491037083073
"IBPFAHIO_01852",2325.70242216168,-0.0030024058616593,0.0804159628292406,-0.0373359437110113,0.970217146524755,0.973797283596802
"IBPFAHIO_01853",2007.31887884282,0.434619571953662,0.0686366574943161,6.33217857366749,2.41723484712267e-10,4.62132055117638e-10
"IBPFAHIO_01854",4953.78981161408,0.777114338965298,0.0641686188214546,12.1105043748498,9.29210112809401e-34,2.79979522409439e-33
"IBPFAHIO_01855",6660.32827816651,-0.947114996495609,0.0812477818895483,-11.6571181941084,2.11065636274279e-31,6.08389579703894e-31
"IBPFAHIO_01856",734.438019358837,1.13423643670148,0.0904887389081595,12.5345590002383,4.83040953931349e-36,1.51019700539456e-35
"IBPFAHIO_01857",810.67482624893,-1.84698914043128,0.0854149099862055,-21.6237322117364,1.07428689606738e-103,6.80988642591862e-103
"IBPFAHIO_01858",217.25547311319,-2.29470896233066,0.166997137025902,-13.7410077992819,5.76674341070126e-43,2.00396007953754e-42
"IBPFAHIO_01859",725.510843501573,0.359928496535494,0.0913440585791356,3.94036023945302,8.13593401490065e-05,0.000127850391662724
"IBPFAHIO_01860",1759.02821190336,1.63185244878622,0.0731475026934936,22.3090657739074,3.01731879497575e-110,2.01064985179676e-109
"IBPFAHIO_01861",2477.56975620992,1.4632586468708,0.0707588591276724,20.6795115821553,5.29744444354492e-95,3.1386047079379e-94
"IBPFAHIO_01862",165.169394683812,1.54389125768161,0.155131265762344,9.95216051448197,2.46766728873134e-23,6.36487976541739e-23
"IBPFAHIO_01863",5539.8977765875,3.17037423756921,0.08465625028121,37.4499724124079,6.01284270416163e-307,1.09032881035464e-305
"IBPFAHIO_01864",1942.28578879966,4.22986886551101,0.0977115957151825,43.2893233863519,0,0
"IBPFAHIO_01865",1485.283601092,4.34613583430195,0.104158920480629,41.7260068964541,0,0
"IBPFAHIO_01866",797.41481594186,-1.25767636068456,0.086365124100102,-14.5623175302434,4.87757759986534e-48,1.80615249737588e-47
"IBPFAHIO_01867",279.780975351589,0.682332022726638,0.118905571230661,5.738436102401,9.55548017685405e-09,1.73905089350045e-08
"IBPFAHIO_01868",198.326566231096,2.40198347981266,0.167911325449859,14.3050712831751,2.03429265495251e-46,7.35097055992502e-46
"IBPFAHIO_01869",20.4889960897222,-0.496461064951297,0.405746777287876,-1.22357364923458,0.221113105151663,0.262423804289479
"IBPFAHIO_01870",550.515140008393,-0.985916277793576,0.0994022683764753,-9.91844848107012,3.46094009759831e-23,8.90381149786256e-23
"IBPFAHIO_01871",369.77425023551,-0.434783633380059,0.104143359378005,-4.1748570045829,2.98173285575736e-05,4.81194428501943e-05
"IBPFAHIO_01872",25.3142983477916,0.27068999940016,0.375221552088738,0.721413783119108,0.470654968903475,0.520976569352275
"IBPFAHIO_01873",47.9299234884272,-0.310789869212187,0.271113522784695,-1.14634587762338,0.251652067258697,0.295156011461396
"IBPFAHIO_01874",616.24851176205,3.92447353949549,0.130733082072583,30.0189781903605,5.54887292610938e-198,6.1262833191584e-197
"IBPFAHIO_01875",456.619056651495,1.85260702223175,0.106083871205724,17.463606872331,2.71241909282135e-68,1.27603112039646e-67
"IBPFAHIO_01876",142.562234854475,1.83244722714888,0.17080836119009,10.7280885688586,7.51342173727933e-27,2.04923954766999e-26
"IBPFAHIO_01877",79.3261403152564,1.1124862917693,0.213125347190155,5.21986852543032,1.7905019280978e-07,3.13468798646496e-07
"IBPFAHIO_01878",66.5235181540134,1.01871153768469,0.226508583666471,4.49745224306696,6.87726020619675e-06,1.13935562220048e-05
"IBPFAHIO_01879",96.424709961837,0.715060331530791,0.196228931235009,3.64401073292508,0.000268422218847609,0.00040850421098273
"IBPFAHIO_01880",8.50149687841377,0.461451519072429,0.615081474584888,0.75022828379583,0.453117226932093,0.504468717569353
"IBPFAHIO_01881",77.9455715988114,-0.3274516499344,0.209247707465496,-1.56489958193877,0.117606456743055,0.145464455797941
"IBPFAHIO_01882",8.45213638029677,0.569195544507418,0.640150797703102,0.889158533504488,0.373917884728785,0.425223227331252
"IBPFAHIO_01883",3.57630452426553,-0.61830224280124,0.936276926892831,-0.660383936676902,0.509007477797447,0.558061697900315
"IBPFAHIO_01884",25.3670662328899,-0.113024636305806,0.360645866170024,-0.313395069534836,0.753980529638819,0.791825112207563
"IBPFAHIO_01885",7.00269280797654,-1.79728829358297,0.756116964538907,-2.376997710505,0.017454196462793,0.0235663158017493
"IBPFAHIO_01886",2144.82718572245,-0.0547344400550843,0.069893172258946,-0.783115693365578,0.433559176315462,0.484937964686304
"IBPFAHIO_01887",2004.9457467436,-0.0533459322058114,0.067083336450853,-0.795218828224116,0.426486221282315,0.47774121081119
"IBPFAHIO_01888",5955.12643609802,-2.41840211004453,0.0722751989237842,-33.4610232286568,1.77934664253512e-245,2.48775941797433e-244
"IBPFAHIO_01889",4198.78030928815,-2.45236138097783,0.0881241125784348,-27.8284944860591,1.96162686183696e-170,1.8059038678819e-169
"IBPFAHIO_01890",6211.47666195408,0.874050436674362,0.0585625924939294,14.9250639265153,2.26418498447732e-50,8.64086922647466e-50
"IBPFAHIO_01891",2901.55565359685,0.585095675608265,0.060810526178854,9.62161836731029,6.48034323599303e-22,1.62934344219253e-21
"IBPFAHIO_01892",1289.2113892909,-1.22793432613237,0.0957195583889017,-12.8284579118445,1.13602815216437e-37,3.62753066304782e-37
"IBPFAHIO_01893",371.790242893476,-1.10228624062244,0.107095452482863,-10.2925587881411,7.61260194715171e-25,2.01565531202459e-24
"IBPFAHIO_01894",2090.74672304614,-0.899039937036548,0.0726227853104512,-12.3795849084181,3.37081639765916e-35,1.03760109689262e-34
"IBPFAHIO_01895",1508.66696546073,-0.378669886337624,0.0919867984098565,-4.11656773453971,3.84556348791448e-05,6.15619366283582e-05
"IBPFAHIO_01896",123.25964077445,-0.672800986913546,0.178760559166735,-3.76369927488315,0.000167418199377931,0.000258203738422047
"IBPFAHIO_01897",6530.55534920311,-0.00587728114227175,0.0561428862066545,-0.104684342743589,0.916626286370879,0.932838724089003
"IBPFAHIO_01898",2183.03069410622,0.505968067342858,0.0733292858341866,6.8999453845352,5.20225359693091e-12,1.04604454045815e-11
"IBPFAHIO_01899",7474.74993261187,0.327455816570766,0.0683434628663755,4.79132608792452,1.65682596643315e-06,2.80227433101639e-06
"IBPFAHIO_01900",1921.3270782486,-1.44719152998056,0.0660881512619008,-21.8978970110011,2.72050216184548e-106,1.765670817406e-105
"IBPFAHIO_01901",1427.15470475725,-0.761578731838795,0.0751944053695565,-10.1281302524553,4.14499366008487e-24,1.08312847432087e-23
"IBPFAHIO_01902",442.694059486767,0.452239785293007,0.102732827851194,4.40209614348457,1.07210026227612e-05,1.76248570589569e-05
"IBPFAHIO_01903",525.354962075901,1.58455203526476,0.102580291951192,15.4469440973973,7.91059943115907e-54,3.18125181425107e-53
"IBPFAHIO_01904",6078.42279735073,0.189765719294912,0.0619964590065342,3.06091222524357,0.00220663772773598,0.00317569027483697
"IBPFAHIO_01905",1415.84300797071,4.82261419598543,0.107693546527033,44.7809023985933,0,0
"IBPFAHIO_01906",1795.73693696932,4.97881969381929,0.106331420796854,46.8235979215523,0,0
"IBPFAHIO_01907",400.124212542756,2.24965063486995,0.113168352690548,19.8787963364765,6.21059384739623e-88,3.45392133669322e-87
"IBPFAHIO_01908",888.472782744758,0.0920237172095301,0.0822846946419203,1.11835764366619,0.263414276775714,0.308226639074281
"IBPFAHIO_01909",1177.09030480031,-0.0838162187465415,0.085526441916754,-0.980003573960471,0.327084354483748,0.3759104606417
"IBPFAHIO_01910",6522.27811799363,0.492886341244183,0.0584839743001384,8.42771626146167,3.52476460805936e-17,8.06276430222752e-17
"IBPFAHIO_01911",1145.2220006812,-1.49103567194236,0.0826297755951036,-18.0447745525611,8.67176263537813e-73,4.27445037974487e-72
"IBPFAHIO_01912",1295.07943590872,1.17166697784741,0.0792358797644494,14.7870760232677,1.77498819798442e-49,6.70551097016338e-49
"IBPFAHIO_01913",705.590874162452,-2.67421415773042,0.101489175590269,-26.349747568418,5.16670724871595e-153,4.39170116140856e-152
"IBPFAHIO_01914",111.709582753083,-1.09665503653806,0.189527643510449,-5.78625374233389,7.19734701854377e-09,1.31548334022498e-08
"IBPFAHIO_01915",1347.10654277481,0.382624025133161,0.0735988739577012,5.19877553225967,2.00605597576493e-07,3.50591091091628e-07
"IBPFAHIO_01916",6084.37104649147,-0.892841156968745,0.0739522854279101,-12.0732057407354,1.46321061694329e-33,4.38230847436868e-33
"IBPFAHIO_01917",784.372493631776,-0.9362563767235,0.0941876354436342,-9.94033210743245,2.77899085479921e-23,7.16170597550321e-23
"IBPFAHIO_01918",1975.82012481403,-0.743928365316008,0.0764794924417671,-9.72716138097345,2.30947715314757e-22,5.8658367081643e-22
"IBPFAHIO_01919",1226.05188488646,-2.36057085658878,0.0863166018628265,-27.3478196041611,1.14634189629188e-164,1.0362099558022e-163
"IBPFAHIO_01920",1344.58318996393,-1.49593086057114,0.0872927965213067,-17.1369336323875,7.86926771065966e-66,3.60012981502962e-65
"IBPFAHIO_01921",2763.89367544237,-0.172983522800687,0.0665937992669814,-2.59759203866981,0.00938799571161142,0.0129860763611379
"IBPFAHIO_01922",1794.92634955835,-0.0840559509744452,0.0681848022768396,-1.23276666013002,0.217662833445943,0.258842288422202
"IBPFAHIO_01923",5611.8818349034,0.879785613621579,0.0645014119183596,13.6397884550983,2.32233272658713e-42,7.95013674822505e-42
"IBPFAHIO_01924",2891.85903409208,1.00951666077319,0.0653929731065085,15.4376932691062,9.13078739773757e-54,3.66702226765514e-53
"IBPFAHIO_01925",1918.47202006152,0.569614321596453,0.0702089578786865,8.11312884861053,4.93327119148141e-16,1.10151846305316e-15
"IBPFAHIO_01926",7761.11851839776,0.904706700830295,0.063185683149821,14.3182229855001,1.68373654304041e-46,6.09895851910036e-46
"IBPFAHIO_01927",1275.70892057414,1.05667389512663,0.0761484685336174,13.8764956863202,8.79393708804368e-44,3.09182840980337e-43
"IBPFAHIO_01928",375.031448334646,-0.135708079111859,0.112820273745064,-1.20286961382946,0.22902678066347,0.270849062349843
"IBPFAHIO_01929",100.996615537903,-0.865709961259668,0.185305396707827,-4.67180112743635,2.98569972565511e-06,5.00740671477584e-06
"IBPFAHIO_01930",403.585877330034,-0.430045481214811,0.106130462793871,-4.05204566053814,5.07717530425779e-05,8.08027048422304e-05
"IBPFAHIO_01931",310.385545353811,-0.0547584749869513,0.117001747369557,-0.468014164044862,0.639774460732786,0.685358104730574
"IBPFAHIO_01932",5.67054380217868,-1.56615133924401,0.802026260259961,-1.95274321658292,0.0508500300279746,0.0658235436053353
"IBPFAHIO_01933",43.8795613368154,-1.29952179053598,0.297644946929331,-4.36601327837936,1.26534790893278e-05,2.0744772293298e-05
"IBPFAHIO_01934",13.6315019156973,-1.5163440482828,0.511216006184997,-2.96615135272989,0.00301552048243142,0.00430870930441013
"IBPFAHIO_01935",39.7788975089924,-2.08153165325802,0.328002482283733,-6.34608506242165,2.20863146707319e-10,4.23604189069423e-10
"IBPFAHIO_01936",1615.71149477505,-0.612929165539034,0.0716960495766377,-8.54899494683956,1.24164952658339e-17,2.87539890366679e-17
"IBPFAHIO_01937",1837.37017405593,-0.243656193117724,0.0712691412722735,-3.41881758034477,0.000628938758340257,0.000936211325847785
"IBPFAHIO_01938",1518.53697669196,-0.146406502446696,0.0716075806771136,-2.0445670844105,0.0408975573642649,0.0533648022825472
"IBPFAHIO_01939",6122.93755451368,0.266007571174992,0.0622689053544485,4.27191661168312,1.93800051625267e-05,3.15650383485466e-05
"IBPFAHIO_01940",1.3023317338473,0.162451158177704,1.61197118838496,0.100777953941264,0.919726727934063,0.935039881066502
"IBPFAHIO_01941",254.505878063728,-0.17879953471835,0.123556601025775,-1.44710629164241,0.147867156167078,0.180358145638768
"IBPFAHIO_01942",75.298339540722,-0.487839520256877,0.212446605276696,-2.2962923771905,0.0216591696651351,0.0289563161921734
"IBPFAHIO_01943",39.8548083537993,-0.844194283472125,0.294670403076437,-2.86487639972835,0.00417172037924693,0.00590993720393315
"IBPFAHIO_01944",121.412159427143,0.275416764692266,0.179799104918327,1.53180275740179,0.125571115432018,0.154740023629571
"IBPFAHIO_01945",8009.12531250169,-2.61544602017123,0.0607701173961561,-43.038357209701,0,0
"IBPFAHIO_01946",176.139536679887,1.33781600417101,0.151976897388086,8.80275901905526,1.33493000665459e-18,3.13755740762807e-18
"IBPFAHIO_01947",1678.6348954104,0.994379023578223,0.0835735376318434,11.8982521472125,1.20851811388991e-32,3.54846535501335e-32
"IBPFAHIO_01948",110.907993543157,0.577935737496383,0.177637954484902,3.25344737937467,0.00114013839426659,0.00166893056538436
"IBPFAHIO_01949",22.9186498159273,1.47447542966937,0.418408269594998,3.52401120345111,0.000425066276013918,0.00063749288111962
"IBPFAHIO_01950",26.4974142409024,0.844862085850701,0.359836048469589,2.34790841396788,0.018879162829779,0.025410011330049
"IBPFAHIO_01951",131.3619920225,0.367989394298572,0.164409059453402,2.23825496917261,0.0252044328460516,0.0334716658124218
"IBPFAHIO_01952",391.407459365949,0.291787575641369,0.111068804270451,2.62708847509397,0.00861189391190897,0.0119567455148175
"IBPFAHIO_01953",182.017462575726,-0.934862849791051,0.156633432684771,-5.9684757830245,2.39480181238177e-09,4.4339399892613e-09
"IBPFAHIO_01954",32.3449006103719,-0.547627856474898,0.324846595033148,-1.68580451464796,0.091833457942157,0.11525407137707
"IBPFAHIO_01955",712.142053623812,0.881473659421828,0.0841552162667202,10.4743793495593,1.1327820256959e-25,3.04517863511424e-25
"IBPFAHIO_01956",2170.02429066292,1.24012122305224,0.0687615379327429,18.035100149523,1.03308103719194e-72,5.08384615670772e-72
"IBPFAHIO_01957",2245.57214342677,2.05545523133132,0.0908868015041977,22.6155525039176,3.04692560687122e-113,2.07662902409082e-112
"IBPFAHIO_01958",1.51051985445222,0.514748383999189,1.42158798059706,0.362093933702926,0.717281836718274,0.758073915740401
"IBPFAHIO_01959",206.124772807333,1.14125443609809,0.139026469674452,8.20890035379939,2.23223384108566e-16,5.01791408905206e-16
"IBPFAHIO_01960",313.98702133854,0.0103630390699893,0.114791723071978,0.0902768840179477,0.928067189013516,0.941599535275836
"IBPFAHIO_01961",716.310947660386,0.951328353107918,0.0922564645310574,10.3117798621869,6.23360079133108e-25,1.6534515574169e-24
"IBPFAHIO_01962",810.708255002406,1.04808219333051,0.0853363834256888,12.2817742123227,1.13481938136873e-34,3.46114127324693e-34
"IBPFAHIO_01963",253.361791890026,1.55736324681272,0.129942013264094,11.9850632423828,4.2551948058307e-33,1.26179810297774e-32
"IBPFAHIO_01964",1829.81263935643,-4.91639628248765,0.106769817481698,-46.0466862119568,0,0
"IBPFAHIO_01965",2558.62854774338,-4.17416633980885,0.078772330071596,-52.9902611236073,0,0
"IBPFAHIO_01966",3214.45814776588,-3.71018297226208,0.073629120235563,-50.3901575951474,0,0
"IBPFAHIO_01967",624.199682048913,-0.254252428183983,0.0933044742963206,-2.72497573242325,0.00643062134284604,0.00900768682481056
"IBPFAHIO_01968",1358.74187778544,0.0276053955615729,0.0783878881628161,0.352164042284631,0.724715241853209,0.764579690981947
"IBPFAHIO_01969",427.366597542833,-1.12867446591241,0.112379602723894,-10.0434103569974,9.82184587332376e-24,2.54873918933085e-23
"IBPFAHIO_01970",487.606586716172,-0.989708138453767,0.0960670152986987,-10.3022680092277,6.88193100056265e-25,1.82380314913051e-24
"IBPFAHIO_01971",653.176044528152,-1.71065640618658,0.0949994853324921,-18.0070070927163,1.71662742242835e-72,8.4199167998453e-72
"IBPFAHIO_01972",1383.7227425125,-0.409308871614272,0.0738046788510657,-5.54583907126319,2.92547808246654e-08,5.25076810002393e-08
"IBPFAHIO_01973",101.940445056423,0.525261431944106,0.181964625622619,2.88661287954648,0.00389413033406057,0.0055219137248859
"IBPFAHIO_01974",2949.73565739349,2.52961058155195,0.0701336374426522,36.0684355437916,7.09048350155529e-285,1.12844290620497e-283
"IBPFAHIO_01975",2116.19235187282,-2.25603797921635,0.0759342310555962,-29.71042108222,5.63236091117253e-194,6.06187908137706e-193
"IBPFAHIO_01976",3273.30889740241,-1.64870104482144,0.0718423183094384,-22.9488842177973,1.5117634799872e-116,1.04221113643357e-115
"IBPFAHIO_01977",1120.20541598212,-0.620811372602063,0.0753785540727765,-8.23591511191209,1.78190254660148e-16,4.01464790619851e-16
"IBPFAHIO_01978",71.32177280138,-0.875606816562611,0.22264115902053,-3.93281646760504,8.39563394666071e-05,0.000131862135267238
"IBPFAHIO_01979",31.2244090000075,-0.568970474018186,0.322619118096955,-1.76359813198422,0.0777996624482843,0.0984672546722786
"IBPFAHIO_01980",99.3719367608441,-0.748888378251185,0.195259695598788,-3.83534541501064,0.000125387950603322,0.000194888700366307
"IBPFAHIO_01981",115.682755764435,-0.274731080588117,0.178294979273753,-1.54087951162269,0.123346113151921,0.152248997751876
"IBPFAHIO_01982",1800.63929713105,0.397820864623684,0.0663367373088897,5.99699172377555,2.01006300638324e-09,3.72390620129948e-09
"IBPFAHIO_01983",1986.80063677826,2.42018247505926,0.0726538163866607,33.311154119959,2.66206028486974e-243,3.65361668455517e-242
"IBPFAHIO_01984",1443.12594419363,4.15877414198461,0.0972771601680896,42.7518045839175,0,0
"IBPFAHIO_01985",1371.97494497999,1.96433049447234,0.080921171519082,24.274617601268,3.63503856252447e-130,2.73267220579729e-129
"IBPFAHIO_01986",4312.55885394506,-0.0703679674190445,0.0658369436777732,-1.06882190284299,0.285149927898454,0.331843089954171
"IBPFAHIO_01987",705.344181342384,0.850967627667024,0.0865197153772077,9.83553429362296,7.91463680327866e-23,2.02398233465041e-22
"IBPFAHIO_01988",1665.52531213454,1.85712169957619,0.0726252853509034,25.5712826545623,3.18426114807699e-144,2.58894275952346e-143
"IBPFAHIO_01989",1227.04401883248,0.313234611601578,0.0741954923472609,4.22174719369109,2.42415909369513e-05,3.93121084462647e-05
"IBPFAHIO_01990",89.9997878254771,0.0153965687187403,0.189676428849922,0.0811728099906531,0.935304522627332,0.948299265232456
"IBPFAHIO_01991",226.196157592059,-0.409273575993108,0.130647745962213,-3.13264934636899,0.00173236269149479,0.00250882341382014
"IBPFAHIO_01992",651.387030390223,-0.145889477397585,0.101190781176111,-1.44172696071671,0.149379414722444,0.182128446963958
"IBPFAHIO_01993",1005.03757707105,-0.929840689251589,0.086901489468036,-10.6999396091318,1.01844570632049e-26,2.76514478521862e-26
"IBPFAHIO_01994",4164.755402335,-0.0794038590225274,0.0642743881401637,-1.235388796691,0.216685840313278,0.257782916189793
"IBPFAHIO_01995",987.938082478971,0.138062424804591,0.0754678989472429,1.82941921970169,0.0673368305460199,0.0859154784621286
"IBPFAHIO_01996",1643.99949489731,-0.030093110861558,0.0735748617097166,-0.409013488605495,0.68252976237654,0.72467318986182
"IBPFAHIO_01997",142.181927957769,-1.06153010607427,0.169631356820167,-6.25786485454834,3.902837944273e-10,7.42357986602975e-10
"IBPFAHIO_01998",2728.30952060223,-1.27643335746873,0.0645791749683704,-19.7654020525023,5.91254302245996e-87,3.26993137212573e-86
"IBPFAHIO_01999",3526.86601106971,-0.581409366010643,0.0599196461929312,-9.70315085203613,2.92328754213118e-22,7.39972616417638e-22
"IBPFAHIO_02000",2178.55531645233,-0.460889573931257,0.0669596511148801,-6.88309401643276,5.85663460122315e-12,1.1760436729436e-11
"IBPFAHIO_02001",952.395627170025,-2.17424427288943,0.0855111807170335,-25.4264325981447,1.28688476409511e-142,1.03226788583715e-141
"IBPFAHIO_02002",1449.72128998543,-1.9727738705065,0.0722078983648604,-27.3207490479537,2.40492305982208e-164,2.16732825150231e-163
"IBPFAHIO_02003",335.931858277747,-1.35212642258935,0.115384647666128,-11.718425717274,1.02560152934644e-31,2.96769804236415e-31
"IBPFAHIO_02004",838.319094521658,-0.979860819799537,0.0913685907139018,-10.7242632522125,7.83086278050084e-27,2.1338744480199e-26
"IBPFAHIO_02005",1204.50554129462,-0.543268115307581,0.0796929298809115,-6.81701772189087,9.29498023753699e-12,1.85651407681647e-11
"IBPFAHIO_02006",4305.32859907617,-0.197122707765049,0.0611558509744411,-3.22328452019141,0.00126729606854885,0.00185053676773946
"IBPFAHIO_02007",597.146034528712,0.542432235347819,0.0898199959821874,6.03910331342468,1.5497300087105e-09,2.88357723013794e-09
"IBPFAHIO_02008",2727.69343252471,0.336839381469267,0.060040824379692,5.61017249428704,2.02125045536616e-08,3.63654922577003e-08
"IBPFAHIO_02009",514.500150593122,-0.0801618688008588,0.0933216701776428,-0.85898450647386,0.390349064003362,0.439896195667819
"IBPFAHIO_02010",4308.18784516681,-1.67405739534059,0.0586882126956268,-28.5245932436673,5.80510978136684e-179,5.63924950189922e-178
"IBPFAHIO_02011",392.91750845478,-0.0487201001918914,0.132091477659317,-0.368836060094259,0.712249924684728,0.753288008008733
"IBPFAHIO_02012",787.099617946521,0.64260531682518,0.0976424502785278,6.58120842924497,4.66639874765592e-11,9.09567755894886e-11
"IBPFAHIO_02013",933.956311291745,0.958712998711861,0.0776171213052938,12.3518237031869,4.76195545703158e-35,1.46130981819882e-34
"IBPFAHIO_02014",1149.55140041598,0.531219322717304,0.0757906939836522,7.00903098778704,2.39974306453426e-12,4.88105455410368e-12
"IBPFAHIO_02015",870.118368210768,1.03818565565536,0.082991943713824,12.509475127312,6.62605993716025e-36,2.06727542565e-35
"IBPFAHIO_02016",3975.14774081327,-1.25041006916859,0.0683417476116246,-18.2964309937532,8.83504165699077e-75,4.42788017382184e-74
"IBPFAHIO_02017",46.1849234518442,0.950299290519636,0.282176041225856,3.36775328759754,0.000757833787236651,0.00112027603330635
"IBPFAHIO_02018",121.135527614422,0.0379764170394967,0.176893680310679,0.21468498463483,0.830012930155846,0.858416414457758
"IBPFAHIO_02019",1339.77066712686,1.38873558045959,0.0766132768849337,18.1265654847964,1.96665292905311e-73,9.72599266731718e-73
"IBPFAHIO_02020",399.849911669551,0.015899958619059,0.100104593766725,0.15883345629583,0.87380008908664,0.895630926800215
"IBPFAHIO_02021",839.528720313964,0.0231370249084304,0.104044393689084,0.22237646919805,0.82402082810751,0.853399210002655
"IBPFAHIO_02022",2508.43870898451,0.90085545288423,0.0629050200598079,14.3208833258097,1.62050293967355e-46,5.88415630522242e-46
"IBPFAHIO_02023",1152.40528603986,0.739779795431778,0.0761412446658737,9.71588786968366,2.57990657123119e-22,6.54159361112181e-22
"IBPFAHIO_02024",513.354633483057,0.466598477036326,0.0956773943643747,4.87678913223062,1.07826594622249e-06,1.83305210857824e-06
"IBPFAHIO_02025",762.146593507479,0.345891463870476,0.0837727029125592,4.12892806182358,3.64458401913992e-05,5.84696803499552e-05
"IBPFAHIO_02026",1249.43894822205,0.396446547708816,0.0773680826407158,5.1241614652627,2.98864794250265e-07,5.18378819940169e-07
"IBPFAHIO_02027",945.73459361472,0.591883377499441,0.0771380139583265,7.67304403013544,1.67961800829041e-14,3.59986896905795e-14
"IBPFAHIO_02028",327.356136792192,-2.21568112449643,0.129457581584932,-17.1151128992999,1.14493501868697e-65,5.20614829165867e-65
"IBPFAHIO_02029",950.252111305453,-0.711497827471866,0.106786674270395,-6.66279601207803,2.68666451883803e-11,5.28501001996277e-11
"IBPFAHIO_02030",549.22959390461,-0.320153779777437,0.0976688394336039,-3.27795212510004,0.00104563128261917,0.00153359254784145
"IBPFAHIO_02031",758.386848328169,-0.448349553859907,0.0916532305834639,-4.89180306035823,9.99163958476488e-07,1.7005111284196e-06
"IBPFAHIO_02032",1790.78143732349,-0.406777488587842,0.0794080135075347,-5.12262516867072,3.01310947914662e-07,5.2231886220201e-07
"IBPFAHIO_02033",5762.26913672671,-1.12839054548552,0.0576121054312905,-19.5859973704877,2.03580258354519e-85,1.11355051736146e-84
"IBPFAHIO_02034",2534.75356179922,5.03985894334561,0.101234242438625,49.7841325419222,0,0
"IBPFAHIO_02035",895.984872998117,4.75062563676614,0.128153822674226,37.0697146416185,8.64449859149058e-301,1.49504854252831e-299
"IBPFAHIO_02036",916.956982637113,3.80634964557652,0.114759951772772,33.1679265002933,3.12380438250903e-241,4.22915054862761e-240
"IBPFAHIO_02037",213.085757530198,1.38211630514707,0.14098458921249,9.80331476558734,1.08950380141338e-22,2.77665704755437e-22
"IBPFAHIO_02038",204.708155312161,-1.02380013920238,0.136423163190103,-7.50459170761007,6.162035889793e-14,1.30479910702482e-13
"IBPFAHIO_02039",148.743896501166,-1.63130446207832,0.16828783570212,-9.6935375945165,3.21206079748971e-22,8.12382578705766e-22
"IBPFAHIO_02040",139.1518463409,-1.53754112743169,0.181917925244658,-8.45183961593605,2.86748330130561e-17,6.57937886311839e-17
"IBPFAHIO_02041",385.410104669698,-0.711889368769849,0.119963639565677,-5.93420949336993,2.9526462702409e-09,5.45328249417333e-09
"IBPFAHIO_02042",38.5137862757431,-2.5410060760553,0.3598720652861,-7.0608594585834,1.65475894217864e-12,3.38416866370368e-12
"IBPFAHIO_02043",120.10161028539,-1.39969186813157,0.182066578035461,-7.68780235908514,1.49683795576866e-14,3.2173413532039e-14
"IBPFAHIO_02044",29.4783353176838,-1.05416325674296,0.343708993219657,-3.06702261953696,0.00216202495973046,0.00311598202288705
"IBPFAHIO_02045",433.99993117712,-0.349807147121939,0.100790429921169,-3.47063850601225,0.000519222486337068,0.000775593449386175
"IBPFAHIO_02046",1328.00525340319,-0.786769979275515,0.0696915958723454,-11.289309269322,1.48196693999093e-29,4.19493385473307e-29
"IBPFAHIO_02047",2.76364220902863,-1.09173741179289,1.08644495332072,-1.00487135446301,0.314958799490732,0.363143247813591
"IBPFAHIO_02048",8187.54039849583,0.0227844038895423,0.0810555380888574,0.281096201774206,0.778636614317324,0.811170177589635
"IBPFAHIO_02049",41049.8537901421,0.328272086546155,0.0653116535568578,5.02624062733879,5.0018820863419e-07,8.61083498408226e-07
"IBPFAHIO_02050",302.214678749982,-0.313351883623284,0.115083360359342,-2.72282528633904,0.00647262780521787,0.00906228469499853
"IBPFAHIO_02051",4184.2302295621,-2.31805016198161,0.0611896847332173,-37.8830218212128,0,0
"IBPFAHIO_02052",116115.253697669,-2.23203485989873,0.0610571973172801,-36.5564578455852,1.40796576006543e-292,2.32742185310263e-291
"IBPFAHIO_02053",4574.79866259873,-0.189433942117111,0.0779749800417441,-2.4294195652977,0.0151230201363713,0.0204927881558075
"IBPFAHIO_02054",2342.47410719767,-0.189651309262851,0.073232341602991,-2.58972067684239,0.00960538357521065,0.0132806412463171
"IBPFAHIO_02055",15780.2377317087,-2.1060449806072,0.0764657950754585,-27.5423145542252,5.47031501675728e-167,4.97482751675921e-166
"IBPFAHIO_02056",13.0174921143647,0.694351388663131,0.502697991814102,1.38124957722111,0.167202235921176,0.202456127023942
"IBPFAHIO_02057",29.6634070925517,0.694293332481048,0.338777693943464,2.04940686737455,0.0404223462873879,0.0527677400051766
"IBPFAHIO_02058",52.0604352360955,1.04029418242927,0.259189716594299,4.01363987776415,5.97895441123378e-05,9.470106722293e-05
"IBPFAHIO_02059",112.893794481211,1.15836919445799,0.180777389155968,6.40771060953089,1.4772095316773e-10,2.84965242990231e-10
"IBPFAHIO_02060",1600.10061493569,2.74579804244125,0.0849373205693356,32.3273447294563,2.8884448677503e-229,3.72509786392625e-228
"IBPFAHIO_02061",250.647206934199,-1.95093320323718,0.152251467935458,-12.8138876405725,1.37090220386712e-37,4.37285649677017e-37
"IBPFAHIO_02062",22.3525869667889,-4.08534953539065,0.633567847578229,-6.44816423530112,1.13213046674754e-10,2.18961496865459e-10
"IBPFAHIO_02063",475.634391393711,-0.804301142504195,0.0971748753347833,-8.2768425452901,1.26484294104859e-16,2.85831577010375e-16
"IBPFAHIO_02064",4779.56193073721,1.44103812399998,0.0604371337253148,23.8435881249674,1.18025592539856e-125,8.71932278714193e-125
"IBPFAHIO_02065",4092.75675743575,1.58194990427107,0.0640158391132042,24.7118514134226,7.97636057193436e-135,6.21491427896552e-134
"IBPFAHIO_02066",6047.49732365482,1.80867518211458,0.05596907504805,32.3156168037763,4.2213050531708e-229,5.42066296956525e-228
"IBPFAHIO_02067",6127.17629215171,-0.689249093092656,0.0580799751730468,-11.8672415241065,1.75147850782128e-32,5.13263829128429e-32
"IBPFAHIO_02068",1078.75043107429,-0.524475979772094,0.080858676958327,-6.48632898164286,8.79530089014229e-11,1.70769242461426e-10
"IBPFAHIO_02069",3716.43412571996,-0.398603457814105,0.0632960020312655,-6.29745078713205,3.02580378479845e-10,5.77004775278328e-10
"IBPFAHIO_02070",4684.95120691389,-0.227052960360957,0.0593136688755455,-3.82800397725133,0.000129186669456734,0.000200584595233289
"IBPFAHIO_02071",1665.39546100915,0.405965263637079,0.0754334002304177,5.38177070630548,7.37566788144799e-08,1.30967348969094e-07
"IBPFAHIO_02072",2528.19247107711,-0.800394432900344,0.0646272280286981,-12.3847866806994,3.1592380240621e-35,9.74478367834412e-35
"IBPFAHIO_02073",5481.95441634168,0.168887713616501,0.0614970581768093,2.74627305148378,0.00602765733525083,0.00846701913008004
"IBPFAHIO_02074",922.802603252948,0.335680822594834,0.0959999740522909,3.49667618047469,0.000471093302303336,0.000705108134312947
"IBPFAHIO_02075",926.739947900326,-1.01442905125793,0.0784862300904601,-12.9249302723387,3.25591660038008e-38,1.04749488906852e-37
"IBPFAHIO_02076",1552.42207260185,1.12490386224052,0.0711069039346198,15.8198965219303,2.26865217964333e-56,9.38839186928471e-56
"IBPFAHIO_02077",994.787883678356,-1.0473455026067,0.0932554123835531,-11.2309352973427,2.87419806071366e-29,8.10518435217273e-29
"IBPFAHIO_02078",6956.90843120027,-0.250271763615998,0.0644491818320391,-3.88324190473404,0.000103072931605836,0.000160789474121304
"IBPFAHIO_02079",868.24671785663,1.12403270931856,0.0825880343691185,13.610115774094,3.48691011047464e-42,1.19232400577601e-41
"IBPFAHIO_02080",4015.3279882,1.08692218941974,0.0598191832400813,18.170127550178,8.89912304873914e-74,4.430312173349e-73
"IBPFAHIO_02081",1563.58926996672,-2.23099904188928,0.0842240663462497,-26.488854536155,1.30272918687998e-154,1.11364735061283e-153
"IBPFAHIO_02082",1997.76506928206,-1.47149457338786,0.0768966078523603,-19.1360141166838,1.26591917635549e-81,6.75156894056263e-81
"IBPFAHIO_02083",801.87722168563,-1.69609146601762,0.0990190760224395,-17.1289365054594,9.02901163617062e-66,4.12439737640038e-65
"IBPFAHIO_02084",1388.24099401018,-0.993380168882672,0.0821824770815904,-12.0874936380471,1.22981434575063e-33,3.6906765521423e-33
"IBPFAHIO_02085",773.098741081804,-1.07833392257568,0.091459620959416,-11.790273251342,4.38117242916733e-32,1.27390358678996e-31
"IBPFAHIO_02086",3930.8294274357,0.584300628481376,0.0564055318660696,10.3589241897187,3.81225589614649e-25,1.01660157230573e-24
"IBPFAHIO_02087",2994.32819573915,0.869154577610302,0.0684554727011547,12.6966412372117,6.17223083718575e-37,1.94597625551736e-36
"IBPFAHIO_02088",2487.50273051084,0.446891498560691,0.0685680927956536,6.51748474166425,7.14960910236799e-11,1.38996948890741e-10
"IBPFAHIO_02089",4807.74118529079,0.670339238656683,0.0605280378218022,11.0748549396265,1.66149002853994e-28,4.63729306473089e-28
"IBPFAHIO_02090",1082.32448420349,-1.54664389430905,0.0798669444130969,-19.3652568740995,1.51596903603188e-83,8.20213265064626e-83
"IBPFAHIO_02091",131.24366546335,-1.43224420319285,0.175095512376632,-8.17978818390321,2.84343254662536e-16,6.37747389767846e-16
"IBPFAHIO_02092",1757.11407902369,-1.26499062682004,0.0692127244189816,-18.2768506432773,1.26524274874263e-74,6.33044532481261e-74
"IBPFAHIO_02094",123.915751265972,-1.76332847133211,0.183459700007199,-9.61153033207244,7.14786202777429e-22,1.79416134119972e-21
"IBPFAHIO_02095",2605.16271602102,-2.94312170201032,0.0778309131017865,-37.8143026301302,0,0
"IBPFAHIO_02096",416.476488429164,0.651399329346989,0.105114981904835,6.19701699551003,5.7543289740519e-10,1.0869288062098e-09
"IBPFAHIO_02097",36569.3245866058,-2.42658980669697,0.060048426060611,-40.4105480507955,0,0
"IBPFAHIO_02098",12834.1995958717,-2.15741236184316,0.0625488486491683,-34.4916398692472,1.07054365795616e-260,1.56247152419748e-259
"IBPFAHIO_02099",38616.6560540574,-1.74961756589258,0.0675135114244437,-25.9150728347262,4.50412721244936e-148,3.68206246438484e-147
"IBPFAHIO_02100",9557.99421431665,0.748385682601804,0.0533788815944788,14.0202578294412,1.17188140093987e-44,4.16421514443242e-44
"IBPFAHIO_02101",8334.11005608758,1.28658893351846,0.0624854614677893,20.5902125597918,3.35892148187784e-94,1.97056726936833e-93
"IBPFAHIO_02102",23121.2212845657,1.60352044774277,0.0608690043636726,26.3437929452937,6.04569253211424e-153,5.12428103571836e-152
"IBPFAHIO_02103",6672.91962396134,0.793349324152234,0.0550768236720613,14.4044131679779,4.8542334034155e-47,1.7777070187294e-46
"IBPFAHIO_02104",6126.86216602069,0.494460510273866,0.0616511027861115,8.0203027671592,1.05484835406499e-15,2.34132513009085e-15
"IBPFAHIO_02105",543.815728855805,0.85573453804203,0.0996430322039241,8.58800178110527,8.84948987401739e-18,2.05572000800156e-17
"IBPFAHIO_02106",662.299373905607,-0.209641640843026,0.0909677136905221,-2.30457194468182,0.021190558733718,0.0283424907158177
"IBPFAHIO_02107",8213.7186366124,0.868950502313493,0.0569923221437371,15.246799386801,1.72903196166693e-52,6.80692582803612e-52
"IBPFAHIO_02108",14671.8292157729,1.0018915742893,0.0611163000901602,16.3931974417837,2.13891667015002e-60,9.24803277035964e-60
"IBPFAHIO_02109",4447.17846820897,0.722427025186483,0.0806309075925015,8.95967869836637,3.2562584600193e-19,7.75077590483513e-19
"IBPFAHIO_02110",2301.07876879653,0.880709231626469,0.062448654675306,14.1029336213183,3.64304723146272e-45,1.29916535358003e-44
"IBPFAHIO_02111",3476.59837579687,0.858485379115857,0.0622042605537765,13.8010704005344,2.51096313437391e-43,8.76639638045128e-43
"IBPFAHIO_02112",381.782779961013,0.19661997867985,0.115821497246822,1.69761213033572,0.089580991844191,0.11256880621496
"IBPFAHIO_02113",2035.44473668749,0.413779346252494,0.0654874635639001,6.31845125363184,2.64197603787967e-10,5.04453880366049e-10
"IBPFAHIO_02114",2493.29879155766,0.405718796414607,0.065781307777402,6.16769125034003,6.9294277496842e-10,1.30395269352548e-09
"IBPFAHIO_02115",1621.84909882675,0.204057800192936,0.0827918553684609,2.4647086272531,0.0137124709085429,0.0186574410906595
"IBPFAHIO_02116",9612.78941722793,0.491993860023732,0.0536731317984887,9.16648318325977,4.88702356741384e-20,1.18014322144489e-19
"IBPFAHIO_02117",94.0518204908475,0.768443651707918,0.192094821309788,4.00033507654359,6.32528570059641e-05,0.000100133623366055
"IBPFAHIO_02118",760.120026868918,1.04519684317662,0.0871142701248996,11.9979980510435,3.63994376853232e-33,1.08042775351674e-32
"IBPFAHIO_02119",110.274066334738,-0.0629067013653677,0.178843890193745,-0.351740846708376,0.725032624396225,0.764644910889498
"IBPFAHIO_02120",3630.52414026842,0.384703341655828,0.0682754794732033,5.63457546727029,1.75490100342095e-08,3.1687771890377e-08
"IBPFAHIO_02121",7708.29035132921,0.55085145916087,0.0652280029746271,8.44501493285245,3.04006590800824e-17,6.96468391788719e-17
"IBPFAHIO_02122",1394.86054620343,0.922813678754047,0.0793033961664704,11.6364963338634,2.68833814568256e-31,7.74158588246604e-31
"IBPFAHIO_02123",9428.33688064391,-0.755510397382059,0.0697646570125554,-10.8294146310515,2.49746745822493e-27,6.8554336101e-27
"IBPFAHIO_02124",3628.20495859586,-0.779915756275505,0.0598010111700995,-13.0418489757154,7.07209206469864e-39,2.29996733234547e-38
"IBPFAHIO_02125",2821.23882876009,-1.13579348253968,0.0650038195713305,-17.4727191421935,2.31208101160957e-68,1.09285092997406e-67
"IBPFAHIO_02126",2620.89606741338,-0.561611980818556,0.0738463300725439,-7.60514409134279,2.84586639577965e-14,6.07768183880992e-14
"IBPFAHIO_02127",6323.20000819332,-0.416316353070774,0.0616390021739086,-6.7541059781626,1.43718674020672e-11,2.85528733512516e-11
"IBPFAHIO_02128",20850.391940854,-0.625111155757241,0.0569002297676351,-10.9860919421595,4.45814453887209e-28,1.23621579798937e-27
"IBPFAHIO_02129",17272.3581533528,-0.150245868073402,0.0604140911581472,-2.48693417699689,0.0128849236538987,0.0175874505348836
"IBPFAHIO_02130",4948.14541245163,0.585617697917937,0.0616926303765437,9.49250654970608,2.25544440598491e-21,5.62357471892239e-21
"IBPFAHIO_02131",10766.3874096995,0.555328973524007,0.0579086726885795,9.58973755987205,8.83093482174628e-22,2.21105916206401e-21
"IBPFAHIO_02132",16513.2854280047,0.482355113727276,0.0573724435999844,8.40743540732518,4.19073015382072e-17,9.55690900932285e-17
"IBPFAHIO_02133",17838.0937968024,0.217297937062257,0.0700095243281254,3.10383393042081,0.00191030524439557,0.00276251004892776
"IBPFAHIO_02134",7754.44389691956,-2.19577373041006,0.054640639610487,-40.1857252415587,0,0
"IBPFAHIO_02135",4482.54920216237,-0.810527425324826,0.0549856515173594,-14.7407078566476,3.53064596436792e-49,1.32709707605387e-48
"IBPFAHIO_02136",1096.13750762822,-1.39551186661067,0.09235800576966,-15.1098094310424,1.39542716865954e-51,5.41519855853351e-51
"IBPFAHIO_02137",313.929034740363,0.229073650708544,0.113922312427373,2.01078828043086,0.0443478245447149,0.0576656632063394
"IBPFAHIO_02138",1544.7617993764,-0.264164323717111,0.078559332547743,-3.36260906438544,0.000772096198812155,0.0011402328859062
"IBPFAHIO_02139",2175.02278105837,-0.0850181772139362,0.0655236443188222,-1.29751905739947,0.194452652275748,0.232907260051657
"IBPFAHIO_02140",3067.02109852816,-0.121660365876878,0.0603631565434807,-2.0154738890973,0.0438550192471626,0.0570496598206567
"IBPFAHIO_02141",2896.77937563847,0.923957154693581,0.0642403091542289,14.382825469836,6.63303169804589e-47,2.42024766348211e-46
"IBPFAHIO_02142",1622.2993172052,5.49392612338548,0.132498261611304,41.4641373899866,0,0
"IBPFAHIO_02143",2792.78627290283,5.57086858333366,0.124582289574874,44.7163766402413,0,0
"IBPFAHIO_02144",3657.58819025236,5.47509791991636,0.204380993116137,26.7886843900655,4.37750725997362e-158,3.81851362152801e-157
"IBPFAHIO_02145",100.203443091777,5.48940636666595,0.421951159899233,13.0095776202556,1.07937029208695e-38,3.5026853730197e-38
"IBPFAHIO_02146",27.0003576971821,5.39874286115047,0.782714169097373,6.89746407347692,5.29390252881293e-12,1.06375798295556e-11
"IBPFAHIO_02147",34.1374011170229,3.87222967815646,0.464446942107616,8.33729179179143,7.6011328058181e-17,1.72684809073711e-16
"IBPFAHIO_02148",397.814361657422,0.98167433814501,0.11065000596768,8.87188689742819,7.19168032484085e-19,1.70098873770149e-18
"IBPFAHIO_02149",947.476030320696,2.56571627788988,0.120305753595535,21.3266298677265,6.42752192196013e-101,4.01485294165025e-100
"IBPFAHIO_02151",740.480856243601,0.786330542655206,0.0861173240506252,9.13092169692769,6.7918555395723e-20,1.63617003014495e-19
"IBPFAHIO_02152",175.911880918066,0.793679170474001,0.147881432230258,5.36699677913728,8.00584858550893e-08,1.41988731285375e-07
"IBPFAHIO_02153",679.414441206912,0.209252893292384,0.0864246925370037,2.4212165198365,0.0154686606627362,0.0209516671357658
"IBPFAHIO_02154",853.885095309148,-0.563547396999531,0.0853821938947859,-6.60029183243962,4.1034920442816e-11,8.02985493557262e-11
"IBPFAHIO_02155",284.091659917621,-0.476624683459847,0.116816153409039,-4.08012650263287,4.501119842805e-05,7.17875829939903e-05
"IBPFAHIO_02156",426.415973759685,-0.0155917909609491,0.098383123824738,-0.15848034047714,0.874078310914648,0.895630926800215
"IBPFAHIO_02157",1087.3639326324,-0.174574860720353,0.0822640219575672,-2.1221289278854,0.0338269127747836,0.0444488902161407
"IBPFAHIO_02158",1117.60462279255,4.31446866425683,0.105243103783517,40.9952624841967,0,0
"IBPFAHIO_02159",111.516858160067,3.8980308050267,0.268821609570938,14.5004369672821,1.20381107574753e-47,4.43571765841948e-47
"IBPFAHIO_02160",195.015746113745,3.33411529927625,0.192047894759133,17.3608531531049,1.6327898972546e-67,7.60951304141083e-67
"IBPFAHIO_02161",68.0665531222597,3.8096291362737,0.329501496601927,11.5617961543772,6.43485510284615e-31,1.84240061892016e-30
"IBPFAHIO_02162",670.367541280128,2.60479627431347,0.0992952397594264,26.2328413791477,1.12200162957671e-151,9.42985639239751e-151
"IBPFAHIO_02163",623.610207451924,3.19122747750026,0.107183942940298,29.7733726709213,8.64258989533345e-195,9.33524511438183e-194
"IBPFAHIO_02164",197.751190370908,3.17210476871719,0.180132747769689,17.6098172486267,2.07112645289694e-69,9.88327009101697e-69
"IBPFAHIO_02165",0,NA,NA,NA,NA,NA
"IBPFAHIO_02166",310.193568890034,2.91191206034602,0.139131982973504,20.9291350422322,2.90723826361722e-97,1.7608212317293e-96
"IBPFAHIO_02167",94.9670608672286,3.25381956726335,0.264061812294391,12.3221890321491,6.88009899855827e-35,2.10268194113241e-34
"IBPFAHIO_02168",13.583256213903,2.51541010519344,0.60235589933637,4.17595329931146,2.96740698696924e-05,4.79140944684941e-05
"IBPFAHIO_02169",24.1346619604926,2.7515664310488,0.442555098855239,6.21745504269705,5.05282862453906e-10,9.56234234321371e-10
"IBPFAHIO_02170",103.25863521751,2.6349445749641,0.219464951461679,12.006220389246,3.29566165994613e-33,9.79207516043576e-33
"IBPFAHIO_02171",39.8978244547147,2.57213547852717,0.343122859780766,7.49625215927206,6.56684051197299e-14,1.38953230635242e-13
"IBPFAHIO_02172",103.107497892595,2.86793760624387,0.229149274804114,12.5155866571932,6.13528946394855e-36,1.91615721045241e-35
"IBPFAHIO_02173",46.3652832936094,2.44729184822973,0.310407321080212,7.88413056661547,3.16732979538944e-15,6.93244385355172e-15
"IBPFAHIO_02174",0,NA,NA,NA,NA,NA
"IBPFAHIO_02175",0.370175645625417,2.08895998011864,2.8726843316731,0.727180483106543,0.467115400459933,0.517824852973739
"IBPFAHIO_02176",0,NA,NA,NA,NA,NA
"IBPFAHIO_02177",0,NA,NA,NA,NA,NA
"IBPFAHIO_02178",0,NA,NA,NA,NA,NA
"IBPFAHIO_02179",0,NA,NA,NA,NA,NA
"IBPFAHIO_02180",18.6813583033696,-0.435217958042018,0.429671467461528,-1.0129086779098,0.311103782994525,0.358975132556737
"IBPFAHIO_02181",40.6431196601867,4.25579903908902,0.466453276033841,9.12374134291696,7.25746427922801e-20,1.74692945482303e-19
"IBPFAHIO_02182",44.6444360094319,2.38326258621972,0.312365385156763,7.62972691427911,2.35251509185533e-14,5.03485347269753e-14
"IBPFAHIO_02183",50.0906980252974,1.96383592395829,0.298440612579318,6.58032399473229,4.69424218439173e-11,9.1439925883464e-11
"IBPFAHIO_02184",34.6582742267771,2.36659566239403,0.354313291348825,6.67938719821859,2.39943443731226e-11,4.73243759817948e-11
"IBPFAHIO_02185",295.9691940256,2.34107545271971,0.132301502893277,17.6950027136741,4.58208321143663e-70,2.20057672048449e-69
"IBPFAHIO_02186",171.551586855132,3.43887733553043,0.196821416870297,17.4720687931874,2.33858986386506e-68,1.10363736162212e-67
"IBPFAHIO_02187",98.6962179185392,6.11158859658928,0.511655864519856,11.9447250005127,6.91787878134355e-33,2.04326686216978e-32
"IBPFAHIO_02188",241.043843901529,3.35188604030185,0.165942562688949,20.1990736191341,9.97509718885521e-91,5.64186971437709e-90
"IBPFAHIO_02189",186.717592117602,4.61132708580731,0.243693260518173,18.9226697365454,7.41990988978685e-80,3.87441019026916e-79
"IBPFAHIO_02190",58.3739047580614,5.52046530806924,0.549826847383757,10.040370590009,1.01292883619559e-23,2.62624183526621e-23
"IBPFAHIO_02191",20.3944235130191,5.41121633829615,0.897696959400325,6.02788756454173,1.66116544447691e-09,3.0870850993012e-09
"IBPFAHIO_02192",7.2481974196102,6.39682726457303,1.30300387671664,4.90929258068826,9.14055203392181e-07,1.55654705096722e-06
"IBPFAHIO_02193",79.7309671135116,4.61769108552271,0.366881878806232,12.5863155208097,2.51124030458037e-36,7.8676764306853e-36
"IBPFAHIO_02194",175.46494880033,4.28071418288685,0.231981885576572,18.4527950199537,4.95165709540285e-76,2.5196187124907e-75
"IBPFAHIO_02195",31.2665176064835,5.28890974028119,0.698272956169646,7.57427263013784,3.61145292994191e-14,7.67979187376418e-14
"IBPFAHIO_02196",615.158118513468,3.88984128912524,0.124979797557216,31.1237605209312,1.14913866606272e-212,1.35898137899591e-211
"IBPFAHIO_02197",0.152303338879463,-0.773633856958963,4.0804728567969,-0.189594168153897,0.849627157463939,0.87416934495602
"IBPFAHIO_02198",44.4899215499147,2.93821195058716,0.338325705180842,8.68456610181785,3.8019081493007e-18,8.87309608635545e-18
"IBPFAHIO_02199",170.522101266496,1.96098329251352,0.164791030321774,11.8998181435268,1.18605331619553e-32,3.48592487431927e-32
"IBPFAHIO_02200",300.194438130086,1.57811779968243,0.13286711010515,11.8774149481652,1.55089612586281e-32,4.54929530253091e-32
"IBPFAHIO_02201",151.883000691686,1.38518528332683,0.163683519264428,8.46258248571188,2.61520642139997e-17,6.00975239080546e-17
"IBPFAHIO_02202",0,NA,NA,NA,NA,NA
"IBPFAHIO_02203",0,NA,NA,NA,NA,NA
"IBPFAHIO_02204",0,NA,NA,NA,NA,NA
"IBPFAHIO_02205",0,NA,NA,NA,NA,NA
"IBPFAHIO_02206",0,NA,NA,NA,NA,NA
"IBPFAHIO_02208",0,NA,NA,NA,NA,NA
"IBPFAHIO_02209",0,NA,NA,NA,NA,NA
"IBPFAHIO_02210",0,NA,NA,NA,NA,NA
"IBPFAHIO_02211",0,NA,NA,NA,NA,NA
"IBPFAHIO_02212",0,NA,NA,NA,NA,NA
"IBPFAHIO_02213",0,NA,NA,NA,NA,NA
"IBPFAHIO_02214",34.6612715887029,-0.266594268765543,0.305434875877179,-0.872835061811165,0.382752985720692,0.433130458879089
"IBPFAHIO_02215",76.8531128437949,0.192815675775626,0.219757048986447,0.877403826930334,0.380267335268947,0.43129638632475
"IBPFAHIO_02216",0.328914953253886,0.188154041710181,3.04230098132225,0.0618459655587412,0.95068549830053,0.959019221481856
"IBPFAHIO_02217",32.2266762557889,0.755086477852782,0.332430566308611,2.27141109867676,0.0231221031635513,0.0308294708847351
"IBPFAHIO_02218",372.693717577528,1.38231506715209,0.110981730689833,12.4553388973121,1.30794703433492e-35,4.06373574946012e-35
"IBPFAHIO_02219",462.475925841771,0.331466859749929,0.102253637630144,3.24161435653623,0.00118854737846349,0.00173809079001112
"IBPFAHIO_02220",433.597015325161,0.339594553176096,0.102206395993596,3.32263504524095,0.000891714963704394,0.00131211789514702
"IBPFAHIO_02221",4642.26997995586,-0.426874434187871,0.0639563307256469,-6.67446723951428,2.48131897837943e-11,4.88749597321346e-11
"IBPFAHIO_02222",5257.41460807107,0.269924645940957,0.0683892708577286,3.94688585732236,7.91742785633575e-05,0.00012454755071586
"IBPFAHIO_02223",344.754553536914,0.621101217993645,0.111165720406107,5.58716496168658,2.30806461600588e-08,4.14509563690851e-08
"IBPFAHIO_02224",45.2853300220241,-0.0912544655337209,0.269950259614731,-0.338041777266515,0.735331705274809,0.773870018354635
"IBPFAHIO_02225",31.0499916276028,0.170261007312491,0.321302654640934,0.529908498586054,0.596175373501346,0.641869995507747
"IBPFAHIO_02226",47.5614001452587,0.0143567423729722,0.259430985306095,0.0553393510649205,0.955868112566567,0.962300603229868
"IBPFAHIO_02227",34.5017056846808,0.443805081932176,0.303675576981388,1.46144476399357,0.143893423619015,0.175869739978796
"IBPFAHIO_02228",16.4469627420655,0.0556198070031383,0.458910656946929,0.121199641283489,0.903532908237929,0.92139415863936
"IBPFAHIO_02229",194.367947032843,0.472366804758399,0.138575096650211,3.40874237995835,0.000652630797889885,0.000970030475552179
"IBPFAHIO_02230",146.928064044831,0.42654152528969,0.162735577461601,2.62107113848744,0.00876539691441617,0.0121642242893939
"IBPFAHIO_02231",822.275625244842,-0.0153515137577714,0.0793119566680302,-0.193558631040046,0.846521493156288,0.873979402182061
"IBPFAHIO_02232",186.053762406177,0.752985291533447,0.146142801756893,5.15239397685853,2.57182022311077e-07,4.46857497534694e-07
"IBPFAHIO_02233",30.0436053339741,-0.691418174778054,0.331703505557612,-2.08444639020544,0.0371195818408283,0.0486899556631996
"IBPFAHIO_02234",3.44926942899619,-0.199661228193611,0.987562362382765,-0.20217581774975,0.839779277394929,0.868216861771122
"IBPFAHIO_02235",40.7110307815818,0.0496078609454763,0.286201620826329,0.173331865844251,0.862390577440785,0.885778444113569
"IBPFAHIO_02236",261.943991761892,0.542321921504188,0.129617071813402,4.1840315779153,2.86384303511965e-05,4.6316856005827e-05
"IBPFAHIO_02237",1190.54380606747,0.246005149969936,0.283059298083869,0.869094043669412,0.384795694347294,0.434630939141756
"IBPFAHIO_02238",1033.76704274178,-0.386884811569045,0.0865232419134404,-4.47145533400254,7.76890873865319e-06,1.28494057192097e-05
"IBPFAHIO_02239",75.858211011802,0.909669225722547,0.214784639357863,4.23526202079519,2.28285357380477e-05,3.70808788969809e-05
"IBPFAHIO_02240",1006.11252436108,0.356160469827031,0.0853923141866812,4.17087267418948,3.03435377532386e-05,4.89422452602102e-05
"IBPFAHIO_02241",1068.87850538909,0.805996609403127,0.0864207728757735,9.32642213882668,1.09505059012623e-20,2.68336721184085e-20
"IBPFAHIO_02242",2423.65730565703,1.1500523242474,0.0657014942762417,17.504203472329,1.33075545594854e-68,6.31001636164508e-68
"IBPFAHIO_02243",2596.76951158735,-1.45493771162857,0.0739173298530259,-19.6833099155706,2.99770296706576e-86,1.65177297927454e-85
"IBPFAHIO_02244",143.683682776131,0.589014140720888,0.159960982179622,3.68223633472992,0.000231196930881829,0.00035383182465393
"IBPFAHIO_02245",305.171067319078,-1.61095655305242,0.126462334143763,-12.7386273862467,3.60684722870949e-37,1.14197745061363e-36
"IBPFAHIO_02246",675.120649042305,-1.02115997910241,0.093360692808329,-10.937793501585,7.60277230199514e-28,2.10235625947962e-27
"IBPFAHIO_02247",27.1590226995048,-0.205909640988195,0.34816389858462,-0.591415829801059,0.554241836494612,0.602795919589923
"IBPFAHIO_02248",1114.66141739297,-0.568811122014873,0.0779827201378465,-7.29406618555253,3.00737580911681e-13,6.25734938864916e-13
"IBPFAHIO_02249",3694.73202127679,0.897988257544759,0.0589060997253211,15.2444018825228,1.79367936026507e-52,7.05215327978066e-52
"IBPFAHIO_02250",591.6747050197,0.230637361116471,0.0880165498112271,2.62038629793067,0.00878302133198033,0.0121830319078744
"IBPFAHIO_02251",4218.14922347305,0.0676752260782956,0.0586136307166003,1.15459877251946,0.24825476957878,0.291857866632499
"IBPFAHIO_02252",79.4248353785017,1.15012380211384,0.209924747840254,5.47874328275507,4.28357320284754e-08,7.65618340676216e-08
"IBPFAHIO_02253",281.473638206879,0.594315300818352,0.119074773085679,4.9911100850112,6.00332687585463e-07,1.02992855576589e-06
"IBPFAHIO_02254",202.96796733509,0.000238922359984282,0.134197453261947,0.00178037924101225,0.99857946364168,0.99857946364168
"IBPFAHIO_02255",97.2064843104536,0.108637750107806,0.186501170929077,0.582504386254596,0.560226987903709,0.607959862616918
"IBPFAHIO_02256",34.2785982877655,-1.76660585683613,0.337595709544436,-5.23290375704137,1.66867634626076e-07,2.92311453630691e-07
"IBPFAHIO_02257",22.5515816714834,-1.33965510400186,0.395316611782163,-3.3888156077288,0.0007019519646062,0.00104070142352721
"IBPFAHIO_02258",20.7637247046314,2.17442335035805,0.466989515014756,4.65625732579743,3.22009426357602e-06,5.38843514352318e-06
"IBPFAHIO_02259",2.44617067619571,0.616485144515865,1.21559343492384,0.507147477770388,0.612051344173016,0.657026016111639
"IBPFAHIO_02260",24.6302511313272,-0.874261732273432,0.369426226311341,-2.36653943333366,0.0179552613781859,0.0242319089055175
"IBPFAHIO_02261",1379.72814448992,-0.480742329686163,0.0682561133754897,-7.04321277482516,1.87857021238165e-12,3.8340259723369e-12
"IBPFAHIO_02262",2241.09890817033,-1.12958093365091,0.0655756383032078,-17.225618581522,1.7059413571988e-66,7.85257929344433e-66
"IBPFAHIO_02263",671.552565561918,0.644919500360855,0.0864427617614326,7.46065358416849,8.60943341662132e-14,1.81916841684541e-13
"IBPFAHIO_02264",522.116174030633,0.776566192783723,0.0981293676692212,7.91369812349558,2.49853714266716e-15,5.48468314809988e-15
"IBPFAHIO_02265",2637.48463137333,0.898938184710434,0.0629087486164716,14.2895575652106,2.54219374098369e-46,9.16414900364242e-46
"IBPFAHIO_02266",2833.20048694377,0.610967904128179,0.06763334251481,9.03353111661445,1.66219692149178e-19,3.98182000728857e-19
"IBPFAHIO_02267",544.011351730264,0.423832868996097,0.0919027502215028,4.61175392438834,3.99285509407786e-06,6.66664198743356e-06
"IBPFAHIO_02268",84.5469480045172,0.303076118491819,0.207804059517987,1.45847063428318,0.144710863666438,0.176724450648973
"IBPFAHIO_02269",1799.45148326262,0.458372724903292,0.0722418984353585,6.34497064488748,2.22467862272587e-10,4.26408612376413e-10
"IBPFAHIO_02270",31.266468505381,-0.437624360204065,0.331659851033371,-1.31949754798639,0.187002829328587,0.224884431411227
"IBPFAHIO_02271",64.5013397242175,0.165562288449284,0.233689710856544,0.708470594800466,0.478653066551641,0.529438068437157
"IBPFAHIO_02272",1465.01343116759,-1.58665437450115,0.0748734844646082,-21.1911384363465,1.15276229093185e-99,7.1114737617899e-99
"IBPFAHIO_02273",4413.86799503998,-0.998852085630854,0.0627004405560924,-15.9305433386432,3.88962550064666e-57,1.63451678341781e-56
"IBPFAHIO_02274",922.503860376243,-1.86420695515725,0.0860563517169284,-21.662630566647,4.62080238564029e-104,2.94785516798204e-103
"IBPFAHIO_02275",1612.48748429733,-1.83711048659225,0.0773343143703666,-23.7554376934673,9.65387653948287e-125,7.04497526978848e-124
"IBPFAHIO_02276",227.753982410824,-0.851678765558868,0.177486542430337,-4.79855404188263,1.59815189209087e-06,2.70456474046147e-06
"IBPFAHIO_02277",6949.82690807498,0.769776884363427,0.0627833494272525,12.2608444975586,1.46960279050215e-34,4.47309414972779e-34
"IBPFAHIO_02278",4554.58407824485,2.17935706932168,0.0716775648901833,30.4050098892262,4.71610455138408e-203,5.32474898782685e-202
"IBPFAHIO_02279",4225.35156321643,0.859198203126544,0.0580812441804211,14.7930405977112,1.62446363910349e-49,6.14462099645719e-49
"IBPFAHIO_02280",985.571860432796,2.18973409304471,0.0935172284003574,23.4153014423206,2.98508645828837e-121,2.11644044625564e-120
"IBPFAHIO_02282",1297.75324763264,2.1606282859549,0.0815009860112541,26.5104557834006,7.34344502181247e-155,6.29558381239625e-154
"IBPFAHIO_02283",92.5885790760686,-1.83490167333508,0.216064740829955,-8.49236976975882,2.02465626769737e-17,4.6598242715004e-17
"IBPFAHIO_02284",360.098547899165,0.89748298488442,0.124323314518163,7.21894351323222,5.23930111113663e-13,1.08710048020255e-12
"IBPFAHIO_02285",4493.96957799934,-1.20218629315519,0.0624591283808218,-19.2475675585047,1.47948168885987e-82,7.93299142127012e-82
"IBPFAHIO_02286",361.334023712048,0.771075435601849,0.108149123529958,7.1297428072846,1.00556644701418e-12,2.07065024739602e-12
"IBPFAHIO_02287",197.27425379981,-0.971835990375771,0.140568671846021,-6.91360299285119,4.72496342964846e-12,9.52634136220229e-12
"IBPFAHIO_02288",170.117065808944,-0.777422090567305,0.156105048769608,-4.98012137784656,6.354440658154e-07,1.08954077072761e-06
"IBPFAHIO_02289",636.979083335716,-0.953716350313288,0.0877307429851623,-10.8709480606426,1.58544715128486e-27,4.35997966603337e-27
"IBPFAHIO_02290",1851.92679638792,0.439896394505824,0.075809633294662,5.80264506485613,6.52768759117468e-09,1.19527792367164e-08
"IBPFAHIO_02291",5735.32794875833,-0.344476433968393,0.0672848144578241,-5.11967576553726,3.06061401559194e-07,5.30246504612107e-07
"IBPFAHIO_02292",2380.46552985409,-1.21307471532348,0.0676187459503367,-17.9399173746055,5.75406196395696e-72,2.80393377787609e-71
"IBPFAHIO_02293",2450.69410558259,3.47280517638953,0.0754483279737511,46.0289216428724,0,0
"IBPFAHIO_02294",323.09315725606,1.0388884211761,0.121979527119302,8.51690808868293,1.63869448382369e-17,3.7802420166542e-17
"IBPFAHIO_02295",72083.7016168038,7.33628311625314,0.0855139405056362,85.7904930222413,0,0
"IBPFAHIO_02296",3852.37914420211,6.52712194580403,0.10810699732089,60.3764983540316,0,0
"IBPFAHIO_02297",6685.01512877201,6.98968599114616,0.101090875277486,69.1426003777303,0,0
"IBPFAHIO_02298",5864.99988199561,6.37703678014956,0.0928126066421859,68.7087348460594,0,0
"IBPFAHIO_02299",11818.3251685843,6.02299559631558,0.0726908611228325,82.8576729355011,0,0
"IBPFAHIO_02300",10268.8389695634,5.88816168344789,0.0778554117224593,75.6294463439246,0,0
"IBPFAHIO_02301",14290.8114802104,5.80394482740058,0.0715742848506468,81.0898053611238,0,0
"IBPFAHIO_02302",3450.78557928025,1.20437330987149,0.0612420591619047,19.6657873094617,4.23541689319152e-86,2.32520501732643e-85
"IBPFAHIO_02303",315.26623570528,0.512521031719621,0.317190940379766,1.61581232776065,0.106134895386227,0.131820509338144
"IBPFAHIO_02304",15363.9940399533,-0.582414631062705,0.0541182035428209,-10.7618988239673,5.20857178015209e-27,1.42450153256079e-26
"IBPFAHIO_02305",554.819485369939,0.41822152183987,0.0985708915568803,4.24285014809403,2.20698812132236e-05,3.58680524660321e-05
"IBPFAHIO_02306",1682.12431823504,-0.466943343388443,0.075033037387243,-6.22316994817314,4.87209127734554e-10,9.23198043180357e-10
"IBPFAHIO_02307",920.993551700799,-0.882279395721627,0.0885157089737567,-9.96748945413979,2.11507490115682e-23,5.46958003825513e-23
"IBPFAHIO_02308",851.84713708978,-0.542507033446652,0.0923418098828881,-5.87498809190206,4.22873745081463e-09,7.78608150943838e-09
"IBPFAHIO_02309",1958.96478210551,-0.734717018901553,0.0646495013722721,-11.3646200404675,6.27368477093642e-30,1.77922889427884e-29
"IBPFAHIO_02310",9711.28229116779,5.65540519119714,0.0921568662874139,61.3671603541658,0,0
"IBPFAHIO_02311",1355.13152836634,2.34744931345947,0.0797826493094863,29.4230554359437,2.78528544344542e-190,2.93435705872841e-189
"IBPFAHIO_02312",420.467963721447,2.27386515353033,0.110959809961557,20.4926914917944,2.50173496018428e-93,1.45061841102158e-92
"IBPFAHIO_02313",91369.3131395093,3.8928061151815,0.0677686867880107,57.4425490545317,0,0
"IBPFAHIO_02314",1925.05908823059,0.222931850114018,0.0668118116171867,3.3367131457437,0.000847753964297508,0.00125072971458488
"IBPFAHIO_02315",1998.11920371402,-0.141674248454786,0.0693988606057793,-2.04144919985888,0.0412061983740984,0.0537440913405851
"IBPFAHIO_02316",27.6788808671687,1.73048765615761,0.363491778260784,4.76073396883296,1.9289017193072e-06,3.25508964702039e-06
"IBPFAHIO_02317",113.813633917057,0.028584059049629,0.172352397750152,0.165846599309082,0.868277672943293,0.890602261723118
"IBPFAHIO_02318",16.4679837246695,3.80708962309386,0.675240743627986,5.63812189803421,1.71914801140878e-08,3.10797030219642e-08
"IBPFAHIO_02319",23.2491810693093,2.61416993704139,0.460575217277493,5.67588059230371,1.37977003880019e-08,2.49895396857758e-08
"IBPFAHIO_02320",12.2641109894317,1.43836579242308,0.559370146518955,2.57140249863931,0.0101287531749883,0.0139784268909433
"IBPFAHIO_02321",11.9242339092965,-0.203619660573839,0.526467007683893,-0.386766231505429,0.698929278735311,0.739984572532219
"IBPFAHIO_02322",30.8474172553497,-1.29847586092368,0.363601443409791,-3.57115155744927,0.0003554151501154,0.000537071782396605
"IBPFAHIO_02323",50.6247407970025,-0.644567946176393,0.274346754651854,-2.34946444689805,0.0188004394649111,0.0253154432398803
"IBPFAHIO_02324",2554.4551992483,-0.271540603987198,0.061345272898014,-4.42643077712985,9.58051076177191e-06,1.5793326831527e-05
"IBPFAHIO_02325",4.86890532985005,1.30555271466311,0.852003665780468,1.53233227402511,0.125440460755488,0.154642710581137
"IBPFAHIO_02326",2952.8101128017,-0.000844887667920329,0.0745217556825146,-0.0113374632707234,0.990954206886172,0.991617052509507
"IBPFAHIO_02327",572.005835343506,-0.28692662413788,0.090749683411156,-3.16173691579631,0.0015683118427412,0.00227896504782986
"IBPFAHIO_02328",53.4171146595186,-3.2279654513784,0.337984151235401,-9.55064147114453,1.28895687674127e-21,3.21916442004163e-21
"IBPFAHIO_02329",7955.62387903753,-0.379663065420052,0.0565360695060491,-6.71541316432388,1.87534080671771e-11,3.71344784493673e-11
"IBPFAHIO_02330",4808.2736731353,-0.458001455229882,0.0695439297985644,-6.58578622974706,4.52484468083862e-11,8.83126894003206e-11
"IBPFAHIO_02331",9588.04069507129,2.87513023868681,0.0820668481906126,35.0340034018229,6.83303732237932e-269,1.04308406472239e-267
"IBPFAHIO_02332",19.735438238843,-0.347822919382967,0.395400603512386,-0.879672201542484,0.37903691274926,0.430272687239656
"IBPFAHIO_02333",20.7619688344655,-0.915090394469607,0.425140887327504,-2.15244033624241,0.0313626896783535,0.0413744124857291
"IBPFAHIO_02334",13453.7946433756,0.418826294508211,0.0581099165530713,7.20748401222879,5.6995129189463e-13,1.18095170730522e-12
"IBPFAHIO_02335",83.9224864411046,-0.089818023098468,0.20151102383615,-0.44572262791687,0.6557976172681,0.700766596737912
"IBPFAHIO_02336",1244.70793360419,0.234402498335886,0.0850391010031306,2.7564084705841,0.00584399660723644,0.00822061017811539
"IBPFAHIO_02337",1195.08305008048,0.292371762617632,0.0822201623742533,3.55596187327874,0.000376598694755337,0.000567363189681756
"IBPFAHIO_02338",1751.38392617897,0.341262397348265,0.0716667170725303,4.7617975440802,1.91876128800117e-06,3.23980461269724e-06
"IBPFAHIO_02339",3649.65795673232,-0.459531938565391,0.0569978691801227,-8.0622652245682,7.48934884283021e-16,1.66603209946082e-15
"IBPFAHIO_02340",5609.04058076424,0.250602702372315,0.0570541612057547,4.39236502782969,1.12124238656234e-05,1.84124984664902e-05
"IBPFAHIO_02341",86.1760313783483,-1.98553649764323,0.233049986844903,-8.51978807003592,1.59845547963743e-17,3.69026141595309e-17
"IBPFAHIO_02342",57.7031751160306,-2.32809878061207,0.279989975596596,-8.31493618888111,9.18016507568492e-17,2.08399498531482e-16
"IBPFAHIO_02343",1132.28676795447,-1.75834778168431,0.0812456381970614,-21.6423653097467,7.17278340468236e-104,4.55646877851584e-103
"IBPFAHIO_02344",3087.08946349871,2.46871876663469,0.0845100975640907,29.2121159221531,1.36071557397737e-187,1.39905876197261e-186
"IBPFAHIO_02345",293.16992881369,0.54782784160441,0.123126192582491,4.44932008465527,8.61425556453135e-06,1.42318347040739e-05
"IBPFAHIO_02346",730.688396368622,-0.913376488848678,0.0895191233039394,-10.2031438103738,1.91956357012778e-24,5.04243564690283e-24
"IBPFAHIO_02347",87.6477294070134,1.64825769844549,0.229765342035923,7.17365675710913,7.302055349195e-13,1.50674135205458e-12
"IBPFAHIO_02348",1076.23404950585,0.264251981341041,0.0789607278804818,3.34662544829911,0.000818016568540127,0.00120745218207798
"IBPFAHIO_02349",2119.02672356919,-0.457304727403135,0.0652426908617944,-7.009286731779,2.39536109816085e-12,4.87545605829746e-12
"IBPFAHIO_02350",2698.26398847774,0.141538000736648,0.0598748774798926,2.363896289962,0.0180838741829219,0.0243834842520515
"IBPFAHIO_02351",862.224943731189,-0.101132205900706,0.0794392285072067,-1.27307638557355,0.202990937639087,0.242454644876705
"IBPFAHIO_02352",778.154365094088,1.37131606241264,0.0856451061149477,16.0116102906352,1.06029750446773e-57,4.48080527311788e-57
"IBPFAHIO_02353",800.336259356547,1.12298866534437,0.0822713779772278,13.6498098482707,2.024060226089e-42,6.93698533385829e-42
"IBPFAHIO_02354",5379.5239462463,-0.598118430707266,0.0790043591856422,-7.57070162801807,3.71213779469692e-14,7.88829281373095e-14
"IBPFAHIO_02355",1130.01823048442,0.282657619294594,0.0760555962493357,3.71646050039431,0.000202033209049774,0.000309832578922052
"IBPFAHIO_02356",675.862943739789,-0.651554328460417,0.0888964106743515,-7.3293659835965,2.31244090999988e-13,4.82484184290072e-13
"IBPFAHIO_02357",6196.47339478799,2.48295929381123,0.0621058713186992,39.9794615402755,0,0
"IBPFAHIO_02359",1.47035367202067,1.15415652336796,1.68066379452408,0.686726594056717,0.492255035070884,0.542278006234199
"IBPFAHIO_02360",1.90376995798993,3.39116802585972,1.59305571512982,2.12871903578299,0.0332775129463672,0.0437461857361734
"IBPFAHIO_02361",479.262863505991,2.83229661719528,0.11901662749713,23.7974867609451,3.54599631724909e-125,2.59403935970887e-124
"IBPFAHIO_02362",122.202181096436,1.29177504343176,0.176078936525877,7.33634055792875,2.19513037481246e-13,4.58327291098317e-13
"IBPFAHIO_02365",376.308709055345,2.1244968968081,0.118099138690348,17.989097298825,2.37190164540076e-72,1.16149422635664e-71
"IBPFAHIO_02366",6727.15752052411,2.68487196789988,0.0619420393686159,43.3449075178533,0,0
"IBPFAHIO_02367",501.508974371187,1.02259603417558,0.0996627468398836,10.2605644195063,1.06084845799035e-24,2.80393868048332e-24
"IBPFAHIO_02368",1037.97379764198,0.368164660266873,0.076342708508507,4.82252552286441,1.41751884759376e-06,2.40159478595727e-06
"IBPFAHIO_02369",1291.95738248217,-1.14723686771924,0.0785462976930994,-14.6058681492766,2.57678809355738e-48,9.57732916263811e-48
"IBPFAHIO_02370",1367.21867996051,1.40869649812101,0.0741012793001222,19.0104207569152,1.39826468598734e-80,7.35256228554325e-80
"IBPFAHIO_02371",1461.00693681168,1.39254019331273,0.0837624024141594,16.6248836372598,4.60259322205505e-62,2.02514101770422e-61
"IBPFAHIO_02372",1222.56184467679,0.991903942841674,0.0736372618354551,13.4701361527825,2.3443331704066e-41,7.90782958946625e-41
"IBPFAHIO_02373",25394.0431230901,-0.465114455833406,0.0532016000638889,-8.74248998667067,2.28028096383885e-18,5.34267865607349e-18
"IBPFAHIO_02374",1703.97397450247,-1.35592319421899,0.0702013879386563,-19.3147633406312,4.03577102135119e-83,2.17176742731705e-82
"IBPFAHIO_02375",515.597657533537,-0.81740109978442,0.0977536784724074,-8.36184492039494,6.17449744286271e-17,1.40380671345328e-16
"IBPFAHIO_02376",2356.61721891587,-0.469250288082456,0.0713190022227309,-6.57959693009973,4.71725303467487e-11,9.18283739736318e-11
"IBPFAHIO_02377",409.393626481223,2.47152480487994,0.12188436929447,20.2776190186355,2.02708826099038e-91,1.15966502426065e-90
"IBPFAHIO_02378",13582.2065908836,-0.892602657130581,0.056129570743108,-15.9025384536756,6.08483516319994e-57,2.54626948367751e-56
"IBPFAHIO_02379",2452.05571396754,0.142516885548696,0.0703339486466365,2.02628870255405,0.0427352082918246,0.0556413155827412
"IBPFAHIO_02380",1196.94846097083,0.696012447335914,0.0763316338450376,9.11827000518425,7.63330442799241e-20,1.8359201646747e-19
"IBPFAHIO_02381",205.863880903975,-1.66989477565623,0.14363501045999,-11.6259592303325,3.04157560823818e-31,8.75037905754675e-31
"IBPFAHIO_02382",31656.8989820663,-0.187127128744078,0.0549377071196316,-3.40616925159605,0.000658813229791035,0.000978733457564437
"IBPFAHIO_02383",10420.075113333,-0.286877064016886,0.0555082859572064,-5.16818451641708,2.36378883229158e-07,4.11667996869406e-07
"IBPFAHIO_02384",1769.28549480549,-0.694976919281149,0.0918251356920604,-7.56848235554788,3.7760959769572e-14,8.01850898726469e-14
"IBPFAHIO_02385",1621.95174406131,-0.189329974929064,0.0714743211094917,-2.64892302564202,0.00807487209147785,0.0112319931649008
"IBPFAHIO_02386",2504.26487707181,-0.225854756834506,0.0632583333860531,-3.57035578942871,0.000356496679105073,0.000538434156427248
"IBPFAHIO_02387",651.86321669372,0.722670655433717,0.092558268147384,7.80773743824788,5.82237194567589e-15,1.26787022281385e-14
"IBPFAHIO_02388",629.555374406436,0.371700955764817,0.0959977038616646,3.87197756625979,0.00010795589041028,0.000168143687718667
"IBPFAHIO_02389",2950.25114563578,-0.979042063154765,0.0618076745428484,-15.8401374974242,1.64460836062039e-56,6.82478254504327e-56
"IBPFAHIO_02390",974.74618495826,-0.75695732278361,0.0846459363337871,-8.94263039159583,3.80015033018767e-19,9.03101651145473e-19
"IBPFAHIO_02391",833.694170460106,-0.24709466173943,0.0833842420594633,-2.9633256312772,0.00304334431857107,0.00434431593567015
"IBPFAHIO_02392",1225.95170109376,0.245056912255239,0.0725116403125646,3.37955273386329,0.000726038774825849,0.00107380524680126
"IBPFAHIO_02393",2150.40377272969,0.883318443892886,0.0673925653973242,13.1070606777637,3.00001677874238e-39,9.84216030920745e-39
"IBPFAHIO_02394",16.0061444987694,0.707106450547655,0.470274397433817,1.50360396910012,0.13268336856117,0.162811526598195
"IBPFAHIO_02395",215.02907563414,2.40728843640561,0.159217178804086,15.1195270164141,1.20404303382102e-51,4.69075098592774e-51
"IBPFAHIO_02396",563.849947829857,1.16363673706619,0.0934767457053565,12.4484087275999,1.42661136272185e-35,4.42782281873836e-35
"IBPFAHIO_02397",68.0095558277727,0.273272314434518,0.219362980321368,1.24575401936176,0.21285471498404,0.253426704031933
"IBPFAHIO_02398",21.8246480197693,0.789962715402233,0.41034409171383,1.92512267473598,0.0542140128625175,0.0699777077155532
"IBPFAHIO_02399",17.0983353233857,-0.263231601575901,0.447418453662325,-0.588334252691701,0.55630795891069,0.604603491849177
"IBPFAHIO_02400",19.357916891218,-0.559745638819464,0.40392744342251,-1.38575788284325,0.165820846906487,0.200864766779032
"IBPFAHIO_02401",99.4100035217906,0.311247326180123,0.194221332462205,1.60253934124713,0.109036395146199,0.135255760479862
"IBPFAHIO_02402",106.070785639381,0.412886688680488,0.180985505430095,2.28132461601995,0.0225292451377061,0.0300792063596683
"IBPFAHIO_02403",180.992237574087,0.693015586617011,0.147011844666271,4.71401190965404,2.42886457435503e-06,4.08726817011826e-06
"IBPFAHIO_02404",3777.82869726072,0.718965479920552,0.0612471619276969,11.7387558425858,8.06643496593878e-32,2.33864083508613e-31
"IBPFAHIO_02405",3338.32447949558,0.190129225905015,0.0621139221945614,3.06097601290525,0.00220616767999844,0.00317569027483697
"IBPFAHIO_02406",222.474429450645,2.28094940884906,0.154149339089669,14.7970106282599,1.53138882353058e-49,5.79989286076394e-49
"IBPFAHIO_02407",67.4986082105984,-0.269840765418542,0.223394342223071,-1.20791226283203,0.227081012172786,0.268654167030832
"IBPFAHIO_02408",96.1538545451617,-0.423243264118439,0.194486028409898,-2.17621423800384,0.029539244768032,0.0390377298347843
"IBPFAHIO_02409",11.0772986111749,-1.19810981357737,0.575073215870775,-2.08340395711734,0.0372144178804245,0.0487929615680238
"IBPFAHIO_02410",161.708950836594,-0.0900997699093135,0.152765981457213,-0.589789487488408,0.555331791415873,0.603761889504466
"IBPFAHIO_02411",371.321631727518,0.163262556305253,0.108470229293121,1.50513700735402,0.132288856260462,0.162482864503818
"IBPFAHIO_02412",285.613208805932,0.898649376611947,0.125448667408472,7.16348284263448,7.86527106889053e-13,1.62072252328653e-12
"IBPFAHIO_02413",660.159519255651,0.732664986663768,0.0861260880183824,8.50688802337557,1.78663932039627e-17,4.11518463943466e-17
"IBPFAHIO_02415",2008.96794635085,-1.51854965617009,0.0674136764875251,-22.5258394926895,2.31727610372432e-112,1.56507677253796e-111
"IBPFAHIO_02416",4499.73312327368,1.52922411776565,0.0671472827520873,22.7741772278658,8.26784582630791e-115,5.66073105544926e-114
"IBPFAHIO_02417",8124.67162786608,1.53367295084272,0.0725759414890667,21.1319745824278,4.04282523180242e-99,2.47871579785919e-98
"IBPFAHIO_02418",12486.8159185997,1.58991992938214,0.0663674205652297,23.9563315229266,7.93781355126775e-127,5.87869756074087e-126
"IBPFAHIO_02419",1789.1071613916,0.616541290638423,0.0665316305562976,9.26688983094619,1.91652820136507e-20,4.67339232150308e-20
"IBPFAHIO_02420",797.076823114902,-0.00822519546309784,0.0827593252549455,-0.099386932382056,0.920831057840731,0.93584460769683
"IBPFAHIO_02421",5.91434459239945,-1.23502401139214,0.781239808246972,-1.58085135748959,0.113912028532467,0.141069863149479
"IBPFAHIO_02422",8.30378951315968,-0.812324996922041,0.617023222599783,-1.31652256701031,0.187998709147663,0.225900456935666
"IBPFAHIO_02423",0.962819271520559,-0.886359518253054,1.94895598334981,-0.45478683245047,0.649262604205278,0.694527605213512
"IBPFAHIO_02424",8.51757473467913,-0.350460865538905,0.651986360891076,-0.537527909418116,0.590903011789258,0.636881055934243
"IBPFAHIO_02425",2.86492832017373,-2.1306615158603,1.18851199904925,-1.79271350862652,0.0730187453889389,0.0927813058594363
"IBPFAHIO_02426",8.34353323671935,-1.54384165862318,0.662898852106954,-2.32892492378926,0.0198630433048141,0.026638379904977
"IBPFAHIO_02427",42.4369678318188,-0.883176123167417,0.297811124152387,-2.96555787054988,0.00302134495914838,0.00431497093927062
"IBPFAHIO_02428",141.443123972747,-0.3340210520861,0.156885675533132,-2.12907297591717,0.0332482232044278,0.043726893990175
"IBPFAHIO_02429",43.2090866246099,-0.947610597249442,0.280126898204867,-3.38279045433338,0.000717533578303911,0.00106175097244575
"IBPFAHIO_02430",38.3234188931861,-0.378682522635463,0.290273133999691,-1.30457310126354,0.192038252579013,0.230291964615794
"IBPFAHIO_02431",1.91205692764293,-2.15761678007443,1.45981976930967,-1.47800216535958,0.139407198661057,0.170665441241359
"IBPFAHIO_02432",12.4566346095565,-1.89510977223929,0.579973951176869,-3.26757739445673,0.00108472203764788,0.00159014617179934
"IBPFAHIO_02433",2.88529176330951,-0.800448980391029,1.15529874585682,-0.692850211481342,0.488403557680722,0.538233312921076
"IBPFAHIO_02434",33.0522189489057,-1.18437341191132,0.322736007148949,-3.6697901246721,0.000242749689168569,0.000371322632920428
"IBPFAHIO_02435",195.149526095875,-1.26438962813772,0.142380986286806,-8.88032637722277,6.66644710166368e-19,1.57800709874824e-18
"IBPFAHIO_02436",71.9597019113941,-1.34992218487381,0.235925108324858,-5.72182500819299,1.0538582453919e-08,1.91447715252736e-08
"IBPFAHIO_02437",4.60228268820804,-0.45559406983123,0.821603696460331,-0.554518038068768,0.579224364347162,0.626098012329013
"IBPFAHIO_02438",2319.4526334221,-0.422348635382288,0.0623884474401868,-6.76966093421707,1.29084554209703e-11,2.56795868481004e-11
"IBPFAHIO_02439",216.763427798847,0.613615700041158,0.134487186299945,4.56263319148205,5.05160265584967e-06,8.410904366334e-06
"IBPFAHIO_02440",484.364352683075,1.17180337186299,0.10897924282318,10.7525372860615,5.7653485938724e-27,1.57533543313847e-26
"IBPFAHIO_02441",38.1164605523008,0.220484759526059,0.286329941571692,0.770037385247932,0.441277716467594,0.492834239518866
"IBPFAHIO_02442",40.8762712843048,0.358404736702313,0.296399849703326,1.20919338205147,0.226588559637168,0.268177599064243
"IBPFAHIO_02443",305.335975516424,1.18501444698125,0.120055133752539,9.87058537141638,5.58377923066443e-23,1.4315910418293e-22
"IBPFAHIO_02444",216.558936832374,0.852178860161177,0.172611433751522,4.93697805319146,7.93423957848677e-07,1.3557535590424e-06
"IBPFAHIO_02445",9.5069017095721,1.50247547829323,0.601983439940147,2.49587509989081,0.0125646833864592,0.0172052781200393
"IBPFAHIO_02446",10.3665226650639,-0.69433851420726,0.565513156949623,-1.22780258191077,0.219521086215166,0.260844753755273
"IBPFAHIO_02447",6.65190926967147,-0.768448076212355,0.7003673270892,-1.09720720326304,0.272550825024133,0.318170920199846
"IBPFAHIO_02448",220.412495404961,-0.329155639499425,0.132269438936086,-2.48852374476675,0.0128274671092046,0.0175170157876495
"IBPFAHIO_02449",486.38060437425,0.640510368028307,0.0956096537064723,6.69922275834943,2.09530984118058e-11,4.13806405598171e-11
"IBPFAHIO_02450",338.859096915117,0.209869466156315,0.108117576129423,1.94112255999052,0.0522434132577544,0.0674923542604496
"IBPFAHIO_02451",373.934803292557,-0.279114614949839,0.112605171241705,-2.47870157180191,0.0131861580616297,0.0179740250206816
"IBPFAHIO_02452",380.035019830087,0.278911439586953,0.107961848354963,2.58342594015185,0.00978244671999971,0.0135192058135054
"IBPFAHIO_02453",593.446268037863,-0.733585153054069,0.0912926987673524,-8.03552926969018,9.31758134761013e-16,2.06965132828875e-15
"IBPFAHIO_02454",114.393106867394,0.0880538613550961,0.173712374440957,0.506894581566062,0.61222878774039,0.657026016111639
"IBPFAHIO_02455",571.252511908581,-0.169158292292314,0.0904469872683708,-1.87024794745671,0.0614493942143481,0.0788069384866394
"IBPFAHIO_02456",894.254004185527,-1.14353108214126,0.0886862485713363,-12.8941194442501,4.85780087747958e-38,1.55782853434286e-37
"IBPFAHIO_02457",574.076604853563,-0.379280533666901,0.09106972838729,-4.16472674711343,3.11725685918882e-05,5.02252693736831e-05
"IBPFAHIO_02458",11686.1151149863,-0.058320975602109,0.0599199419533389,-0.973314954936454,0.330396792009065,0.379044172427578
"IBPFAHIO_02459",1972.35885177324,0.106656563343243,0.0629195158011975,1.69512689322401,0.0900513515443535,0.113112360965871
"IBPFAHIO_02460",2201.67841730053,0.25117140828539,0.0659757513470427,3.807026114249,0.000140647898719493,0.000217971173376532
"IBPFAHIO_02461",2367.86300989599,0.630776729946935,0.0653052174222481,9.65890253252633,4.50665836526992e-22,1.13596645567714e-21
"IBPFAHIO_02462",4694.93383024845,1.14914997734706,0.0554492032814323,20.7243731080238,2.08829256512758e-95,1.24218118386913e-94
"IBPFAHIO_02463",1941.76834362276,0.0772783953356403,0.066044242162342,1.17010041762132,0.241960560445235,0.284569967316094
"IBPFAHIO_02464",1395.60033076798,0.584491703888092,0.0749544000473915,7.79796387561684,6.29140124515481e-15,1.36801399167901e-14
"IBPFAHIO_02465",1524.48446915843,-0.0736984897431616,0.0785565505966883,-0.938158424515505,0.348163000720199,0.398204777582123
"IBPFAHIO_02466",7318.30786185292,0.052015346945283,0.0595639616478808,0.873268760274505,0.382516603911453,0.433026741923219
"IBPFAHIO_02467",802.875362700468,0.273574182010529,0.0871997634976692,3.13732711004247,0.00170495793678564,0.00247272619818839
"IBPFAHIO_02468",1825.02424447435,0.201637689237711,0.0670267338587372,3.00831739261941,0.00262698622113351,0.00376434040882733
"IBPFAHIO_02469",5046.11088985388,0.5155397584641,0.0690681545892502,7.46421793849895,8.37958085277382e-14,1.77185200787981e-13
"IBPFAHIO_02470",1369.46502764308,0.35040010143999,0.0724944624316837,4.83347402941563,1.34170789551264e-06,2.27573130576747e-06
"IBPFAHIO_02471",9957.05196450289,0.0750569580844981,0.0624125504033092,1.20259399110405,0.229133474111207,0.270868176428578
"IBPFAHIO_02472",11978.5262786766,0.412350504045901,0.0686029730104926,6.01067979929723,1.84746983616e-09,3.42480157979598e-09
"IBPFAHIO_02473",6315.15930647226,0.568723228054624,0.0657224851616879,8.65340418359824,4.99856105487945e-18,1.16568158037407e-17
"IBPFAHIO_02474",5526.3175287216,0.192480898012914,0.0772551843028605,2.491494904191,0.0127206791822913,0.017402959356843
"IBPFAHIO_02475",122.700473341332,-1.24049819368693,0.177454175169663,-6.99052694872291,2.73855684839189e-12,5.55886166240741e-12
"IBPFAHIO_02476",84.2425908292641,-2.1569331722802,0.230367512438944,-9.36300934730053,7.74973180525239e-21,1.90527506666517e-20
"IBPFAHIO_02477",139.771983385893,-0.750014981954251,0.160323537889252,-4.67813392736098,2.89497446483261e-06,4.86342706276203e-06
"IBPFAHIO_02478",3528.33177159203,1.69651397371925,0.0715280254994838,23.7181714701673,2.34180024318784e-124,1.70064716689758e-123
"IBPFAHIO_02479",333.973928735018,0.342574073860504,0.116183337759258,2.94856457446891,0.00319253434857023,0.00455293745039187
"IBPFAHIO_02480",1623.68925235034,-0.587195846824132,0.0753202328089265,-7.79599086362013,6.39050110200963e-15,1.38855332586876e-14
"IBPFAHIO_02481",1577.51137882962,0.0445877484804185,0.0677450371654531,0.658169961166635,0.510428924641461,0.559210304843373
"IBPFAHIO_02482",281.422656296099,-0.97665069186157,0.121961729276047,-8.0078455566256,1.16735373987878e-15,2.58911963655843e-15
"IBPFAHIO_02483",501.116886714446,-0.054077138336617,0.0990714224252741,-0.545839930555205,0.585175972604651,0.631163125462551
"IBPFAHIO_02484",12807.9370313304,-1.15508460130846,0.0657317772042159,-17.5726969578174,3.98756971937455e-69,1.89377914291566e-68
"IBPFAHIO_02485",121.303939989444,0.870477550478245,0.169361647821103,5.13975602904935,2.75095418613521e-07,4.7742777986755e-07
"IBPFAHIO_02486",332.522773657637,0.613969219562128,0.115535540917147,5.31411559324781,1.07176571406902e-07,1.89298879368034e-07
"IBPFAHIO_02487",470.436527848475,0.62058741801613,0.0977790667937737,6.34683310411434,2.19792345255389e-10,4.21820844774935e-10
"IBPFAHIO_02489",1698.63976941198,2.14374355665107,0.0745998600915064,28.7365626962503,1.33337735851562e-181,1.31232403180221e-180
"IBPFAHIO_02490",4483.14868406863,-1.64153776460593,0.0714077608156145,-22.9882262916019,6.11365564622223e-117,4.25396690546439e-116
"IBPFAHIO_02491",107267.474214882,-1.30707539040667,0.0707711477739114,-18.4690432686257,3.66522465249847e-76,1.87139115363062e-75
"IBPFAHIO_02492",48901.1557359186,-0.682790206976932,0.0525814660579919,-12.985377893874,1.48105352455118e-38,4.79579236521333e-38
"IBPFAHIO_02493",42050.5168579634,-1.42829615236122,0.0643164523593883,-22.2073217655129,2.91822104901456e-109,1.93170738465743e-108
"IBPFAHIO_02494",75931.690552724,-0.928687188617678,0.0501908651710648,-18.5031117804494,1.94889818994154e-76,9.96769809282921e-76
"IBPFAHIO_02495",0.672051753288962,1.64458839811807,2.24067159541926,0.733971190369976,0.462966296807599,0.513991104507322
"IBPFAHIO_02496",0.329106296880817,0.188154045172823,3.04171800965864,0.0618578200133479,0.95067605788939,0.959019221481856
"IBPFAHIO_02497",3.96994747167588,-0.0678476924093251,0.879874789736434,-0.0771106221030027,0.938535542946193,0.950930695731463
"IBPFAHIO_02498",1788.93313280825,1.0068580505478,0.0673708069696656,14.9450198956523,1.67841041622381e-50,6.42174420120413e-50
"IBPFAHIO_02499",2235.44982348296,-0.591358069150996,0.0956332529356414,-6.18360299370935,6.26548225885033e-10,1.18124277999245e-09
"IBPFAHIO_02500",6864.35242013906,-0.53968247097928,0.0838187127755845,-6.43868717507296,1.20511284054484e-10,2.32926202771974e-10
"IBPFAHIO_02501",1219.13376765339,0.711698597167392,0.075255518423536,9.45709513503012,3.16616663304747e-21,7.85503363688061e-21
"IBPFAHIO_02502",1220.07996802501,1.13283653946768,0.0843130751424165,13.4360718969645,3.71647565125126e-41,1.24940394927458e-40
"IBPFAHIO_02503",1974.53950864273,0.556737482833414,0.0838839246589672,6.63699850831788,3.20134886731755e-11,6.2809415154191e-11
"IBPFAHIO_02504",919.005961301023,0.672715939486632,0.0800926322260396,8.39922375866077,4.49439678447376e-17,1.02338167268992e-16
"IBPFAHIO_02505",8146.36106969719,0.589561485813435,0.0626180820837432,9.41519551852414,4.72202740962538e-21,1.16570181597353e-20
"IBPFAHIO_02506",1183.53520265837,0.312626353501543,0.0783920172763072,3.98798709822243,6.66362866329683e-05,0.000105267037806674
"IBPFAHIO_02507",5168.73672946675,-0.108013363809601,0.0577015465677311,-1.87193186724749,0.0612160301398291,0.0785413216888373
"IBPFAHIO_02508",1603.38811519288,-0.18830972952505,0.0682284213309533,-2.75998954470341,0.00578032113973041,0.00813486399344939
"IBPFAHIO_02509",3993.85251964482,-0.367625453947006,0.0690397020392432,-5.32484125928067,1.01041239090246e-07,1.78779058165591e-07
"IBPFAHIO_02510",2801.97547652582,-0.203062259206935,0.0764059241442688,-2.65767689457581,0.00786812864433526,0.0109597024692044
"IBPFAHIO_02511",17585.7313098734,-0.00273603733582005,0.0541760046938569,-0.0505027521184169,0.959721756331855,0.965205880653752
"IBPFAHIO_02512",10734.9725922521,-0.391011270287453,0.0679814553939156,-5.75173432257011,8.83325392316978e-09,1.60956734093325e-08
"IBPFAHIO_02513",14860.4873060036,-0.0998800943234788,0.058587911800499,-1.70479013936503,0.0882335712232933,0.110922203823569
"IBPFAHIO_02514",6953.29576599695,0.293478425744553,0.0720719576439952,4.07201962230874,4.66072519008353e-05,7.42934990342564e-05
"IBPFAHIO_02515",1381.27882443333,0.493983376910542,0.0801336216105343,6.16449583810653,7.07080567604494e-10,1.32888508685468e-09
"IBPFAHIO_02516",15543.8160476812,0.148765464846499,0.0569844685465485,2.61063178513244,0.00903751433403733,0.0125186309664073
"IBPFAHIO_02517",759.474168622082,0.318939480421172,0.100547021800976,3.17204303726155,0.00151370572843919,0.00220282467874029
"IBPFAHIO_02518",481.960539106343,0.478492001767312,0.100412839552001,4.76524719251184,1.88622260571083e-06,3.18846216739367e-06
"IBPFAHIO_02519",396.538013944196,0.526500956841092,0.112740508641507,4.67002467156917,3.01163563783263e-06,5.04807497389088e-06
"IBPFAHIO_02520",157.103190206749,0.282441789920567,0.152838074303439,1.84798055856042,0.0646051553558921,0.0826769139541614
"IBPFAHIO_02521",353.394724075571,-1.61655024260564,0.123677577088233,-13.0706816923845,4.84295746647627e-39,1.58016671098114e-38
"IBPFAHIO_02524",3394.27440266468,2.4705593992695,0.0882337520709062,28.000162537394,1.6173868858662e-172,1.50754565810333e-171
"IBPFAHIO_02525",849.212236844207,0.550674786615203,0.0797545905309699,6.90461555816486,5.03395655118675e-12,1.01356648729144e-11
"IBPFAHIO_02526",573.546932578771,0.53834076083799,0.0956947356850017,5.62560476273267,1.84859172728395e-08,3.33392793733187e-08
"IBPFAHIO_02527",138.179355412446,0.0808856788529626,0.156879182921741,0.515592173203199,0.606139277928938,0.651425545820181
"IBPFAHIO_02528",463.30462673817,0.556244013390188,0.10483465148575,5.30591751397961,1.12107648071169e-07,1.97774813106686e-07
"IBPFAHIO_02529",58.3479388886336,-1.25280118413726,0.248290147771464,-5.04571444087417,4.51829810160472e-07,7.8007777957307e-07
"IBPFAHIO_02530",69.2379209574737,-1.25329218100678,0.232559801754016,-5.38911785938145,7.08043625745724e-08,1.25799675073112e-07
"IBPFAHIO_02531",24506.3593094453,2.46772015760804,0.0588945171598187,41.900677289051,0,0
"IBPFAHIO_02532",16941.6534930265,0.596054380576438,0.0562593443611932,10.5947622985025,3.15140590081162e-26,8.50993362385231e-26
"IBPFAHIO_02533",2624.3049221757,-0.265862017137237,0.0728270506275677,-3.65059431689519,0.00026163421058837,0.00039837636543532
"IBPFAHIO_02534",3997.52794268991,0.609134028759012,0.0652482138329386,9.33564296976217,1.00380120179776e-20,2.46380081688178e-20
"IBPFAHIO_02535",4663.34377408368,1.05935374451615,0.0684343820675232,15.4798467160981,4.7460230659076e-54,1.91376024436597e-53
"IBPFAHIO_02536",1432.1255863854,0.521997976680478,0.0671943969849344,7.76847475538049,7.9436833378623e-15,1.7210355211357e-14
"IBPFAHIO_02537",1245.97670521321,0.514253803515795,0.0803954252926708,6.39655554583746,1.58921038156298e-10,3.05979244635549e-10
"IBPFAHIO_02538",2162.13856595167,1.24962044923558,0.0639620476048903,19.5369050245984,5.33188246674272e-85,2.90582738442517e-84
"IBPFAHIO_02539",1477.05879289264,1.48864798833412,0.0789406002315446,18.8578245410814,2.53435039534454e-79,1.32104118168482e-78
"IBPFAHIO_02540",3199.47030249445,1.16641094888758,0.0603551293589876,19.3257965192959,3.25914606839152e-83,1.76017419433708e-82
"IBPFAHIO_02541",2620.54716247994,0.935808783665551,0.0643390871550892,14.5449496572711,6.28770866251149e-48,2.32544181931204e-47
"IBPFAHIO_02542",3861.52503362095,0.973960196326722,0.0743239148962906,13.1042639194364,3.11267422767167e-39,1.01894106008683e-38
"IBPFAHIO_02543",214.808577842197,-0.117867059396709,0.131433008454676,-0.896784306944893,0.36983402346142,0.421059131733854
"IBPFAHIO_02544",75.4218815966779,-0.877074176432018,0.223358119210487,-3.92676200682675,8.609709662921e-05,0.000135082597333296
"IBPFAHIO_02545",9138.10492551741,0.519178902154038,0.0564167024019275,9.20257441591092,3.49474699681792e-20,8.4941372985209e-20
"IBPFAHIO_02546",1865.451579258,0.605926957018624,0.0707877723867502,8.55976868021968,1.13094206383884e-17,2.62308422868668e-17
"IBPFAHIO_02547",198.587075763809,0.702383273560196,0.136150439962623,5.15887626770078,2.48436418013683e-07,4.32163815521477e-07
"IBPFAHIO_02548",0.798230327428595,-3.01602698473542,2.06533571376945,-1.46030834823984,0.144205348709694,0.176179013205147
"IBPFAHIO_02549",2192.16627608428,0.450510814111987,0.0837843094514128,5.3770308195145,7.57242154582757e-08,1.34381288642444e-07
"IBPFAHIO_02550",1319.02398014383,0.265537253482661,0.0713672301995321,3.72071681555048,0.000198658103476173,0.000304969238379019
"IBPFAHIO_02551",5479.32051946553,0.824315948677427,0.0579703722246518,14.2196076554928,6.9240038666235e-46,2.48103228370509e-45
"IBPFAHIO_02552",6751.19652707447,0.875214803526057,0.0578860768974506,15.1196082103917,1.20255943341224e-51,4.69075098592774e-51
"IBPFAHIO_02553",1241.45956792012,1.36830330583593,0.0713868425042024,19.1674439971957,6.92276147258181e-82,3.69873255820799e-81
"IBPFAHIO_02554",11261.2697422766,1.78360740608253,0.0604004670845085,29.529695583099,1.19717054229412e-191,1.26570115284241e-190
"IBPFAHIO_02555",3999.20450735485,0.138899371367588,0.0599174549873631,2.31817875770728,0.0204396080041552,0.0273652479579755
"IBPFAHIO_02556",11562.3184183656,-0.349758944796552,0.0505712464350118,-6.91616223551107,4.640429487643e-12,9.3685324069014e-12
"IBPFAHIO_02557",13657.6099527023,1.18765898933403,0.0509402267735699,23.3147566188347,3.1410713619838e-120,2.21652960260744e-119
"IBPFAHIO_02558",1903.18956585558,-2.67309740720523,0.0747705148304113,-35.7506888011691,6.45470544291487e-280,1.02182426905827e-278
"IBPFAHIO_02559",0.660870814635216,-1.29305342827485,2.15033042817841,-0.601327782619077,0.547621688480803,0.596246030543873
"IBPFAHIO_02560",447.516343609725,-0.0395319912903776,0.10597024207948,-0.373048041739187,0.709112688414092,0.750500588516082
"IBPFAHIO_02561",3336.5362778226,-0.695608692453689,0.0826359147949603,-8.41775267061135,3.83774924616293e-17,8.76530209505304e-17
"IBPFAHIO_02562",1458.60641714982,-0.143289015036246,0.077348809555865,-1.85250446463247,0.0639534170481316,0.0818778878083054
"IBPFAHIO_02563",2129.46578114088,1.92935091769804,0.0664006338201968,29.056212368732,1.28440933885756e-185,1.30712678294619e-184
"IBPFAHIO_02564",2105.54719959018,1.86004819311775,0.0645188569744704,28.8295279913864,9.15077757209175e-183,9.09605531418555e-182
"IBPFAHIO_02565",33.4584970681242,1.233754909203,0.333119866746704,3.70363653555709,0.000212530708275899,0.00032576428235732
"IBPFAHIO_02566",106.404550112339,-0.210930540531654,0.18947241158,-1.11325199680901,0.265600216616512,0.310541558466825
"IBPFAHIO_02567",95.8809253082527,-0.260710210388916,0.194907187452817,-1.33761209012381,0.181022921214673,0.21833506097296
"IBPFAHIO_02568",557.607294319323,2.24963475085419,0.101588750559609,22.1445262242315,1.17792987946e-108,7.76292114393023e-108
"IBPFAHIO_02569",548.482693941304,1.33375571708471,0.0975177541125115,13.677055313906,1.39217280057985e-42,4.80436103729517e-42
"IBPFAHIO_02570",3589.67400939713,-0.266685804187543,0.0637437831343103,-4.18371472596201,2.86783952428511e-05,4.63564335854189e-05
"IBPFAHIO_02571",10373.1092308571,-0.477873166238362,0.0703467651416083,-6.79310790306281,1.09743233963084e-11,2.18609691090244e-11
"IBPFAHIO_02572",331.731553856533,-0.783216923597842,0.112626533875492,-6.95410660922658,3.548032319126e-12,7.19221727562668e-12
"IBPFAHIO_02573",579.444843753918,-0.0497122106267377,0.0910671971723905,-0.545884930801509,0.585145037434976,0.631163125462551
"IBPFAHIO_02574",395.163977319308,-1.29312947869889,0.11751922457933,-11.0035569357077,3.67350005030411e-28,1.02147882439683e-27
"IBPFAHIO_02575",45502.2171859237,-0.00354266920812391,0.061707688504581,-0.0574104993069205,0.954218199560614,0.960962925979589
"IBPFAHIO_02576",32340.1093694199,0.160495421696123,0.0638232361757034,2.51468636366674,0.0119138317105009,0.0163439635386606
"IBPFAHIO_02577",178.172409796558,-0.0417213820532115,0.144325949168784,-0.289077482555961,0.772522084643647,0.808149596583316
"IBPFAHIO_02578",2673.76060572476,0.519861333022077,0.072368523795052,7.18352822138981,6.79350045870556e-13,1.40373987378778e-12
"IBPFAHIO_02579",8675.67304301163,0.459054963467992,0.0619359202747514,7.41177270688152,1.24622215938041e-13,2.61479432038302e-13
"IBPFAHIO_02580",1527.99049314142,0.58202783695205,0.0665378386571517,8.74732105367976,2.18477441750102e-18,5.12693729973573e-18
"IBPFAHIO_02581",846.150559033867,0.30871237607613,0.0904598428497375,3.41270077805608,0.00064322525253962,0.000957001469715834
"IBPFAHIO_02582",5880.47984324089,0.108286210100735,0.0652006496499887,1.66081489497481,0.0967506287285644,0.120867591296812
"IBPFAHIO_02583",798.522178485681,-0.301760245031485,0.0841379842525044,-3.58649244704841,0.000335155767300905,0.000507226128358274
"IBPFAHIO_02584",1509.73320893333,-3.27416186701927,0.0822078566015438,-39.8278461739846,0,0
"IBPFAHIO_02585",7182.44253272568,-2.01228420270973,0.0596636958706164,-33.7271128337987,2.31555064495044e-249,3.29910834747225e-248
"IBPFAHIO_02586",783.750877283962,-1.48877163880007,0.0855146145021847,-17.4095579740003,6.98209239636395e-68,3.26923637713943e-67
"IBPFAHIO_02587",2215.98540962843,-1.04002356495347,0.0693587455351472,-14.9948439368247,7.93489830670932e-51,3.0476528541302e-50
"IBPFAHIO_02588",1475.89353492478,-0.843829952926849,0.0679295904051525,-12.4221263207093,1.98222066330796e-35,6.13319981863229e-35
"IBPFAHIO_02589",1074.75252306724,-0.665625540135348,0.0854258332950119,-7.79185305499636,6.60335036711606e-15,1.43272112388769e-14
"IBPFAHIO_02590",741.751946225344,-1.54894295228667,0.0899299221878788,-17.2238884967639,1.75771932986424e-66,8.07848884017483e-66
"IBPFAHIO_02591",1434.53359008269,-1.22161442286476,0.0715297103202359,-17.0784198257708,2.14859158109325e-65,9.71085500095319e-65
"IBPFAHIO_02592",836.501655489263,-0.927901666900502,0.101399469327301,-9.15095190395317,5.64340507101541e-20,1.36060177054618e-19
"IBPFAHIO_02593",716.735282731895,-0.853699614319089,0.0903423930762826,-9.44960151319269,3.40123051490246e-21,8.43121930454694e-21
"IBPFAHIO_02594",1968.95082555838,-0.741587048726363,0.0727602250509431,-10.1922038889674,2.14837702447867e-24,5.63360565928149e-24
"IBPFAHIO_02595",1119.03691146024,-0.851769498233921,0.0794980000082197,-10.7143512811121,8.71661874873657e-27,2.37307764296814e-26
"IBPFAHIO_02596",896.434534833085,-1.51009866346747,0.0909678806678745,-16.6003500618077,6.92856740477328e-62,3.03517916179819e-61
"IBPFAHIO_02597",409.443716125246,-1.85780960552114,0.115776487078533,-16.0465190506338,6.04613149103066e-58,2.56232654690704e-57
"IBPFAHIO_02598",759.355515711382,-1.52607953712808,0.0883134445313154,-17.2802628776069,6.62454075462864e-67,3.072965261682e-66
"IBPFAHIO_02599",470.300954122583,-1.27675842726499,0.10581608927043,-12.0658251128714,1.6005015751321e-33,4.78870071279526e-33
"IBPFAHIO_02600",760.993134315139,-1.14992870389111,0.0903560918256594,-12.7266317152127,4.2059547694856e-37,1.32885075715955e-36
"IBPFAHIO_02601",450.014056754466,-0.734885613864549,0.106973533968875,-6.86978906463326,6.42969051088694e-12,1.28852203674305e-11
"IBPFAHIO_02602",385.761083844533,-1.13317258606852,0.122035274538229,-9.2856150842971,1.60775842037994e-20,3.93328961061061e-20
"IBPFAHIO_02603",676.49000952017,-0.501244350938753,0.0869521343560167,-5.7646008881905,8.18513037947595e-09,1.49328720093854e-08
"IBPFAHIO_02604",13.1824054911079,-0.201501637153061,0.515786555736705,-0.390668649486712,0.696042174974771,0.737449783117746
"IBPFAHIO_02605",518.605868604519,-0.894030636588041,0.0984601657436521,-9.08012524492099,1.08449985880206e-19,2.60419227731603e-19
"IBPFAHIO_02606",1021.03835902954,-0.675986343539445,0.0938555734825245,-7.20241024008351,5.91573855485301e-13,1.22405876598342e-12
"IBPFAHIO_02607",26.5511153635849,1.95851658936904,0.388148724544618,5.04578906362967,4.51653479791398e-07,7.8007777957307e-07
"IBPFAHIO_02608",33.4618215934124,2.51414934701758,0.373652153991234,6.72858250691783,1.71323843007063e-11,3.39921046602872e-11
"IBPFAHIO_02609",22.9510335011492,0.838979680871267,0.378132572126683,2.21874480728465,0.0265040908120464,0.0351508154741325
"IBPFAHIO_02610",5.8907172496444,0.262119199053853,0.725364518346035,0.361362035809986,0.717828824286073,0.758269233436994
"IBPFAHIO_02611",17.6548909299518,-0.174220244521438,0.423753822497162,-0.411135511403215,0.680973172071633,0.723277149747364
"IBPFAHIO_02612",3396.31913813532,-2.05028487237446,0.0636476884599021,-32.2130296006922,1.15957589981093e-227,1.48259056090675e-226
"IBPFAHIO_02613",1553.3004626215,3.03890502845701,0.0905088639286797,33.5757725436886,3.78780168831088e-247,5.32070547015312e-246
"IBPFAHIO_02614",909.451875765826,0.698102787714268,0.103398863769368,6.75155182818443,1.46272115583201e-11,2.90408871814823e-11
"IBPFAHIO_02615",5567.65277726385,1.78914895376629,0.0584141178103139,30.6287079362582,5.07771829633428e-206,5.77662857134303e-205
"IBPFAHIO_02616",5193.9579327898,0.321760625120628,0.0561499220706542,5.73038417962099,1.00203426927972e-08,1.82143774828974e-08
"IBPFAHIO_02617",386.180504897452,-1.05795091461953,0.119599109738634,-8.84580927844296,9.0867340531819e-19,2.14243564122303e-18
"IBPFAHIO_02618",1405.050355675,0.545334112310427,0.0693120135421078,7.86781518010771,3.60888194175415e-15,7.88734460900541e-15
"IBPFAHIO_02619",4994.731058861,-1.08913396645787,0.0581646424136576,-18.7250178332074,3.09567819345851e-78,1.5941943467862e-77
"IBPFAHIO_02620",49.6670612351042,0.744312614698823,0.270302322179289,2.75363011570847,0.00589383369167453,0.00828681879957246
"IBPFAHIO_02621",6553.50810992227,2.71881265706309,0.0785904391670489,34.5946998881643,3.03538575896609e-262,4.51834536857042e-261
"IBPFAHIO_02622",36.7793099338137,-0.317314298901551,0.299688406554325,-1.05881406141092,0.289684468493553,0.336465811231642
"IBPFAHIO_02623",82.6516103675099,-0.00562038961794235,0.252948242940373,-0.0222195242497385,0.982272843335734,0.983917089809346
"IBPFAHIO_02624",11797.2461506237,-0.49300819012383,0.0776070831915993,-6.35261847049029,2.11680282185184e-10,4.06774183878016e-10
"IBPFAHIO_02625",2518.76351315482,-0.522399485985994,0.0616911075891719,-8.46798682015699,2.49670554021445e-17,5.74184702253776e-17
"IBPFAHIO_02626",1249.21009246628,-0.256765124049562,0.0999810529818122,-2.56813782603661,0.0102246493939407,0.0141042650929785
"IBPFAHIO_02627",5064.8646701497,-0.471557350363133,0.067918291181037,-6.94300963942381,3.83833219125958e-12,7.77015555903157e-12
"IBPFAHIO_02628",7110.05598899863,-0.479631839507378,0.0599812559327131,-7.99636206426601,1.28149185164481e-15,2.84016564453427e-15
"IBPFAHIO_02629",469.059984895845,0.371111488080302,0.0968988377703913,3.82988585435541,0.000128202713265139,0.000199160185923829
"IBPFAHIO_02630",331.050290621357,0.515816715161833,0.11158991449939,4.62243131447737,3.79268409059624e-06,6.33596359523392e-06
"IBPFAHIO_02631",111.859530757372,0.833946296897289,0.179129364807149,4.65555325222705,3.2311187647728e-06,5.40386100849649e-06
"IBPFAHIO_02632",1293.95301321348,0.740574285853371,0.0734315515463013,10.0852327134394,6.42128460899684e-24,1.67065074348857e-23
"IBPFAHIO_02633",6065.70302039838,-1.13414952785255,0.0689873273540377,-16.4399690689883,9.89694342515478e-61,4.29777281974791e-60
"IBPFAHIO_02634",1.34845058150983,-0.55098203270107,1.61337812331362,-0.341508307779358,0.732720951698375,0.771665289504237
"IBPFAHIO_02635",65.5182580819096,1.97951435471925,0.245572066633494,8.06082866775558,7.57789776594707e-16,1.68447772033534e-15
"IBPFAHIO_02636",310.156555622779,-0.345495049296528,0.117713110471839,-2.93506006180325,0.00333483130721779,0.00474456265867599
"IBPFAHIO_02637",123.683103876682,0.354387121396495,0.173709949950103,2.04010836165856,0.0413395340847876,0.0538945036957231
"IBPFAHIO_02638",1658.65867738113,0.247135020822665,0.0704779168178065,3.50655967118803,0.000453939643844901,0.000680113878008985
"IBPFAHIO_02639",2623.24205922094,0.794730688325244,0.0659237208291537,12.0553069263922,1.81853796451968e-33,5.43020517948391e-33
"IBPFAHIO_02640",41.5847539425948,0.74982529927558,0.29284861409989,2.5604536377277,0.0104535610378827,0.014393490393624
"IBPFAHIO_02641",113.855968041144,0.797758850182106,0.18291696895014,4.36131680270496,1.29282016900768e-05,2.11835593957885e-05
"IBPFAHIO_02642",24.5334240590877,1.69351589155475,0.389467265766324,4.348288137188,1.37204270935601e-05,2.24570666651705e-05
"IBPFAHIO_02643",10.6020927344083,1.46965934702014,0.570864833508384,2.5744436524282,0.0100401439036349,0.0138625337146634
"IBPFAHIO_02644",66.4812353004064,1.89191826982637,0.259008252391124,7.30447100569374,2.78359683855191e-13,5.80384790309918e-13
"IBPFAHIO_02645",43.8848024400662,0.769615272535091,0.291115860402146,2.64367345520766,0.00820117333583874,0.0113970787834786
"IBPFAHIO_02646",21.1156116953046,0.461807334269635,0.386072935725625,1.19616603894201,0.231631770856512,0.273173929208783
"IBPFAHIO_02647",1979.55315698864,0.2463778803698,0.0672851623803365,3.66169704662557,0.000250550042142294,0.000382472309229461
"IBPFAHIO_02648",82.5134420760506,-0.338728014889335,0.202267695955139,-1.67465206586652,0.0940025173855404,0.117729398081849
"IBPFAHIO_02649",91.2489812393087,-0.641759813660478,0.210014225560831,-3.05579211097103,0.00224466831700091,0.003228869040609
"IBPFAHIO_02650",0.782702313842938,-1.69822508854718,2.13350720085807,-0.795978137718106,0.426044742648106,0.477425419476829
"IBPFAHIO_02651",0.164909438742808,-0.773633856958963,4.0804728567969,-0.189594168153897,0.849627157463939,0.87416934495602
"IBPFAHIO_02652",1.62116025838742,0.157910202491836,1.41679904218739,0.111455610703998,0.911255063744606,0.928319765312857
"IBPFAHIO_02653",0.152303338879463,-0.773633856958963,4.0804728567969,-0.189594168153897,0.849627157463939,0.87416934495602
"IBPFAHIO_02654",0.849959377849071,2.04544984567384,2.0875242276997,0.979844841335223,0.327162713740303,0.3759104606417
"IBPFAHIO_02655",168.642561334481,-1.7301305037622,0.158181716404027,-10.9376136704897,7.61786444556621e-28,2.10458452642051e-27
"IBPFAHIO_02656",291.150318580129,2.36975133129419,0.134748439140201,17.5864844625662,3.12684330529965e-69,1.48973171488162e-68
"IBPFAHIO_02657",16.101240275087,-1.20401738914377,0.57871426399403,-2.08050408302394,0.0374793215221811,0.0491187604005107
"IBPFAHIO_02658",3419.83047029093,0.458846132533976,0.0596456587338477,7.69286721404906,1.43873810872931e-14,3.09468326478655e-14
"IBPFAHIO_02659",9.47463787050338,-1.2412529681579,0.614163257453161,-2.0210472591688,0.0432748731622909,0.0563194521537949
"IBPFAHIO_02660",15.4212255655351,-0.86463262939705,0.470976712267793,-1.83582883585426,0.0663829752901099,0.0848069436669551
"IBPFAHIO_02661",55.1125701000041,0.100393890165969,0.243383401920045,0.41249275576709,0.679978289349034,0.722476932433349
"IBPFAHIO_02662",212.431357454223,0.00171113462809434,0.131400745641053,0.0130222596511639,0.989610033732175,0.990603285689752
"IBPFAHIO_02663",322.171399441997,-1.66071825931747,0.130490466243697,-12.7267401759144,4.2001177388129e-37,1.32840933134547e-36
"IBPFAHIO_02664",532.309576014473,1.76349618711298,0.101940259254481,17.2993104001298,4.76053013937383e-67,2.21172456164697e-66
"IBPFAHIO_02665",0.356656222830246,2.04799397191901,2.90766287286785,0.704343681321988,0.481218769654618,0.531686321568175
"IBPFAHIO_02666",67.5789272329147,-0.211600587906024,0.238771439360436,-0.886205605129363,0.375506743794215,0.4268678485685
"IBPFAHIO_02667",567.475297376943,-1.32210058788208,0.0958533370973049,-13.79295315029,2.81016304435944e-43,9.79954292392011e-43
"IBPFAHIO_02668",4293.02727750505,1.39106118967868,0.0616807226330308,22.5526085022511,1.26599283840981e-112,8.56979767538949e-112
"IBPFAHIO_02669",1324.39236148403,1.16438508786538,0.0737047807637017,15.7979587728293,3.21354594155176e-56,1.32619716649971e-55
"IBPFAHIO_02670",1512.54444659927,0.371841169153879,0.0850052492695046,4.37433184831888,1.21804969495389e-05,1.99802888558225e-05
"IBPFAHIO_02671",786.435175458181,0.265373558015792,0.0828905869958929,3.20149208291818,0.00136717832161362,0.00199346858590055
"IBPFAHIO_02672",5354.72209103133,0.405932229053472,0.0609708049954834,6.657813179333,2.77931734226205e-11,5.46367771882265e-11
"IBPFAHIO_02673",358.210019041109,-0.293854230250339,0.109857502127694,-2.67486721033194,0.00747588546539491,0.0104279017773714
"IBPFAHIO_02674",364.420801900608,-0.203429109112616,0.107793193424791,-1.88721664744584,0.0591311920809421,0.0759315565262569
"IBPFAHIO_02675",679.738305098542,0.610929820883121,0.0857106899493873,7.12781359295881,1.01975749029679e-12,2.09698584946255e-12
"IBPFAHIO_02676",11475.9841452623,-2.06536740614953,0.093641155224194,-22.0561931471761,8.33057135595002e-108,5.46602401250054e-107
"IBPFAHIO_02677",2031.86812475058,-2.63359232695769,0.0984442887471088,-26.7521088371421,1.16695628234997e-157,1.01498058046254e-156
"IBPFAHIO_02678",356.954001842197,-0.111411158518532,0.110780625847469,-1.00569172331569,0.314563885806178,0.362827735671582
"IBPFAHIO_02679",890.572558252191,-0.640640461979382,0.101047290286771,-6.34000634911886,2.29755693813013e-10,4.39813842539049e-10
"IBPFAHIO_02680",2382.75979889277,-0.14814694172776,0.0652147843055643,-2.27167724780958,0.0231060113769069,0.0308294708847351
"IBPFAHIO_02681",10494.1612601527,-1.81700181580882,0.0899498392697914,-20.2001674550967,9.7565879646842e-91,5.52873317998771e-90
"IBPFAHIO_02682",158.98443106692,-1.63324116039506,0.16476876318082,-9.91232275381418,3.6798979921539e-23,9.45898178051931e-23
"IBPFAHIO_02683",15.7591718918409,0.079331684006791,0.467730895633805,0.169609672457689,0.865317115250045,0.888479344141432
"IBPFAHIO_02684",0.469516116501734,-2.25779112889198,2.610779267188,-0.864795870439016,0.387150838128402,0.436950323530811
"IBPFAHIO_02685",1.2092738215529,1.54402723463633,1.75173994554145,0.881424916161907,0.378087876673407,0.429475674641927
"IBPFAHIO_02686",0.534372503763425,2.63213904604366,2.3583065174156,1.11611405328606,0.264373317403558,0.309227899011511
"IBPFAHIO_02687",33.689822352335,-0.0311582368547031,0.305665634473255,-0.101935688349124,0.918807722286995,0.934602656993477
"IBPFAHIO_02688",0,NA,NA,NA,NA,NA
"IBPFAHIO_02689",34.1765494331065,-0.338928160934334,0.332098927909659,-1.02056385146336,0.307461123247402,0.354934718837275
"IBPFAHIO_02690",6.68578915730483,-1.24701282781843,0.723965347529595,-1.72247585063794,0.0849833537626164,0.107151367238832
"IBPFAHIO_02691",0.328914953253886,0.188154041710181,3.04230098132225,0.0618459655587412,0.95068549830053,0.959019221481856
"IBPFAHIO_02692",2.55357882837653,0.782070130700234,1.10969712549957,0.704759986062104,0.480959613824626,0.531596292782889
"IBPFAHIO_02693",0.30350201120017,-1.63893503987338,3.07269379272082,-0.53338703770483,0.593765688526348,0.639505737966462
"IBPFAHIO_02694",0,NA,NA,NA,NA,NA
"IBPFAHIO_02695",4.96081296000396,-0.799956198681983,0.833232201542742,-0.960063950001995,0.337023030609407,0.38605394624171
"IBPFAHIO_02696",1367.18285236061,1.03252741390353,0.0741976245690057,13.9159093016954,5.0710874956017e-44,1.78712529880333e-43
"IBPFAHIO_02697",580.056475628075,1.37788077755969,0.0962463694984408,14.3161844414506,1.73384716546909e-46,6.27287874133435e-46
"IBPFAHIO_02698",8.74346462267258,-1.19912187315802,0.633059317808697,-1.89416985016305,0.0582024686312319,0.0748031727425455
"IBPFAHIO_02699",34.1104229804032,-1.13157430362577,0.327499905211136,-3.45518971340237,0.00054990573978469,0.000820198391543267
"IBPFAHIO_02700",0.328393716276017,1.95580407602867,3.24379563816191,0.60293689683143,0.54655066924678,0.595483796129845
"IBPFAHIO_02701",24.9840348125374,-1.14860113988995,0.383250011578497,-2.99700223141336,0.00272648717604551,0.00390318164149673
"IBPFAHIO_02702",7.31049252200641,-0.940988849396878,0.705888694406304,-1.33305556081799,0.182513571307439,0.219839213104613
"IBPFAHIO_02703",9.65665382326645,-1.15403498214627,0.589814721280763,-1.95660593150391,0.0503938171134253,0.0652719916897699
"IBPFAHIO_02704",34.8278624846923,-1.43394731382969,0.338600540511901,-4.23492328648334,2.28629742397517e-05,3.71166678922067e-05
"IBPFAHIO_02705",89.8967498121304,-1.00038318620809,0.197685641742669,-5.06047468794069,4.18213978959168e-07,7.22874768946176e-07
"IBPFAHIO_02706",47.8433886126625,-0.120504417060562,0.262038034942161,-0.459873762551915,0.64560683392032,0.690863965339627
"IBPFAHIO_02707",50.6185373660217,-0.678749099140057,0.266547548175021,-2.54644660507016,0.0108825858809771,0.0149635555863435
"IBPFAHIO_02708",367.172899349846,-3.3849093666683,0.14499118573089,-23.3456216638633,1.52677619824392e-120,1.07993247875788e-119
"IBPFAHIO_02709",271.540294411801,-1.85900575894329,0.129426801022089,-14.3633756243888,8.78422035889845e-47,3.20126520265824e-46
"IBPFAHIO_02710",589.466701241049,-1.99824623114995,0.100001356022748,-19.9821913484392,7.86927525817977e-89,4.3845198458983e-88
"IBPFAHIO_02711",2071.33459342266,-0.608644311119988,0.0827409068841096,-7.35602658999715,1.89465290690217e-13,3.96142662295687e-13
"IBPFAHIO_02712",124.904832005191,-0.278345099485965,0.166765093905158,-1.66908489641282,0.0951005561028895,0.119004961881993
"IBPFAHIO_02713",32.2737601187271,0.279630464434192,0.321098421004255,0.870855931211465,0.383832821507721,0.434024112604346
"IBPFAHIO_02714",10.0139646138179,-0.625288527195253,0.569169851962585,-1.09859741347712,0.271943706416089,0.317586092738851
"IBPFAHIO_02715",27.1380044868637,0.0692657773342416,0.344242016882051,0.201212443389717,0.840532462054,0.868695380471699
"IBPFAHIO_02716",23.0203012187753,-0.832407002134135,0.381216600322726,-2.18355392034199,0.0289950427078347,0.038335469634044
"IBPFAHIO_02717",3.45143211693036,-0.215856845265348,0.969960675975497,-0.222541852068651,0.823892096738681,0.853399210002655
"IBPFAHIO_02718",12.0864987055852,0.438957770827583,0.509235237669256,0.861994100873047,0.388690764059957,0.438357620078173
"IBPFAHIO_02719",20.1671001982066,0.95970796936657,0.399155952352611,2.40434337433799,0.0162015472151655,0.0219145701933884
"IBPFAHIO_02720",10.8300169172307,0.583133883494806,0.547030371003566,1.06599910060753,0.286424048474187,0.333066752053932
"IBPFAHIO_02721",11.8328693121224,-0.44450038980935,0.542905184930137,-0.818744049877789,0.412932458696318,0.463599968637667
"IBPFAHIO_02722",48.1352481952578,-0.122577958955432,0.271388809790961,-0.451669171805015,0.651507330154353,0.696679746898436
"IBPFAHIO_02723",33.9020422722017,-0.196654567964998,0.306033584985169,-0.64259145928225,0.520489226379034,0.568774202091333
"IBPFAHIO_02724",0.329106296880817,0.188154045172823,3.04171800965864,0.0618578200133479,0.95067605788939,0.959019221481856
"IBPFAHIO_02725",0,NA,NA,NA,NA,NA
"IBPFAHIO_02726",1069.21898233823,1.60925034826776,0.0872981205914188,18.4339632670849,7.01505522586049e-76,3.55746529419908e-75
"IBPFAHIO_02727",7.07769584755483,-0.143235467717184,0.659099899869698,-0.217319814106331,0.827959116640278,0.856884703212629
"IBPFAHIO_02728",2.05853077541595,1.20233827755546,1.24983141273309,0.962000366854455,0.336049419656357,0.385086121643745
"IBPFAHIO_02729",61.5747665756612,0.018076430000136,0.23223285438638,0.0778375223776955,0.937957298437916,0.950666746926234
"IBPFAHIO_02730",64.1028610123525,0.0102627682197341,0.239308223100744,0.0428851465560115,0.965793089188783,0.969682188876791
"IBPFAHIO_02731",927.883418836646,0.89667549845913,0.0763447208278201,11.7450884453609,7.48441553751879e-32,2.17411371730643e-31
"IBPFAHIO_02732",111.206374004794,1.2885801075502,0.181663455568446,7.09322688769781,1.31020385524818e-12,2.68870365905526e-12
"IBPFAHIO_02733",54.6041940617046,-0.518684451654804,0.244981008155999,-2.11724351842211,0.0342391857372675,0.0449708708190977
"IBPFAHIO_02734",9.33717863728113,-0.213251489068342,0.590448793696275,-0.361168472770287,0.717973508799133,0.758269233436994
"IBPFAHIO_02735",15.6980865126556,-0.821621929416002,0.465796969275159,-1.76390570057713,0.0777478569455863,0.0984433296577208
"IBPFAHIO_02736",13.7912112132521,-0.523278805424396,0.493080999377859,-1.06124309410551,0.288579439586388,0.335312498346592
"IBPFAHIO_02737",47.0350457962573,-0.270784784413975,0.260615892830415,-1.0390186932697,0.298796042537395,0.34570679012834
"IBPFAHIO_02738",54.1405735369489,-0.361203996485963,0.251417243359485,-1.43667153318319,0.150811347289252,0.183724572919154
"IBPFAHIO_02739",0.152303338879463,-0.773633856958963,4.0804728567969,-0.189594168153897,0.849627157463939,0.87416934495602
"IBPFAHIO_02740",544.156418528826,-1.20295825701561,0.0939768448163406,-12.80058145564,1.62728203102293e-37,5.1851201670081e-37
"IBPFAHIO_02741",50.8997046228518,-0.709835700900867,0.260424641069146,-2.72568562631673,0.00641680833646851,0.00899676220370843
"IBPFAHIO_02742",217.730923751048,-0.102379874630707,0.157340845048854,-0.650688475703295,0.515247603894605,0.564076410849856
"IBPFAHIO_02743",131.136578897914,0.337541918274033,0.162841851960418,2.07282043412328,0.0381889939954928,0.0499612899145232
"IBPFAHIO_02744",331.851924547929,0.456362320610107,0.12105195492773,3.76997067814861,0.000163266728060349,0.00025193091818286
"IBPFAHIO_02745",299.956021357577,0.291118119103268,0.115192592058803,2.52722951971303,0.0114966342059431,0.0157933560808915
"IBPFAHIO_02746",0,NA,NA,NA,NA,NA
"IBPFAHIO_02747",14.8601841499089,-0.768447746029464,0.465453516963383,-1.65096560241464,0.0987455988267198,0.122949160087202
"IBPFAHIO_02748",6.33733515760391,-0.663508326132585,0.719122047553369,-0.922664418911927,0.356182113667198,0.406600497537627
"IBPFAHIO_02749",17.2384727794126,0.767912730661071,0.44384844998607,1.73012371832136,0.0836081734281435,0.105506391774359
"IBPFAHIO_02750",1413.24658542132,-2.73016139793116,0.0824458727694775,-33.1145915037472,1.83246464287733e-240,2.4697000952653e-239
"IBPFAHIO_02751",153.294752557928,-2.56286068801435,0.21682452485578,-11.8199760369314,3.07772308195679e-32,8.96645322416234e-32
"IBPFAHIO_02752",432.994020586538,-1.85979274946799,0.109366366662133,-17.0051616985089,7.51974223110638e-65,3.36812406519016e-64
"IBPFAHIO_02753",0.164196858138009,1.14991949468353,4.0804728567969,0.28181035263305,0.778088932287453,0.810881952422173
"IBPFAHIO_02754",2.18217952178723,0.41171666397572,1.17849796039275,0.349357129000471,0.726821214171543,0.765721504507485
"IBPFAHIO_02755",59.062499231486,0.0721539924240658,0.242984248508913,0.296949258508908,0.766505248476209,0.803568221247659
"IBPFAHIO_02756",44.8999530061835,-0.120112568404264,0.26736330069971,-0.449248524722431,0.653252386351288,0.698296227210809
"IBPFAHIO_02757",53.2459051669462,-0.121652845475808,0.250186814040991,-0.486248030065551,0.626791321396898,0.671931076180408
"IBPFAHIO_02758",14.6903253792892,0.827668165555226,0.462366080590118,1.79007111529218,0.0734424796152081,0.0932682084077685
"IBPFAHIO_02759",7.61877336877205,0.525176235359107,0.66863141527499,0.785449536712415,0.432190046504442,0.483587366918956
"IBPFAHIO_02760",63.7458911874236,1.12946502294744,0.239914987623667,4.70777184091198,2.50439183482101e-06,4.21199571095248e-06
"IBPFAHIO_02761",51.44039838759,0.071528229717976,0.250617562049708,0.285407890544354,0.775331663051982,0.809983357490059
"IBPFAHIO_02762",72.4408370645953,2.32773509142652,0.247629753336792,9.40006223024685,5.45308099416902e-21,1.34395538175895e-20
"IBPFAHIO_02763",8742.1091051049,3.09293347560369,0.0606997689113404,50.9546169792064,0,0
"IBPFAHIO_02764",2434.80148330624,0.485655053154422,0.0625838045741766,7.76007557320691,8.48787920062061e-15,1.83760742172626e-14
"IBPFAHIO_02765",2074.93949812633,0.248225731364377,0.0685767425700695,3.61967807250028,0.000294969763101533,0.000447994685888216
"IBPFAHIO_02766",13.7642393260827,-0.812482823339892,0.53156411339474,-1.52847568687644,0.126394475589298,0.155626448956041
"IBPFAHIO_02767",166.930841732125,0.433913019726444,0.149316768624174,2.90598988797159,0.00366093279778183,0.0051986288234282
"IBPFAHIO_02768",66.7455082207354,1.09759433226186,0.23036979801286,4.76448884241583,1.89332993098963e-06,3.19866920018123e-06
"IBPFAHIO_02769",507.869251800485,0.38353820840241,0.0981258939786472,3.90863402972788,9.28194476125765e-05,0.000145477101758423
"IBPFAHIO_02770",315.477666615979,0.382162072276516,0.112359896559973,3.4012319695625,0.000670828768908697,0.00099608916951604
"IBPFAHIO_02771",278.840584081117,0.557729929795667,0.121479938338038,4.59112786379337,4.40857136006044e-06,7.35663441678797e-06
"IBPFAHIO_02772",184.429597946366,0.00743454395584002,0.138164208003545,0.0538094783248731,0.957086957850863,0.963203557985127
"IBPFAHIO_02773",4.69334634605014,0.387567990026578,0.821908553811914,0.47154636392222,0.637250618677498,0.682898943797663
"IBPFAHIO_02774",11.2030058435005,-1.41307813329735,0.605693266199391,-2.3329929721097,0.0196485141752927,0.0263743178162744
"IBPFAHIO_02775",53.923788139306,1.34313316367125,0.254568837784904,5.27610989372593,1.31954976136084e-07,2.31695591900918e-07
"IBPFAHIO_02776",70.606331984737,-0.734770871924694,0.226756578095905,-3.24035085594707,0.0011938270640381,0.00174495875701123
"IBPFAHIO_02777",18988.7355179661,5.37482860142628,0.0684170377125569,78.5597971079624,0,0
"IBPFAHIO_02778",5809.30245581921,4.48819899858918,0.0771582883679295,58.1687216438393,0,0
"IBPFAHIO_02779",1605.45030433221,4.07906243099276,0.0949317879252337,42.9683514883902,0,0
"IBPFAHIO_02780",129.453095815864,2.38201766544397,0.195706645710432,12.1713683089148,4.41616752257133e-34,1.33872069174604e-33
"IBPFAHIO_02781",180.69352704884,2.33895023941982,0.159926452985207,14.625161727536,1.94109087466863e-48,7.24157593143209e-48
"IBPFAHIO_02782",29.6597348047492,2.30256642192502,0.373491484557463,6.16497702659339,7.04933740514381e-10,1.32568306198556e-09
"IBPFAHIO_02783",37.5436896569975,1.2946281348176,0.316306093884289,4.09295982546326,4.25901533973888e-05,6.79987934711778e-05
"IBPFAHIO_02784",764.773418202544,0.36987216792636,0.0816260301581395,4.53130168415372,5.86213525879087e-06,9.7333566561056e-06
"IBPFAHIO_02785",21.6689289313606,-0.527184391034315,0.391752054545909,-1.34570932026225,0.178396279399198,0.215487148955349
"IBPFAHIO_02786",413.522529716334,0.407263043445671,0.112896843209418,3.60739088771701,0.000309291534957166,0.000468794464332239
"IBPFAHIO_02787",2.32116418019855,0.616300678051233,1.18030703272855,0.522152847489617,0.601563913367991,0.646973123219636
"IBPFAHIO_02788",131.97366809705,0.569626640453214,0.168369040514065,3.38320298502638,0.000716456571270175,0.00106068187097494
"IBPFAHIO_02789",137.825219072354,-0.738188969138177,0.173681070725554,-4.2502557478163,2.1352656935949e-05,3.47212769306301e-05
"IBPFAHIO_02790",614.250572852875,0.0504399097257249,0.0858512694944343,0.587526661198585,0.556850049903802,0.604753302835635
"IBPFAHIO_02791",102.321176390816,-1.34265449385503,0.200741455846785,-6.68847641953841,2.2550597329765e-11,4.45061920914622e-11
"IBPFAHIO_02792",485.282821266343,-0.375299320535237,0.093933842320535,-3.99535791642148,6.45965886574913e-05,0.00010209878143857
"IBPFAHIO_02793",30.5960682556819,-2.77800779010653,0.439195105431991,-6.32522483913861,2.52864121306229e-10,4.83122254756218e-10
"IBPFAHIO_02794",424.907281219818,-0.348335732351861,0.104462058252652,-3.3345670014406,0.000854323159993118,0.00125980034238512
"IBPFAHIO_02795",469.481066436736,0.0976347110439456,0.0952699406022783,1.02482178981867,0.305447283003582,0.352992765834962
"IBPFAHIO_02796",25.3726285155176,0.62270593435951,0.377101539969475,1.65129512441109,0.0986783273700786,0.122949160087202
"IBPFAHIO_02797",125.246694483956,0.540513317664,0.179596348182919,3.00960082503173,0.00261591238655054,0.00375026826092918
"IBPFAHIO_02798",257.20000090145,-0.011189973883232,0.120621203279561,-0.0927695428248811,0.926086647941488,0.940188539979101
"IBPFAHIO_02799",240.808023290758,-0.384734061734771,0.136987631564996,-2.80853137863201,0.00497680321303613,0.00703012959330288
"IBPFAHIO_02800",1966.31112028216,-0.458081448975371,0.0647535379934394,-7.07423043080337,1.50280389880567e-12,3.07971867481272e-12
"IBPFAHIO_02801",28.0337701305511,-0.408771094290478,0.341224191672672,-1.19795461244026,0.2309346870474,0.272674263475068
"IBPFAHIO_02802",1.11453918081913,-2.29314499212138,1.80842206802593,-1.26803639076611,0.204784955252592,0.244402307983947
"IBPFAHIO_02803",64.2993503077256,0.994789418911247,0.237649006836064,4.18596076691149,2.83962397583189e-05,4.5949999652185e-05
"IBPFAHIO_02804",23.6661422796832,-1.24100514330059,0.385528316583221,-3.21897274446429,0.00128650712897484,0.00187675735245867
"IBPFAHIO_02805",2.85560903318377,1.05855547649879,1.08069362142777,0.979514874067887,0.327325642947539,0.375953291247231
"IBPFAHIO_02806",17.8088814083772,2.85486193725571,0.549624113391016,5.19420794630364,2.05593240507276e-07,3.58888550523786e-07
"IBPFAHIO_02807",176.269680915781,0.474684862656536,0.163931653286557,2.89562664159053,0.00378402311302187,0.00537087151525685
"IBPFAHIO_02808",144.759511538465,1.61111828897363,0.163529622511499,9.85214950190659,6.70934685790847e-23,1.71722547466742e-22
"IBPFAHIO_02809",488.359621660029,1.81278618761069,0.102124097904763,17.7508171411338,1.69864373694211e-70,8.17096794361861e-70
"IBPFAHIO_02810",696.159643757507,1.81324778690737,0.0894524881768334,20.2705125800734,2.34204773172462e-91,1.33474415491811e-90
"IBPFAHIO_02811",249.9034957479,1.45517686109494,0.127073857425546,11.451425891809,2.31308972417588e-30,6.5724258829385e-30
"IBPFAHIO_02812",109.096130407973,1.79766770189738,0.200049486792649,8.98611503942853,2.56123876306347e-19,6.11102582064266e-19
"IBPFAHIO_02813",92.7334746059208,1.69486382971434,0.207441663546061,8.17031545515929,3.07584117286777e-16,6.89357062862948e-16
"IBPFAHIO_02814",92.0462362076803,1.28234240013069,0.211134772947307,6.07357273380412,1.25095299461712e-09,2.33344847873717e-09
"IBPFAHIO_02815",186.14816034506,1.06230478511148,0.142600648938657,7.44950877164979,9.36884116388109e-14,1.97823378703826e-13
"IBPFAHIO_02816",19.8298583618253,-0.464366089009342,0.404416323289881,-1.1482377497322,0.250870429356044,0.294354637111092
"IBPFAHIO_02817",172.407983184557,0.650055346641548,0.161888721798773,4.01544554443739,5.9333598039617e-05,9.4028668079732e-05
"IBPFAHIO_02818",443.711727177967,2.59394017509625,0.134937194891607,19.2233147960421,2.36188142272198e-82,1.26417696185763e-81
"IBPFAHIO_02819",15.645282930813,0.250435710611509,0.446291333094637,0.56114849659965,0.574696309877605,0.622102517783573
"IBPFAHIO_02820",19.6490870082467,-0.215290607225134,0.41282414000705,-0.521506826663426,0.602013751219216,0.647224270085482
"IBPFAHIO_02821",81.6161767892035,0.223123778932653,0.212336631553184,1.05080210277692,0.293349489834872,0.340194447126332
"IBPFAHIO_02822",40.5357087772947,-0.332311757253078,0.279752889837032,-1.18787604820334,0.234882247419802,0.276680190661437
"IBPFAHIO_02823",64.6386197063588,-0.123981731057285,0.225587871791316,-0.549593956770763,0.582597904729874,0.629289866769597
"IBPFAHIO_02824",137.95879448404,0.110561151453057,0.15865880294011,0.69684851646581,0.485897599920238,0.535866427925304
"IBPFAHIO_02825",235.236649910682,-0.237135939840607,0.127993703299125,-1.8527156706015,0.0639231227221252,0.0818741366372426
"IBPFAHIO_02826",183.798164636355,-0.898146083891028,0.142766230243011,-6.29102612264987,3.15374252249045e-10,6.0101895715232e-10
"IBPFAHIO_02827",363.388796505624,-1.76927685231465,0.115442442789895,-15.3260517497427,5.1218739969564e-53,2.035145683784e-52
"IBPFAHIO_02828",299.329310121273,-1.13171903751153,0.120263698152078,-9.41031296144267,4.94661830306577e-21,1.22013866139924e-20
"IBPFAHIO_02829",121.468979795291,-1.47251356698154,0.1803315716606,-8.16558938305567,3.1986958743082e-16,7.16354644904951e-16
"IBPFAHIO_02830",1070.48154900414,-1.06833820194596,0.0780608248672219,-13.6859712123611,1.23150600981208e-42,4.25972945821704e-42
"IBPFAHIO_02831",583.400875300103,-0.974324934227418,0.0929987268966087,-10.4767556152744,1.10468581421924e-25,2.972320104446e-25
"IBPFAHIO_02832",48.1636025927554,-0.805393978033652,0.27424065941916,-2.93681462019334,0.00331602263476291,0.00472004744206025
"IBPFAHIO_02833",4318.20447541884,-1.12446089662488,0.0714515622030191,-15.7373871466923,8.38345219575748e-56,3.45024607561298e-55
"IBPFAHIO_02834",2918.31309848497,-1.12061945465661,0.0707610827791074,-15.8366634687433,1.73801379137449e-56,7.20240618253806e-56
"IBPFAHIO_02835",124.183626987789,-0.984283458712126,0.192790423705995,-5.10545824730982,3.29993847385439e-07,5.71047768292211e-07
"IBPFAHIO_02836",3.58773360834832,-0.610154903539306,0.935936741178498,-0.65191895637201,0.514453455367682,0.563413154634006
"IBPFAHIO_02837",131.430477313524,-0.375520468879942,0.164527929989863,-2.28241167869235,0.0224650464817445,0.0300068835149015
"IBPFAHIO_02838",193.113660223879,-0.367600768162837,0.136611130380513,-2.69085518243596,0.00712691247388717,0.00995040696307532
"IBPFAHIO_02839",0.661262900589171,0.209510130555569,2.26686977944644,0.0924226580878987,0.926362237920585,0.940188539979101
"IBPFAHIO_02840",0.49421647795065,1.04768601036182,2.49752925627209,0.41948898405524,0.674858803843743,0.718521744319511
"IBPFAHIO_02841",4.59906477279185,0.73562329505057,0.836317638390639,0.879597967664727,0.37907714022852,0.430272687239656
"IBPFAHIO_02842",21.0372321287273,1.16815085518875,0.41594943956674,2.80839627144471,0.00497889191450829,0.00703012959330288
"IBPFAHIO_02843",183.686869725109,0.75653133254934,0.142451207385805,5.31081025168432,1.09138916553912e-07,1.92651114058587e-07
"IBPFAHIO_02844",475.744987809974,0.264457426539193,0.0999471510666449,2.64597263370571,0.00814564060104743,0.0113251657427202
"IBPFAHIO_02845",91.873652340083,-0.12748082922153,0.18973168421873,-0.671900582901935,0.501646989283427,0.551608890825437
"IBPFAHIO_02846",49.8227104963168,0.931410126974202,0.260007967652086,3.58223686521989,0.000340664691532997,0.000515042322924066
"IBPFAHIO_02847",390.93906788847,-0.321516652291313,0.102615595219034,-3.13321431898371,0.00172903141657021,0.00250521162149058
"IBPFAHIO_02848",229.922028191322,0.914933823142741,0.146351274796607,6.2516286545114,4.06194287031711e-10,7.71640194792939e-10
"IBPFAHIO_02849",14.5199383405769,-0.54802132447368,0.477256069691813,-1.14827523268078,0.250854960197234,0.294354637111092
"IBPFAHIO_02850",783.157446782347,1.96257475298485,0.0898808191896321,21.8353011318708,1.072337835176e-105,6.91473017854867e-105
"IBPFAHIO_02851",30.7015014919353,1.36745548081605,0.34951107786431,3.9124810840672,9.13526958276068e-05,0.000143253284023165
"IBPFAHIO_02852",454.138492217517,-0.186165653427393,0.106255229136652,-1.75206109798108,0.0797633025974449,0.100824588665634
"IBPFAHIO_02853",1491.23309919678,0.615738089614373,0.0671233895733293,9.17322700072688,4.59066417024513e-20,1.11036921563245e-19
"IBPFAHIO_02854",685.871027803769,1.00466029850383,0.0885418208635379,11.3467318460982,7.6986742053293e-30,2.1812910248433e-29
"IBPFAHIO_02855",344.950215692492,0.452852740892528,0.116268948833184,3.89487258152006,9.82503635657417e-05,0.000153506573257806
"IBPFAHIO_02856",487.610711626234,-0.774806632514439,0.0992839275352162,-7.80394824972666,5.99998041709406e-15,1.30559573875967e-14
"IBPFAHIO_02857",52.0350686367103,-1.06844988027489,0.265387531009395,-4.02599879584046,5.67339789748369e-05,9.00042762951814e-05
"IBPFAHIO_02858",792.945514257913,-0.362647146868793,0.0851872586335908,-4.25705854004081,2.0713413231459e-05,3.37001263667892e-05
"IBPFAHIO_02859",1506.10522147732,0.98389107217773,0.0758472029786244,12.9720152298169,1.76332520108706e-38,5.69748272316683e-38
"IBPFAHIO_02860",0.328393716276017,1.95580407602867,3.24379563816191,0.60293689683143,0.54655066924678,0.595483796129845
"IBPFAHIO_02861",122.033488483712,-0.365209606769141,0.17812481006587,-2.05030173300445,0.0403349955916924,0.052676694373786
"IBPFAHIO_02862",0,NA,NA,NA,NA,NA
"IBPFAHIO_02863",335.951460347542,-0.835797696508519,0.118785484612706,-7.03619385174538,1.9756203633449e-12,4.02934977990997e-12
"IBPFAHIO_02864",182.880069727043,-1.86706784979163,0.161886048878575,-11.533222675612,8.97210638576826e-31,2.56150212845598e-30
"IBPFAHIO_02865",408.937396754052,-0.873246662562804,0.102364188377695,-8.53078284898596,1.45360664450423e-17,3.35844871070013e-17
"IBPFAHIO_02866",104.694785974528,-0.365300693315001,0.187618751995118,-1.94703722005627,0.0515302725876301,0.0666285979179729
"IBPFAHIO_02867",1.19485123244468,-0.196143520034718,1.6839888578424,-0.116475545025889,0.907275666408012,0.92489567083229
"IBPFAHIO_02868",10.0067635133234,-0.00779970813669911,0.570000246153077,-0.0136836925761686,0.989082333670004,0.99040640640584
"IBPFAHIO_02869",40.7396102640477,-0.00059666341327931,0.28441508056242,-0.00209786137957042,0.998326150022311,0.99857946364168
"IBPFAHIO_02870",142.683606379403,0.546244685977741,0.160862419560812,3.3957259095636,0.000684468637317247,0.00101583837443115
"IBPFAHIO_02871",244.463159953633,0.726706139590778,0.134000078426743,5.42317697215426,5.85489737671769e-08,1.04397216633727e-07
"IBPFAHIO_02872",1546.47560083133,-2.57954653370248,0.0800780622288186,-32.2128990375862,1.16446785365336e-227,1.48259056090675e-226
"IBPFAHIO_02873",4453.31016921615,-2.83177619480201,0.0629757499150213,-44.9661369435563,0,0
"IBPFAHIO_02874",2355.33747731427,-4.43237050125766,0.0929519123042726,-47.6845542106606,0,0
"IBPFAHIO_02875",178.227921443985,-0.0678981487922632,0.157871943937433,-0.430083693776345,0.667134761157031,0.711356808760455
"IBPFAHIO_02876",505.365116247293,-2.3649318684875,0.109797945011834,-21.5389447246268,6.72207307197363e-103,4.24313135682386e-102
"IBPFAHIO_02877",0.714938349197117,1.72090639093747,2.20593613093199,0.780125211608189,0.435317177958383,0.486722345460195
"IBPFAHIO_02878",188.516785477927,3.18370323769856,0.186556332295443,17.0656401662992,2.6744153637779e-65,1.20691565134593e-64
"IBPFAHIO_02879",229.247146499052,0.422973317607857,0.133669824026183,3.16431416506545,0.00155448898210815,0.00225997620722429
"IBPFAHIO_02880",152.334059857873,-0.567026062109806,0.159732403070215,-3.54984994410028,0.000385450790904617,0.000580407028881034
"IBPFAHIO_02881",10.0198068615597,0.920948177295558,0.580906995938979,1.58536251712193,0.112883992330617,0.13985461906965
"IBPFAHIO_02882",8.41185717069977,0.0847675518067537,0.614818910901262,0.137874015102257,0.890339987195366,0.910734099722576
"IBPFAHIO_02883",4988.47910286012,1.1892708386245,0.0604514300759685,19.6731630191372,3.66208389740106e-86,2.01414614357058e-85
"IBPFAHIO_02884",342.482410747126,-0.461037790445029,0.122619933951463,-3.75989266661589,0.000169986272803077,0.000262029329328597
"IBPFAHIO_02885",644.478455278476,-0.575153648231759,0.0942144147917909,-6.10473088967139,1.02974033001696e-09,1.92321040412655e-09
"IBPFAHIO_02886",194.834577809604,-1.10230712466038,0.139534107200068,-7.89991169026409,2.79101099367263e-15,6.11325394807359e-15
"IBPFAHIO_02887",33.3832153013681,-0.552276889438143,0.31268485022379,-1.7662412778965,0.0773553786246145,0.0979878462509934
"IBPFAHIO_02888",534.932678727023,-1.06261000990314,0.111062667385979,-9.56766152761508,1.09350973715228e-21,2.73331757189608e-21
"IBPFAHIO_02889",122.646891733875,-0.416371428349966,0.166849257044292,-2.4954946502365,0.0125781651919507,0.0172158601346371
"IBPFAHIO_02890",1118.07434493771,0.499444126309754,0.0738801803524161,6.76019094603389,1.37809995224091e-11,2.73971764591681e-11
"IBPFAHIO_02891",3.87073539390479,0.83997212461212,0.915236608213382,0.91776499877099,0.35874191025762,0.409365291949198
"IBPFAHIO_02892",119.880924611395,-1.90018647832135,0.203168283497923,-9.35277123774478,8.53807639115166e-21,2.09736654863102e-20
"IBPFAHIO_02893",33.8150753300342,-1.55260221376711,0.340306039953927,-4.56237042979699,5.05793075613496e-06,8.41675685336808e-06
"IBPFAHIO_02894",20.4155603703915,0.562534495213939,0.391086865921547,1.43838759168861,0.150324111325786,0.183205597184013
"IBPFAHIO_02895",17.4160038654385,0.83888411370282,0.429617907786487,1.95262836697145,0.0508636473313955,0.0658235436053353
"IBPFAHIO_02896",12.6781789116006,1.43295951219291,0.524423914420459,2.73244501783729,0.0062866163331721,0.00882249346568992
"IBPFAHIO_02897",19.9806947050477,1.47732669522038,0.418536990021059,3.52973985679509,0.000415968458512074,0.000624161297827545
"IBPFAHIO_02898",3.24128774627507,0.0543740578995689,1.02301554123203,0.0531507642924814,0.957611784526385,0.963407686382967
"IBPFAHIO_02899",1.74242266435244,2.21127337969855,1.50678635715118,1.46754274035193,0.142228471413653,0.173905838361116
"IBPFAHIO_02900",3.51291770271367,1.17805873494492,0.982560124678352,1.19896859780522,0.230540156209177,0.272315889213524
"IBPFAHIO_02901",5.53245392067772,0.641620368453178,0.768095525152472,0.835339287161988,0.403526703056103,0.453721118205133
"IBPFAHIO_02902",40.22103842721,1.69320934578125,0.308648008309118,5.48589104804935,4.11390407153957e-08,7.35732276272946e-08
"IBPFAHIO_02903",533.867534361573,1.35744450840474,0.109799105107539,12.3629833510504,4.14483303403578e-35,1.27454680758839e-34
"IBPFAHIO_02904",120.809706782956,0.675878603225373,0.168153403484922,4.01941673030707,5.83423969400628e-05,9.25068636166761e-05
"IBPFAHIO_02905",1021.04184840744,0.959652412182755,0.0776779614002616,12.3542430167268,4.62085231654234e-35,1.41946510586188e-34
"IBPFAHIO_02906",600.398038393495,1.13319638916359,0.0926980426764504,12.224598885209,2.29712751636272e-34,6.97059384275583e-34
"IBPFAHIO_02907",34.1704284184179,1.436011542775,0.325966079254759,4.40540177081641,1.05587991731544e-05,1.73677444343474e-05
"IBPFAHIO_02908",168.624201275917,1.30134009677203,0.156837874930584,8.29735864087679,1.06451648133081e-16,2.41473336781029e-16
"IBPFAHIO_02909",171.093936867936,1.46831775516843,0.152895535378648,9.60340504078242,7.7346102163162e-22,1.93981171560923e-21
"IBPFAHIO_02910",261.146084285213,1.50818720720156,0.128446120745422,11.7417886850064,7.7822890418723e-32,2.2584489634609e-31
"IBPFAHIO_02911",14.8797314385521,2.02069765163428,0.51262900473706,3.94183246160787,8.08614531085147e-05,0.000127134770205295
"IBPFAHIO_02912",55.5751775825997,1.11805725987786,0.253386657923197,4.41245513493749,1.02204978257378e-05,1.68390580917441e-05
"IBPFAHIO_02913",40.6838655628377,1.47920382062048,0.297473266735193,4.97256051562189,6.60743358404485e-07,1.13162228296864e-06
"IBPFAHIO_02914",187.461601752001,1.56997268275805,0.14868721574901,10.5588948911938,4.62069506836448e-26,1.24550627428347e-25
"IBPFAHIO_02915",28.5801257236013,1.30088951920041,0.356345659634141,3.65063943962733,0.000261588247056822,0.00039837636543532
"IBPFAHIO_02916",28.9267205716075,1.0282216702618,0.361189576759073,2.84676451487875,0.00441660198002216,0.00624797783651361
"IBPFAHIO_02917",32.2208540556351,0.968695801445626,0.330763171278888,2.92866886509821,0.0034041686603209,0.00483677333255255
"IBPFAHIO_02918",172.516730331972,1.0917868458379,0.147193283194745,7.41736866072485,1.19470062426707e-13,2.51021367121283e-13
"IBPFAHIO_02919",11.5466119863855,1.22960464572275,0.548464048456981,2.2419056439197,0.0249674712039452,0.0331717024166092
"IBPFAHIO_02920",103.462267130771,1.29593349344078,0.189270073264995,6.8470068779778,7.54110937447032e-12,1.50822187489406e-11
"IBPFAHIO_02921",75.6671212751006,1.35177762732089,0.220209434506044,6.13859996667761,8.32519168085432e-10,1.55875929343655e-09
"IBPFAHIO_02922",43.3344556222089,0.825925560985027,0.280978019641862,2.93946680255545,0.00328777489128812,0.00468206686089198
"IBPFAHIO_02923",0.192459364692238,1.14992122140206,3.99204880770588,0.288052896342941,0.773306248334905,0.808149596583316
"IBPFAHIO_02924",0,NA,NA,NA,NA,NA
"IBPFAHIO_02925",0,NA,NA,NA,NA,NA
"IBPFAHIO_02926",0,NA,NA,NA,NA,NA
"IBPFAHIO_02927",34.4471437013587,1.33359752928062,0.325331675269917,4.09919362501109,4.14592087779346e-05,6.62992798843294e-05
"IBPFAHIO_02928",117.286853602864,1.28875454971858,0.176682519333948,7.29418255171413,3.00477797974497e-13,6.25629486109739e-13
"IBPFAHIO_02929",1.35892909617756,0.193030012072376,1.5420826034698,0.125174884690382,0.900385099951143,0.919123923252754
"IBPFAHIO_02930",375.146942228448,1.71569582250216,0.119284558794751,14.3832180781614,6.59550288922769e-47,2.40949263059454e-46
"IBPFAHIO_02931",426.846775084132,1.42975527711195,0.106363561206933,13.4421531292124,3.42328913480208e-41,1.15343255532971e-40
"IBPFAHIO_02932",72.6972642522239,1.88712907989422,0.237954782114276,7.9306205285168,2.18053562936115e-15,4.79365363927154e-15
"IBPFAHIO_02933",109.367216179439,0.626612381689542,0.185052997598771,3.38612392028446,0.000708873652721533,0.00104997523214991
"IBPFAHIO_02934",1013.06835483868,-0.0458467473502001,0.0802223620768201,-0.571495854314259,0.567663569740071,0.614934612839352
"IBPFAHIO_02935",1114.74970759787,1.71451453326875,0.0761169919710476,22.5247279072838,2.37614715855883e-112,1.60122349063244e-111
"IBPFAHIO_02936",94.7585460805135,1.73797331974698,0.206517222757507,8.41563379819276,3.90776287083591e-17,8.91840313466137e-17
"IBPFAHIO_02937",521.619966531547,2.62195107587623,0.107547597762939,24.379448080799,2.82552873963876e-131,2.15662805841816e-130
"IBPFAHIO_02938",482.006123401382,2.13704505466749,0.123690148953421,17.2774070752575,6.96077052158251e-67,3.22393582052242e-66
"IBPFAHIO_02939",643.985787640269,1.56223510076394,0.0922190729619962,16.9404771766437,2.26281708625299e-64,1.0074923693555e-63
"IBPFAHIO_02940",902.55258455775,1.33610689424904,0.083449808552273,16.0109042480559,1.07239870719724e-57,4.52555279539371e-57
"IBPFAHIO_02941",234.791315383842,1.22240127034202,0.129672142172836,9.42686108102322,4.22544614009266e-21,1.04483759100473e-20
"IBPFAHIO_02942",320.562881377617,0.611622487013009,0.117955509752927,5.18519642104156,2.15787318031556e-07,3.76025425480731e-07
"IBPFAHIO_02943",272.477852231402,1.08075043269789,0.125719214816707,8.59654138210749,8.21545090499691e-18,1.90991679158902e-17
"IBPFAHIO_02944",304.137380634072,1.59491778219505,0.128530912579883,12.4088264074511,2.34058357686786e-35,7.2345310557734e-35
"IBPFAHIO_02945",56.6144146596794,1.45730737073379,0.253767742609336,5.74268169685085,9.31887990790204e-09,1.69702304835319e-08
"IBPFAHIO_02946",174.691496582482,1.39632094727682,0.148891851335458,9.37808842292427,6.7179600704157e-21,1.65433222474763e-20
"IBPFAHIO_02947",272.438196708294,1.81092765880672,0.133618630666988,13.5529577706871,7.61007925408363e-42,2.58742694638843e-41
"IBPFAHIO_02948",935.59902017725,-0.928587822064843,0.0852307953273362,-10.8949801359769,1.21793139898731e-27,3.35857211591708e-27
"IBPFAHIO_02949",1.9248637698333,-1.41255903035977,1.34667177461524,-1.04892599443049,0.294212180584917,0.340919619535698
"IBPFAHIO_02950",0.164196858138009,1.14991949468353,4.0804728567969,0.28181035263305,0.778088932287453,0.810881952422173
"IBPFAHIO_02951",1.26443244425406,-3.68401687962165,1.89361996055392,-1.94548904023171,0.0517161475222511,0.0668400489790822
"IBPFAHIO_02952",0.49421647795065,1.04768601036182,2.49752925627209,0.41948898405524,0.674858803843743,0.718521744319511
"IBPFAHIO_02953",0,NA,NA,NA,NA,NA
"IBPFAHIO_02954",53.6325235619547,-0.428589141845798,0.260518940089969,-1.64513621043363,0.0999417246884695,0.124283308507024
"IBPFAHIO_02955",69.2288742728725,-1.05182298046142,0.22535748190492,-4.66735327165751,3.05104485309392e-06,5.11126886923684e-06
"IBPFAHIO_02956",109.678658739505,-0.7302904159138,0.177536798155748,-4.11345942644036,3.8977357356732e-05,6.23637717707712e-05
"IBPFAHIO_02957",4.38285561606576,-0.0249155191571646,0.849212990273012,-0.0293395407778142,0.976593791484973,0.979868753897733
"IBPFAHIO_02958",209.674382419869,-0.846860811008616,0.136831577881064,-6.18907436516385,6.05185296410947e-10,1.14240656584325e-09
"IBPFAHIO_02959",456.426663577001,-0.121757605136564,0.10995773331073,-1.10731279620405,0.26815871376679,0.313410496714936
"IBPFAHIO_02960",324.822680835334,0.0325559023520788,0.116206194371444,0.280156342165517,0.779357559837417,0.811638642197546
"IBPFAHIO_02961",418.225947800294,1.73194532808321,0.107508144209793,16.1098988436026,2.17379185441148e-58,9.25175708164886e-58
"IBPFAHIO_02962",17.6257956373061,0.024541947319077,0.417657665171704,0.0587609168120679,0.953142538508703,0.960526263124971
"IBPFAHIO_02963",10.3656112811684,1.01360304535784,0.556484247231104,1.82144067941045,0.0685398962552641,0.0874132010212064
"IBPFAHIO_02964",29.0186329315821,0.569905955386078,0.332700783765747,1.71296847856946,0.0867183387857058,0.109154930436193
"IBPFAHIO_02965",95.5668353082319,0.283265834625665,0.1887143721883,1.50102947295938,0.133347938650772,0.163515177230783
"IBPFAHIO_02966",504.161300952553,0.218005983753957,0.0998388218599713,2.18357929002529,0.0289931767360567,0.038335469634044
"IBPFAHIO_02967",15.3792900922523,0.140434362625765,0.470609744288718,0.298409381297487,0.765390729821827,0.802681059806136
"IBPFAHIO_02968",56.9319801770776,-0.221409897854109,0.23962679443462,-0.923978048350177,0.355497745016582,0.406128008052545
"IBPFAHIO_02969",5767.88584560787,1.95545670332838,0.0827357677904904,23.6349617045935,1.68532503016347e-123,1.21213761784834e-122
"IBPFAHIO_02970",4251.54750817697,2.60470141166595,0.075321026247048,34.5813319526835,4.8215465233218e-262,7.10643704324081e-261
"IBPFAHIO_02971",215.028279380553,0.179532964475173,0.133070125422497,1.34916055654984,0.177285400940474,0.214318351359151
"IBPFAHIO_02972",948.700151039182,0.531646143300074,0.0937507724945845,5.67084546776171,1.42094525642602e-08,2.57197108725144e-08
"IBPFAHIO_02973",264.278737446942,0.194224749444674,0.138845292766909,1.39885728622241,0.161855783533416,0.196379766557981
"IBPFAHIO_02974",16.4798261314645,-0.336058494908692,0.448036167663975,-0.750070014795624,0.453212537709365,0.504468717569353
"IBPFAHIO_02975",170.563539348326,0.0525603861321045,0.154362636448176,0.340499406731438,0.733480469485008,0.772193372519051
"IBPFAHIO_02976",9.4059768882641,-1.0989859936355,0.600087883632284,-1.83137507623621,0.0670445787739481,0.0855790868991692
"IBPFAHIO_02977",249.870589382028,-1.32212540074138,0.133604200044024,-9.89583710920558,4.33964426189764e-23,1.11356909361902e-22
"IBPFAHIO_02978",329.408570302476,-0.628349129817369,0.116138035329135,-5.41036472708214,6.28965181896527e-08,1.12015703823477e-07
"IBPFAHIO_02979",23.7754430268511,-2.06083977525823,0.414673084243449,-4.96979392578163,6.70240973694808e-07,1.14657575374206e-06
"IBPFAHIO_02980",448.99726927695,-1.49731940074706,0.102707196244614,-14.5785247333688,3.84741245476291e-48,1.42822060355467e-47
"IBPFAHIO_02981",942.82022252273,-0.73273780761713,0.0931198878090712,-7.8687574143077,3.58180936594722e-15,7.83389884715941e-15
"IBPFAHIO_02982",40.9743790376162,-0.837070355193299,0.285234329907707,-2.93467604500535,0.00333896086259714,0.00474818008597464
"IBPFAHIO_02983",49.3212842900045,-0.507216040152874,0.267501211199918,-1.89612614416839,0.0579433662588385,0.0745021709696798
"IBPFAHIO_02984",3.95825469474436,-0.0522359969284349,0.899395463015515,-0.0580790087080235,0.953685694788152,0.960750033268065
"IBPFAHIO_02985",6.45395869662642,-1.81195469268286,0.766234393920744,-2.3647524922645,0.0180421241367479,0.024338158438751
"IBPFAHIO_02986",7.00219530603695,-0.717800520475337,0.703369811848527,-1.02051653111026,0.307483553217318,0.354934718837275
"IBPFAHIO_02987",60.5536130408649,-0.736192130222979,0.241530291718099,-3.04803229850036,0.00230345168166628,0.00331183442169415
"IBPFAHIO_02988",0,NA,NA,NA,NA,NA
"IBPFAHIO_02989",56.2574467870049,-0.728679946177167,0.247644741929134,-2.94244061271322,0.00325636237561776,0.00463954106088017
"IBPFAHIO_02990",47.7664435514173,-0.641688683596224,0.262599467832252,-2.44360237624751,0.0145414432521628,0.0197404710573826
"IBPFAHIO_02991",17.6069268329023,-1.35536692340856,0.480555434664708,-2.82041742874935,0.00479612149178037,0.00677845796098577
"IBPFAHIO_02992",123.371255659817,2.74189035862658,0.204685397662254,13.3956324678857,6.41274181476844e-41,2.14618831205673e-40
"IBPFAHIO_02993",62.8092689962745,2.24481841414501,0.265781376745679,8.44610875912889,3.0117313219197e-17,6.90505755952778e-17
"IBPFAHIO_02994",6.72903841168097,2.135090437475,0.776756419503383,2.74872583459313,0.00598274051609631,0.00840787206395499
"IBPFAHIO_02995",14.8205255960718,0.283616378999234,0.453948774887086,0.624776174513918,0.53211796994835,0.580633466843714
"IBPFAHIO_02996",18.4951992853621,-1.05316303929828,0.422836448675778,-2.49071016133195,0.0127488072790824,0.0174255054266855
"IBPFAHIO_02997",24.1409221189109,-0.58026823159298,0.384031075483264,-1.51099290822434,0.130790257730193,0.160774219855685
"IBPFAHIO_02998",23.5163250920266,-0.900978265725088,0.376788647322275,-2.3912033234761,0.0167932500027366,0.02270465612661
"IBPFAHIO_02999",51.5936649955352,-1.1384200701309,0.292985460645436,-3.88558554278771,0.00010208353834559,0.000159329132357854
"IBPFAHIO_03000",31.0518504278713,-0.725086817420035,0.331489503806694,-2.18735980805855,0.0287162678152574,0.038000474702897
"IBPFAHIO_03001",0,NA,NA,NA,NA,NA
"IBPFAHIO_03002",0,NA,NA,NA,NA,NA
"IBPFAHIO_03003",0,NA,NA,NA,NA,NA
"IBPFAHIO_03004",0,NA,NA,NA,NA,NA
"IBPFAHIO_03005",0,NA,NA,NA,NA,NA
"IBPFAHIO_03006",0,NA,NA,NA,NA,NA
"IBPFAHIO_03007",0,NA,NA,NA,NA,NA
"IBPFAHIO_03008",0,NA,NA,NA,NA,NA
"IBPFAHIO_03009",0,NA,NA,NA,NA,NA
"IBPFAHIO_03010",0.192459364692238,1.14992122140206,3.99204880770588,0.288052896342941,0.773306248334905,0.808149596583316
"IBPFAHIO_03011",0,NA,NA,NA,NA,NA
"IBPFAHIO_03012",0,NA,NA,NA,NA,NA
"IBPFAHIO_03013",0,NA,NA,NA,NA,NA
"IBPFAHIO_03014",0.49492905855545,-0.72273692200998,2.49478215966506,-0.289699410912499,0.772046207033453,0.808034216058264
"IBPFAHIO_03015",0,NA,NA,NA,NA,NA
"IBPFAHIO_03016",0,NA,NA,NA,NA,NA
"IBPFAHIO_03017",0,NA,NA,NA,NA,NA
"IBPFAHIO_03018",45.5789271839251,0.741717111191586,0.275158799987026,2.69559654725401,0.00702627124184983,0.00981447411559976
"IBPFAHIO_03019",159.49478788991,0.980049517102783,0.158773894228839,6.17261119570609,6.71712542169543e-10,1.26559441194665e-09
"IBPFAHIO_03020",0,NA,NA,NA,NA,NA
"IBPFAHIO_03021",0,NA,NA,NA,NA,NA
"IBPFAHIO_03022",893.742655390841,1.4462156169022,0.0966829799229186,14.9583268746496,1.37438086746271e-50,5.26523374577264e-50
"IBPFAHIO_03023",322.709356433738,1.41990329792262,0.120386572846436,11.7945321006341,4.16509117202781e-32,1.21225221660576e-31
"IBPFAHIO_03024",685.050418988497,0.65946891775272,0.0858140519376858,7.68485933086571,1.53165193605036e-14,3.28980803493372e-14
"IBPFAHIO_03025",8033.95892882805,1.58526289358538,0.0639900255428885,24.7735936989567,1.72689105072696e-135,1.35258063449609e-134
"IBPFAHIO_03026",32.0582141429656,-1.4067775493177,0.354152069055315,-3.97224150933304,7.11994794266512e-05,0.000112179485226193
"IBPFAHIO_03027",285.269613584943,-0.159096861301151,0.128408217228636,-1.23899283655557,0.215348150940271,0.256293423871636
"IBPFAHIO_03028",67.6450982433581,-0.144299076492814,0.222949121064851,-0.64722873005111,0.517483919740009,0.565903467785858
"IBPFAHIO_03029",620.698116144648,0.545197890083642,0.0883875132620555,6.16826823113819,6.90419540329562e-10,1.30002219299311e-09
"IBPFAHIO_03030",0.315395530458716,0.188153786932306,3.08489319690483,0.0609919938625709,0.95136558515837,0.959381810176557
"IBPFAHIO_03031",62.7733798744373,2.19738857248177,0.258006348016917,8.51680041739785,1.64021808957318e-17,3.78084169799919e-17
"IBPFAHIO_03032",330.565909704228,0.504741138897036,0.117303914091226,4.30284993307645,1.68615061381142e-05,2.75229821959835e-05
"IBPFAHIO_03033",432.878042739097,0.451788384225065,0.100623483197758,4.48989013168179,7.12599195495868e-06,1.17990968064396e-05
"IBPFAHIO_03034",86863.3342471267,2.69450126096216,0.0636163166102259,42.3555057025895,0,0
"IBPFAHIO_03035",19794.8100023658,2.72539089556664,0.0550853897065698,49.4757486528519,0,0
"IBPFAHIO_03036",1666.75634785174,0.873294684658073,0.0701666895855302,12.4460009417084,1.47029517459985e-35,4.55867685223084e-35
"IBPFAHIO_03037",437.893260300155,1.35290968751989,0.110405624243694,12.2539924644931,1.5992458851972e-34,4.86274765092481e-34
"IBPFAHIO_03038",491.339441048702,1.94559047804277,0.124018230793308,15.6879393101918,1.82897172752452e-55,7.48602381498407e-55
"IBPFAHIO_03039",265.130275990898,1.00071232873901,0.126546570456308,7.90785815159268,2.61854931389876e-15,5.73970662797442e-15
"IBPFAHIO_03040",2375.05398884023,0.794717310851172,0.0649518545880143,12.2354829726113,2.00906246025388e-34,6.10265470160367e-34
"IBPFAHIO_03041",29.4683371945396,1.21959813437833,0.344772378230182,3.53740093866825,0.000404085737274505,0.00060694002305488
"IBPFAHIO_03042",463.156516192724,1.29522302378698,0.112573487095067,11.5055778870311,1.23658275827857e-30,3.52367201216142e-30
"IBPFAHIO_03043",362.959576470149,-0.691678517826647,0.108968607895195,-6.34750256231499,2.18838335214971e-10,4.20259498692679e-10
"IBPFAHIO_03044",0,NA,NA,NA,NA,NA
"IBPFAHIO_03045",526.651675758556,-0.242246083438443,0.0972398071908626,-2.491223403631,0.0127304045495039,0.0174083045759213
"IBPFAHIO_03046",973.416110069605,-0.113488689486644,0.0753107225094353,-1.50693932689898,0.131826209841232,0.161981116979452
"IBPFAHIO_03047",582.676297329772,1.75266234112044,0.121231944827776,14.4570999303055,2.26126545550916e-47,8.31167843106071e-47
"IBPFAHIO_03048",67.2574496353185,0.931870426362812,0.242930240258265,3.83595893772681,0.00012507530583423,0.000194503802004167
"IBPFAHIO_03049",521.097792687282,1.11062761813898,0.0970834649267362,11.4399256245862,2.64111846449998e-30,7.49736854438704e-30
"IBPFAHIO_03050",192.756679625567,0.266551545854463,0.139713184820724,1.90784818338007,0.056410841091698,0.0726253169304477
"IBPFAHIO_03051",0,NA,NA,NA,NA,NA
"IBPFAHIO_03052",13.1604551281709,2.32571039459383,0.562390211283598,4.13540340484526,3.54331637491163e-05,5.69060794081352e-05
"IBPFAHIO_03053",885.762847160548,0.516528479563298,0.0841550059360427,6.13782238879356,8.36603204062517e-10,1.56542638308634e-09
"IBPFAHIO_03054",1788.41177954856,0.382217030868859,0.0654972980703298,5.83561524108126,5.35924394576683e-09,9.84942130573364e-09
"IBPFAHIO_03055",122.986293152307,-0.83019253053543,0.177649371624425,-4.67320837075951,2.96530648899001e-06,4.97599383906793e-06
"IBPFAHIO_03056",0,NA,NA,NA,NA,NA
"IBPFAHIO_03057",0,NA,NA,NA,NA,NA
"IBPFAHIO_03058",0.341913139071188,2.00376565737386,2.94977334479291,0.679294787482912,0.496951098515551,0.546847255152088
"IBPFAHIO_03059",0.164909438742808,-0.773633856958963,4.0804728567969,-0.189594168153897,0.849627157463939,0.87416934495602
"IBPFAHIO_03060",2.38679534066806,2.75787469882125,1.4355786435526,1.9210892494168,0.054720456710544,0.0705705200335981
"IBPFAHIO_03061",1.97607158327591,1.1471022566944,1.31598232070165,0.871669959884263,0.383388452786716,0.433685539031325
"IBPFAHIO_03062",0,NA,NA,NA,NA,NA
"IBPFAHIO_03063",0,NA,NA,NA,NA,NA
"IBPFAHIO_03064",0,NA,NA,NA,NA,NA
"IBPFAHIO_03065",0,NA,NA,NA,NA,NA
"IBPFAHIO_03066",0,NA,NA,NA,NA,NA
"IBPFAHIO_03067",0,NA,NA,NA,NA,NA
"IBPFAHIO_03068",0,NA,NA,NA,NA,NA
"IBPFAHIO_03069",0,NA,NA,NA,NA,NA
"IBPFAHIO_03070",39.4282383259295,-1.01213830982646,0.295746744870678,-3.42231428538306,0.000620904980890019,0.000924712644511169
"IBPFAHIO_03071",86.7460253169854,-1.16958949990434,0.205596557139426,-5.68876014354258,1.27965057230888e-08,2.32043303778677e-08
"IBPFAHIO_03072",0,NA,NA,NA,NA,NA
"IBPFAHIO_03073",0.687316074025889,0.289337528103811,2.36478258386231,0.122352697486146,0.902619698901137,0.920776726598092
"IBPFAHIO_03074",32.9465045650081,-1.34634845342696,0.340004038768978,-3.95980135501203,7.5012132890896e-05,0.00011812436926819
"IBPFAHIO_03075",124.259255346837,-0.908008964359768,0.184243484240145,-4.92830977499459,8.29440359448022e-07,1.41648718919434e-06
"IBPFAHIO_03076",65.413572055678,-1.04654912073668,0.240138514053226,-4.35810609082357,1.31192789164297e-05,2.14848836989368e-05
"IBPFAHIO_03077",23.8408342295102,-1.5018840106672,0.387037213669833,-3.88046409394732,0.000104257336235391,0.000162467682300152
"IBPFAHIO_03078",69.4658795663614,-1.80600368255183,0.245630741823529,-7.35251487311526,1.9451188237725e-13,4.06410301726767e-13
"IBPFAHIO_03079",18.03600961925,-2.23230229826339,0.49113982868223,-4.54514614351854,5.48971510851712e-06,9.12005974718669e-06
"IBPFAHIO_03080",0,NA,NA,NA,NA,NA
"IBPFAHIO_03081",56.0449019549866,-0.394071050355705,0.252597295352249,-1.56007628587697,0.118741854796501,0.146747471933553
"IBPFAHIO_03082",5.14744338369099,-1.15338123681166,0.882877637225257,-1.30638855055447,0.191420457441415,0.229667564850147
"IBPFAHIO_03083",1.80720791347383,2.31046499636703,1.63946101872512,1.40928327662447,0.158751421794158,0.192769583607192
"IBPFAHIO_03084",0,NA,NA,NA,NA,NA
"IBPFAHIO_03085",0,NA,NA,NA,NA,NA
"IBPFAHIO_03086",0,NA,NA,NA,NA,NA
"IBPFAHIO_03087",1462.1034581197,2.72189251994852,0.0941152155500184,28.9208551884147,6.52850746328748e-184,6.53287435791175e-183
"IBPFAHIO_03088",5.9629341284067,2.42551058066176,0.870169574682383,2.78739989449422,0.00531328673798553,0.00749521636966181
"IBPFAHIO_03089",0,NA,NA,NA,NA,NA
"IBPFAHIO_03090",478.792488484925,1.15416951729524,0.0997405356533643,11.5717196597621,5.73220903113972e-31,1.64436907202014e-30
"IBPFAHIO_03091",55.2229506860541,0.264166836139449,0.24221671498342,1.09062182664615,0.275439321298393,0.321417491936347
"IBPFAHIO_03092",572.074456811747,0.510543802705315,0.0967469587182995,5.27710441205576,1.31241115812561e-07,2.30577462425826e-07
"IBPFAHIO_03093",126.330762911708,0.129429841594874,0.169349955473955,0.764274435340961,0.444703716683224,0.495920059752593
"IBPFAHIO_03094",6.12559922823186,0.249530103595902,0.712764379640237,0.350087785983147,0.726272816975405,0.765671817503186
"IBPFAHIO_03095",12.5739175366957,0.676320048671233,0.506520070194336,1.3352285298621,0.18180156196218,0.219069783886767
"IBPFAHIO_03096",997.799743287932,0.722863408277852,0.0828286300737681,8.72721675626002,2.61016527194995e-18,6.11080946296889e-18
"IBPFAHIO_03097",982.669086081191,1.14779865674604,0.0763395689792582,15.0354353855195,4.30210468126106e-51,1.65874963999138e-50
"IBPFAHIO_03098",1177.42952207876,-0.965569635949709,0.0798321735285955,-12.0949937008022,1.12250865789809e-33,3.37203404059345e-33
"IBPFAHIO_03099",3.89355109660644,3.5284581470135,1.27732586555019,2.76237899989104,0.00573818264890463,0.00808316501201632
"IBPFAHIO_03100",3.14324252766575,2.01186727910084,1.11663184619203,1.80172837266084,0.071588151853244,0.0911454256786835
"IBPFAHIO_03101",0,NA,NA,NA,NA,NA
"IBPFAHIO_03102",0,NA,NA,NA,NA,NA
"IBPFAHIO_03103",0,NA,NA,NA,NA,NA
"IBPFAHIO_03104",1.19453073779384,1.52702716822365,1.68580619594882,0.905814186644506,0.365034210798044,0.415953935455225
"IBPFAHIO_03105",2845.81511553644,2.99440615086842,0.0732783909490346,40.8634266130522,0,0
"IBPFAHIO_03106",2.83611738983875,1.41105280484876,1.15089760100853,1.22604548277124,0.220181559670132,0.261421915290887
"IBPFAHIO_03107",0.177716280933179,1.14991949468353,4.0804728567969,0.28181035263305,0.778088932287453,0.810881952422173
"IBPFAHIO_03108",0,NA,NA,NA,NA,NA
"IBPFAHIO_03109",1.17946791730262,0.562576450997492,1.70759869913976,0.329454719824338,0.74181201360847,0.780415451728742
"IBPFAHIO_03110",0,NA,NA,NA,NA,NA
"IBPFAHIO_03111",0,NA,NA,NA,NA,NA
"IBPFAHIO_03112",0,NA,NA,NA,NA,NA
"IBPFAHIO_03113",0,NA,NA,NA,NA,NA
"IBPFAHIO_03114",0,NA,NA,NA,NA,NA
"IBPFAHIO_03115",225.913421846305,-0.321633981505938,0.150313628450378,-2.13975262803344,0.0323747634286991,0.0426156146848516
"IBPFAHIO_03116",844.578112189007,0.156457926755915,0.0811087707302919,1.92898900263424,0.0537322275009785,0.0693857680979404
"IBPFAHIO_03117",278.310550805254,-0.0384686576640225,0.12986007553811,-0.296231597776432,0.767053219619144,0.803861027355684
"IBPFAHIO_03118",295.313119748665,-0.0291314130441353,0.116233617503964,-0.25062812007156,0.80210163879221,0.832716205158325
"IBPFAHIO_03119",69.5647137502345,-0.974828882199998,0.222679384732883,-4.37772397911627,1.19925093437755e-05,1.96827141835306e-05
"IBPFAHIO_03120",41.7872168408629,0.521408719758174,0.287542363182022,1.81332835269253,0.069781192812893,0.0889583847022479
"IBPFAHIO_03121",237.598853613498,0.648347964541188,0.131743282853595,4.92129807681875,8.59720737319179e-07,1.46568914305355e-06
"IBPFAHIO_03122",0.493111811391895,1.04766101720016,2.49906938959467,0.419220459248665,0.675055021150449,0.718521744319511
"IBPFAHIO_03123",0,NA,NA,NA,NA,NA
"IBPFAHIO_03124",0.329106296880817,0.188154045172823,3.04171800965864,0.0618578200133479,0.95067605788939,0.959019221481856
"IBPFAHIO_03125",0,NA,NA,NA,NA,NA
"IBPFAHIO_03126",0,NA,NA,NA,NA,NA
"IBPFAHIO_03127",0.177716280933179,1.14991949468353,4.0804728567969,0.28181035263305,0.778088932287453,0.810881952422173
"IBPFAHIO_03128",160.185553804013,1.42170121120425,0.168410091598921,8.44190034995125,3.12219484475516e-17,7.14736570429031e-17
"IBPFAHIO_03129",225.500368303035,1.16347692418704,0.133774704340844,8.69728645576093,3.39914593354201e-18,7.93930104071638e-18
"IBPFAHIO_03130",35.4879710930007,1.75562911701328,0.325158769569299,5.39929807010515,6.69021393067691e-08,1.19007848279342e-07
"IBPFAHIO_03131",47.8226731599467,-0.177320735423213,0.265672028155624,-0.667442246947214,0.504489688077867,0.553920420817974
"IBPFAHIO_03132",12.5592942052604,0.436153507441975,0.514014773507455,0.84852329139456,0.396146606773338,0.446093582034561
"IBPFAHIO_03133",27.3409067104596,0.60822367756805,0.363146127626505,1.67487309184144,0.0939591341090975,0.117724342233844
"IBPFAHIO_03134",21.7886182073878,0.595243382576411,0.417145049351814,1.42694581537366,0.153595513502089,0.186660347846568
"IBPFAHIO_03135",41.2090654894157,0.323481484097416,0.293657432800554,1.10156068931215,0.27065270640299,0.316201834266984
"IBPFAHIO_03136",8.21096810691112,0.356991195249067,0.61082813658706,0.584438033984025,0.558925644065277,0.606787201394524
"IBPFAHIO_03137",14.1985886621228,0.0120204069426126,0.490987627353814,0.0244820974560944,0.980468063596064,0.982863533221782
"IBPFAHIO_03138",16.218120114269,0.322604173976235,0.446402021157129,0.722676329152825,0.469878761538917,0.520309864738875
"IBPFAHIO_03139",7.00716482424908,0.0613068982648734,0.701028639928232,0.0874527726444239,0.930311623512411,0.943556738152248
"IBPFAHIO_03140",17.7116761841444,0.598742953251278,0.420212321155956,1.42485815647719,0.154198207239861,0.187316701608472
"IBPFAHIO_03141",3.26767620386362,0.958455006880659,1.00155478570832,0.956967128066605,0.338583846980376,0.387693406109945
"IBPFAHIO_03142",59.7751092891577,0.0392188241062427,0.236090522229792,0.166117740499851,0.868064293226106,0.890602261723118
"IBPFAHIO_03143",38.2813426227608,0.271922914435735,0.297544516175844,0.913889853964015,0.360774725478545,0.41152461985661
"IBPFAHIO_03144",45.7827072150036,0.662465588728651,0.271970487963892,2.43579953725201,0.0148589165619554,0.0201531633514825
"IBPFAHIO_03145",1.37011003483131,1.75538905718429,1.61916757787914,1.0841305626213,0.278306913575941,0.324384217148117
"IBPFAHIO_03146",55.2719457416542,0.27736183565188,0.26468420445115,1.04789719593211,0.294685974339069,0.341215338708396
"IBPFAHIO_03147",413.261214859202,0.367904809810565,0.102698182908785,3.58238869851603,0.000340466691997004,0.000515003206499008
"IBPFAHIO_03148",3.95283014005657,-1.4734821761994,0.980058819230702,-1.50346300373687,0.132719690298461,0.162811526598195
"IBPFAHIO_03149",11.6946048657999,-1.27957528548776,0.558616969140978,-2.29061298917476,0.0219858070137345,0.0293798725257229
"IBPFAHIO_03150",9.9595928899435,-0.752730205667565,0.601383822594384,-1.25166354229528,0.21069249004104,0.251052142653441
"IBPFAHIO_03151",22.0265693105071,-0.20169398613392,0.385044579156709,-0.523819830357443,0.600403859392819,0.645957694104033
"IBPFAHIO_03152",8.56124920563852,-0.0389601296448214,0.599493507997267,-0.0649884095909158,0.948183228552815,0.958757762700244
"IBPFAHIO_03153",12.4276928436491,0.987583368693166,0.547264228082724,1.80458235348773,0.0711400615150798,0.0906134798012426
"IBPFAHIO_03154",1.1956354043526,1.52610058549812,1.73732294497429,0.878420785216022,0.379715408701698,0.43083371362741
"IBPFAHIO_03155",42.8566500629399,-0.246396946855149,0.281489698373294,-0.875332022020902,0.381393275447179,0.43224571217347
"IBPFAHIO_03156",34.9893390509059,0.123991965099971,0.31571539772643,0.392733347796393,0.694516437658117,0.736354777276075
"IBPFAHIO_03157",102.41406371137,0.391744361720878,0.189205877244823,2.07046613681022,0.0384087140018734,0.0502267798486037
"IBPFAHIO_03158",7.33222574344864,-0.0926545144336628,0.663897701801823,-0.139561432705969,0.889006514561122,0.909681084667194
"IBPFAHIO_03159",30.6640777004623,1.19569517966707,0.341967610381182,3.49651587860693,0.000471376439267441,0.000705179153144091
"IBPFAHIO_03160",2801.42780063425,2.18908563583919,0.0748156904788245,29.2597130605749,3.37847928703838e-188,3.50986459264543e-187
"IBPFAHIO_03161",443.557067753175,1.86717360089392,0.109166080499598,17.1039721527861,1.38625757933039e-65,6.27486032882985e-65
"IBPFAHIO_03162",127.530281903434,0.621113393067787,0.172216362332913,3.60658757770709,0.000310250178482611,0.00047000938431391
"IBPFAHIO_03163",213.234800660527,0.275399869095741,0.135877936613413,2.02681815723537,0.0426810128473175,0.0555949457723875
"IBPFAHIO_03164",126.341795559137,0.646100805660604,0.175138177362392,3.68909175252925,0.000225056050562446,0.000344609878855086
