"","ERR1797969","ERR1797970","ERR1797971","ERR1797972","ERR1797973","ERR1797974"
"IBPFAHIO_00001",0,0.985181148828051,0,0,0,0
"IBPFAHIO_00003",4.6190247526137,2.95554344648415,2.13259537119815,2.74146009983033,0.907192033924242,1.9789132649137
"IBPFAHIO_00004",154.737329212559,143.836447728895,157.812057468663,122.451884459088,123.378116613697,132.587188749218
"IBPFAHIO_00006",801.400794578477,866.959410968685,861.568529964052,1485.87137410804,1445.15691004132,1404.03896145627
"IBPFAHIO_00007",177.832452975627,202.947316658579,167.408736639055,393.856434342291,361.062429501848,333.446885137958
"IBPFAHIO_00008",5.77378094076713,1.9703622976561,1.06629768559907,4.56910016638388,3.62876813569697,4.94728316228425
"IBPFAHIO_00009",1131.66106439036,1084.68444485968,1124.94405830702,1058.20359853451,926.243066636651,1017.16141816564
"IBPFAHIO_00010",1833.75282678764,1803.86668350416,1762.59007429527,1348.79836911652,1339.01544207218,1379.30254564485
"IBPFAHIO_00011",63.5115903484384,56.1553254831989,71.441944935138,86.8129031612938,78.0185149174848,79.156530596548
"IBPFAHIO_00012",100.463788369348,111.32546981757,139.684996813479,103.261663760276,120.656540511924,116.755882629908
"IBPFAHIO_00013",13689.6346105589,13536.3889848974,13931.1792623519,8271.89894122138,8528.5123109218,8562.75769728158
"IBPFAHIO_00014",1117.80399013252,1170.39520480772,1075.89436476947,1440.1803724442,1309.07810495268,1370.39743595274
"IBPFAHIO_00015",890.317021066291,910.307381517119,892.491162846425,583.017181230583,614.169006966712,609.505285593419
"IBPFAHIO_00016",980.388003742258,1017.69212673938,1000.18722909193,634.191103094083,615.98339103456,557.064084073206
"IBPFAHIO_00017",1456.14755326147,1455.11255681903,1371.25882368041,1065.51415880072,893.584153415378,981.540979397195
"IBPFAHIO_00018",7182.5834903143,7462.74720237249,7064.22216709386,4341.55897809796,4154.0323233391,4015.2150145099
"IBPFAHIO_00019",21172.454709793,21240.5055687328,20603.0038811453,17715.3151651036,20194.0946751536,20308.5973811768
"IBPFAHIO_00020",5.77378094076713,1.9703622976561,5.33148842799537,4.56910016638388,4.53596016962121,10.8840229570253
"IBPFAHIO_00021",73.9043960418192,74.8737673109319,79.9723264199305,31.0698811314104,25.4013769498788,33.6415255035329
"IBPFAHIO_00022",0,0,0,0,0,0
"IBPFAHIO_00023",3.46426856446028,3.9407245953122,5.33148842799537,1.82764006655355,13.6078805088636,8.90510969211165
"IBPFAHIO_00024",193.999039609775,223.636120783968,182.336904237442,192.8160270214,244.034657125621,284.963510147573
"IBPFAHIO_00025",7907.77037647466,6897.25322294519,7020.5039619843,600.379761862842,715.774514766227,803.438785554962
"IBPFAHIO_00026",12.7023180696877,12.8073549347647,12.7955722271889,6.39674023293743,14.5150725427879,15.8313061193096
"IBPFAHIO_00027",9665.30929484417,7959.27850138182,7453.42082233753,1060.94505863434,1206.56540511924,948.888910526119
"IBPFAHIO_00028",1189.39887379803,1160.54339331944,1161.19817961739,2180.37459939839,2110.12867090779,2076.86947152693
"IBPFAHIO_00029",745.972497547113,776.322745276504,747.474677604951,632.363463027529,650.456688323682,728.240081488241
"IBPFAHIO_00030",9.2380495052274,11.8221737859366,6.39778611359444,6.39674023293743,9.97911237316666,7.9156530596548
"IBPFAHIO_00031",269.058191839748,272.89517822537,253.77884917258,101.434023693722,106.141467969136,111.808599467624
"IBPFAHIO_00032",524.259309421655,526.086733474179,531.016247428339,154.435585623775,164.201758140288,144.4606683387
"IBPFAHIO_00033",0,0.985181148828051,0,0,0,0.98945663245685
"IBPFAHIO_00034",57.7378094076713,58.125687780855,58.6463727079491,38.3804413976246,42.6380255944394,35.6204387684466
"IBPFAHIO_00035",12845.5078370187,12880.2583397779,12150.4621274014,4882.54043779782,4644.82321369212,4732.57107304111
"IBPFAHIO_00037",254.046361393754,217.725033890999,229.254002403801,478.841697437031,481.718970013773,500.665056023166
"IBPFAHIO_00038",3419.23307312229,2979.18779405603,3260.73832256197,1724.37840279328,1831.62071649304,1736.49638996177
"IBPFAHIO_00039",971.149954237031,1010.79585869758,918.082307300803,849.852630947402,1050.52837528427,942.952170731378
"IBPFAHIO_00040",242.498799512219,208.858403551547,237.784383888593,204.695687453998,202.303823565106,203.828066286111
"IBPFAHIO_00041",1065.83996166561,914.248106112431,951.137535554374,1035.35809770259,1088.63044070909,1008.25630847353
"IBPFAHIO_00042",2092.41821293401,1919.13287791704,1722.0707622425,239.420848718515,259.456921702333,271.111117293177
"IBPFAHIO_00043",1247.1366832057,1239.35788522569,1234.77271992373,340.854872412238,329.3107083145,320.583948916019
"IBPFAHIO_00044",1260.99375746354,1139.85458919406,1303.01577180207,335.371952212577,218.633280175742,227.575025465075
"IBPFAHIO_00045",42.7259789616767,40.3924271019501,46.9170981663593,22.8455008319194,18.1438406784848,25.7258724438781
"IBPFAHIO_00046",2576.26105577029,2411.72345233107,2408.76647176831,472.444957204093,501.677194760106,496.707229493339
"IBPFAHIO_00047",5594.79373160334,5278.6005954207,5459.44415026726,1083.79055946626,1055.97152748782,1082.46555590779
"IBPFAHIO_00048",1448.0642599444,1580.23056272019,1632.50175665218,308.87117124755,366.505581705394,331.467971873045
"IBPFAHIO_00049",1710.19391465522,1897.45889264283,1736.99892984089,402.080814641782,423.658679842621,420.519068794161
"IBPFAHIO_00050",2205.58431937304,2054.10269530649,2133.66166888375,421.271035340594,436.35936831756,373.025150436232
"IBPFAHIO_00051",311.784170801425,285.702533160135,340.148961706105,74.9332427286957,51.7099459336818,71.2408775368932
"IBPFAHIO_00052",87.7614702996603,97.5329337339771,91.7016009615204,28.3284210315801,21.7726088141818,20.7785892815938
"IBPFAHIO_00053",139.725498766564,128.073549347647,129.022019957488,44.777181630562,40.8236415265909,28.6942423412486
"IBPFAHIO_00054",961.911904731803,835.433614206187,888.225972104029,310.698811314104,327.496324246651,282.984596882659
"IBPFAHIO_00055",237.879774759606,242.354562611701,230.3203000894,84.0714430614634,71.6681706800151,78.1670739640911
"IBPFAHIO_00056",205.54660149131,219.695396188655,235.651788517395,67.6226824624814,93.4407794941969,85.0932703912891
"IBPFAHIO_00057",0,0,0,0,0,0
"IBPFAHIO_00058",0,0,0,0,0,0
"IBPFAHIO_00059",1332.58864112905,1445.26074533075,1458.69523389953,360.958913144327,350.176125094757,379.95134686343
"IBPFAHIO_00060",4.6190247526137,7.88144919062441,7.46408379919352,1.82764006655355,1.81438406784848,0
"IBPFAHIO_00061",1427.27864855763,1549.68994710652,1613.3083983114,741.108046987466,847.317359685242,831.143571263754
"IBPFAHIO_00062",2080.87065105247,1914.2069721729,2080.34678460379,433.150695773192,404.607647130212,418.540155529247
"IBPFAHIO_00063",989.626053247485,1002.91440950696,879.695590619236,813.299829616331,776.556381039151,742.092474342637
"IBPFAHIO_00064",71.5948836655124,66.9923181203075,58.6463727079491,70.3641425623118,66.2250184764697,64.3146811096952
"IBPFAHIO_00065",76.2139084181261,46.3035139949184,57.58007502235,51.1739218634995,40.8236415265909,37.5993520333603
"IBPFAHIO_00066",71.5948836655124,82.7552165015563,89.5690055903222,72.1917826288653,85.2760511888788,80.1459872290048
"IBPFAHIO_00067",116.630375003496,110.340288668742,131.154615328686,114.227504159597,96.1623555959697,88.0616402886596
"IBPFAHIO_00068",408.783690606313,369.442930810519,388.132357558063,270.490729849926,263.992881871954,259.237637703695
"IBPFAHIO_00069",244.808311888526,271.909997076542,275.104802884561,213.833887786766,264.900073905879,224.606655567705
"IBPFAHIO_00070",210.165626243923,243.339743760529,276.17110057016,228.455008319194,234.055544752454,218.669915772964
"IBPFAHIO_00071",765.603352745721,763.51539034174,777.331012801725,597.638301763012,608.725854763166,592.684522841653
"IBPFAHIO_00072",15.0118304459945,10.8369926371086,20.2596560263824,15.5349405657052,12.7006884749394,5.9367397947411
"IBPFAHIO_00073",73.9043960418192,69.9478615667916,106.629768559907,65.7950423959279,109.770236104833,97.9562066132281
"IBPFAHIO_00074",8.08329331707398,14.7777172324208,13.861869912788,11.8796604325981,13.6078805088636,15.8313061193096
"IBPFAHIO_00075",81.9876893588932,67.9774992691355,101.298280131912,74.0194226954189,80.7400910192575,72.23033416935
"IBPFAHIO_00076",151.273060648099,151.71789691952,146.082782927073,136.15918495824,110.677428138758,111.808599467624
"IBPFAHIO_00077",214.784650996537,249.250830653497,286.834077426151,179.108726522248,160.572990004591,155.344691295725
"IBPFAHIO_00078",327.950757435573,340.872677494506,345.4804501341,460.565296771495,296.651795093227,325.531232078304
"IBPFAHIO_00079",62.356834160285,77.829310757416,77.8397310487324,103.261663760276,71.6681706800151,80.1459872290048
"IBPFAHIO_00080",550.818701749184,576.33097206441,605.657085420274,544.636739832959,529.800147811757,489.781033066141
"IBPFAHIO_00081",0,0,0,0,0,0
"IBPFAHIO_00082",0,0,0,0,0,0
"IBPFAHIO_00083",0,0,0,0,0,0
"IBPFAHIO_00084",8.08329331707398,18.718441827733,22.3922513975806,19.1902206988123,21.7726088141818,12.862936221939
"IBPFAHIO_00085",16.166586634148,14.7777172324208,15.9944652839861,12.7934804658749,5.44315220354545,8.90510969211165
"IBPFAHIO_00086",11.5475618815343,11.8221737859366,12.7955722271889,16.448760598982,7.25753627139394,11.8734795894822
"IBPFAHIO_00087",25.4046361393754,21.6739852742171,20.2596560263824,18.2764006655355,14.5150725427879,14.8418494868527
"IBPFAHIO_00088",184.760990104548,188.169599426158,171.673927381451,200.126587287614,228.612392548909,195.912413226456
"IBPFAHIO_00089",3.46426856446028,13.7925360835927,9.59667917039167,10.0520203660445,22.6798008481061,19.789132649137
"IBPFAHIO_00090",0,0,0,0.913820033276776,0,0.98945663245685
"IBPFAHIO_00091",21.9403675749151,24.6295287207013,19.1933583407833,48.4324617636691,52.617137967606,56.3990280500404
"IBPFAHIO_00092",8.08329331707398,9.85181148828051,6.39778611359444,5.48292019966066,7.25753627139394,5.9367397947411
"IBPFAHIO_00093",36.9521980209096,33.4961590601537,37.3204189959676,65.7950423959279,72.5753627139394,65.3041377421521
"IBPFAHIO_00094",1.15475618815343,1.9703622976561,0,2.74146009983033,0.907192033924242,1.9789132649137
"IBPFAHIO_00095",6988.58445070453,6956.36409187487,7138.8630050858,15295.5197169867,16336.7141469078,15168.3701755635
"IBPFAHIO_00096",2413.44043324066,1857.06646554088,1931.06510861992,300.646790948059,281.229530516515,281.995140250202
"IBPFAHIO_00097",219.403675749151,247.280468355841,231.386597774999,1431.95599214471,1797.14741920392,1991.77620113564
"IBPFAHIO_00098",297.927096543584,324.124597964429,297.497054282142,2025.93901377461,1905.10327124091,1885.90434146276
"IBPFAHIO_00099",6981.65591357561,7179.01503151001,7277.48170421368,506.256298435334,495.326850522636,505.61233918545
"IBPFAHIO_00100",443.426376250915,463.035139949184,407.325715898846,294.250050715122,295.744603059303,288.9213366774
"IBPFAHIO_00101",177.832452975627,180.288150235533,216.458430176612,92.2958233609544,87.0904352567272,101.914033143056
"IBPFAHIO_00102",284.070022285743,299.495069243728,266.574421399768,170.884346222757,178.716830683076,181.070563739603
"IBPFAHIO_00103",325.641245059266,321.169054517945,330.552282535713,661.605704092386,596.025166288227,598.621262636394
"IBPFAHIO_00104",303.700877484351,310.332061880836,286.834077426151,618.656162528378,507.120346963651,530.348754996871
"IBPFAHIO_00105",310.629414613271,337.917134048022,330.552282535713,1404.54139114641,1167.5561476605,1045.85566050689
"IBPFAHIO_00106",1683.63452232769,1800.91114005768,1610.1095052546,7430.27069057347,6244.20276950056,6119.78927174562
"IBPFAHIO_00107",1057.75666834854,1078.77335796672,920.214902672001,1681.42886122927,1381.65346766662,1561.36256601691
"IBPFAHIO_00108",363.748199268329,352.694851280442,317.756710308524,157.177045723606,166.923334242061,147.429038236071
"IBPFAHIO_00109",1720.5867203486,1653.13396773347,1665.55698490575,637.84638322719,560.644676965182,597.631806003937
"IBPFAHIO_00110",5587.86519447442,6197.77460727727,5377.33922847613,901.940372844178,1066.85783189491,1257.59937985266
"IBPFAHIO_00111",4784.15488751964,4291.44908429499,4777.01363148385,4851.47055666641,4787.25236301823,4612.84682051383
"IBPFAHIO_00112",5960.85144324798,5227.37117568164,5782.53234900378,6637.07490168923,6832.06320748347,5982.25479983411
"IBPFAHIO_00113",1289.86266216738,1217.68389995147,1284.88871114688,1895.26274901603,1931.41184022471,1732.53856343194
"IBPFAHIO_00114",299.081852731737,270.924815927714,254.845146858179,1144.10268166252,1203.84382901747,1274.42014260442
"IBPFAHIO_00115",215.939407184691,200.976954360922,203.662857949423,692.675585223796,656.807032561151,786.618022803195
"IBPFAHIO_00116",420.331252487847,448.257422716763,395.596441357256,2033.24957404083,1880.60908632495,1694.93921139858
"IBPFAHIO_00117",1244.82717082939,1251.18005901162,1163.33077498859,4695.20733097608,4396.25259639688,4282.36830527324
"IBPFAHIO_00118",254.046361393754,250.236011802325,265.508123714169,673.485364524984,625.962503407727,589.716152944282
"IBPFAHIO_00119",3938.87335779133,3702.31075729582,4424.06909755056,6257.83958787936,6964.51324443641,6435.42593749935
"IBPFAHIO_00120",1132.81582057851,1050.2031046507,1183.59043101497,3904.75300219167,3454.58726518351,3255.31232078304
"IBPFAHIO_00121",205.54660149131,206.888041253891,205.795453320621,1093.8425798323,899.027305618924,958.783476850687
"IBPFAHIO_00122",112858.941292987,112977.618604154,114692.045360722,13265.925423079,13791.1332997163,12670.9816352424
"IBPFAHIO_00123",18.4760990104548,25.6147098695293,27.7237398255759,37.4666213643478,34.4732972891212,33.6415255035329
"IBPFAHIO_00124",1.15475618815343,0.985181148828051,0,0.913820033276776,0,0
"IBPFAHIO_00125",25.4046361393754,42.3627893996062,50.1159912231565,57.5706620964369,45.3596016962121,52.441201520213
"IBPFAHIO_00126",1457.30230944962,1383.19433295458,1446.96595935794,1415.50723154573,1476.00143919474,1492.10060174493
"IBPFAHIO_00127",7218.38093214706,7242.066625035,6862.69190451564,45803.4015279319,49334.9171888681,50697.7789338241
"IBPFAHIO_00128",12582.2234261197,11897.0475532475,11737.8049230746,56836.8646097157,53514.3508891571,51564.5429438563
"IBPFAHIO_00129",2508.13044066924,2654.07801494277,2506.86585884342,7205.47096238738,6577.14224595075,5995.11773605605
"IBPFAHIO_00130",3736.79102486448,3661.91833019387,3509.18568330655,4196.26159280696,3433.72184840326,3609.53779520259
"IBPFAHIO_00131",1271.38656315692,1245.26897211866,1227.30863612453,2928.79320665207,2993.73371195,2969.35935400301
"IBPFAHIO_00132",459.592962885063,511.309016241759,499.027316860367,906.509473010562,932.593410874121,1039.91892071215
"IBPFAHIO_00133",3317.61452856479,3338.77891337827,3155.17485168766,5175.87666847966,4467.92076707689,4561.39507562608
"IBPFAHIO_00134",9458.6079371647,8735.60124665833,8641.27644409489,13922.0482069717,11988.5427283089,11553.8850971986
"IBPFAHIO_00135",8162.97149405656,7982.9228489537,7777.57531875964,10831.5088544296,10478.9751838589,10321.0221331574
"IBPFAHIO_00136",1389.17169434857,1379.25360835927,1345.66767922603,5142.9791472817,5571.9734723627,5716.09096570322
"IBPFAHIO_00137",4351.12131696211,4138.74600622664,4175.62173680597,13423.1024688026,13617.8596212368,13680.2274003484
"IBPFAHIO_00138",822.186405965239,919.174011856572,908.485628130411,2671.09595726802,2365.95682447442,2493.43071379126
"IBPFAHIO_00139",1502.33780078761,1387.1350575499,1522.67309503548,4855.12583679951,4110.48710571074,3832.16553750538
"IBPFAHIO_00140",10837.3868258199,10242.9284043652,10524.3581568629,21373.3367583105,19601.6982770011,20388.7433684058
"IBPFAHIO_00141",5328.0450521399,5440.1703038285,5585.26727716795,6744.90566561589,7439.88187021271,6410.68952168793
"IBPFAHIO_00142",1018.49495795132,1011.78103984641,1011.91650363352,196.471307154507,200.489439497258,175.133823944862
"IBPFAHIO_00143",4277.21692092029,3918.06542888916,4003.94780942452,709.124345822778,663.157376798621,657.988660583805
"IBPFAHIO_00144",1882.25258669008,1847.2146540526,1773.25305115126,307.957351214274,332.032284416273,321.573405548476
"IBPFAHIO_00145",314.093683177732,321.169054517945,355.077129304492,947.631374508017,770.206036801682,748.029214137378
"IBPFAHIO_00146",387.998079219551,397.028002977705,467.038386292394,1565.37371700312,1421.56991715929,1459.44853287385
"IBPFAHIO_00147",5922.74448903892,5910.10171181948,5605.52693319433,971.390695373213,906.284841890318,990.446089089306
"IBPFAHIO_00148",4892.70196920606,4646.11429787309,4586.14634576162,568.396060698155,502.58438679403,539.253864688983
"IBPFAHIO_00149",444.581132439069,415.746444805438,421.187585811634,56.6568420631601,62.5962503407727,74.2092474342637
"IBPFAHIO_00150",423.795521052307,426.583437442546,421.187585811634,83.1576230281866,115.213388308379,103.892946407969
"IBPFAHIO_00151",54.273540843211,39.407245953122,46.9170981663593,59.3983021629905,61.6890583068485,65.3041377421521
"IBPFAHIO_00152",322.176976494806,349.739307833958,342.281557077303,230.282648385748,268.528842041576,245.385244849299
"IBPFAHIO_00153",581.997118829326,543.819994153084,609.92227616267,491.635177902906,561.551868999106,529.359298364415
"IBPFAHIO_00154",1830.28855822318,1473.83099864676,1806.30827940483,166.315246056373,167.830526275985,155.344691295725
"IBPFAHIO_00155",60.0473217839781,66.0071369714794,91.7016009615204,127.020984625472,95.2551635620454,101.914033143056
"IBPFAHIO_00156",916.87641339382,945.773902874929,875.43039987684,901.940372844178,737.547123580409,689.651272822424
"IBPFAHIO_00157",1427.27864855763,1389.10541984755,1465.09302001313,6139.04298355338,6557.18402120442,6475.00420279762
"IBPFAHIO_00158",1538.13524262036,1346.74263044795,1405.38034961958,6256.92576784609,6126.26780509041,6230.60841458078
"IBPFAHIO_00159",13585.706553625,13015.2281571674,12939.5224147448,33760.1673093772,35363.2526744009,34031.3714167209
"IBPFAHIO_00160",2152.46553471798,2061.98414449711,2044.09266329342,7417.47721010759,5920.3352133896,5836.80467486296
"IBPFAHIO_00161",1.15475618815343,3.9407245953122,2.13259537119815,10.9658403993213,9.97911237316666,10.8840229570253
"IBPFAHIO_00162",10151.4616500568,10180.8619919891,9753.42493017473,18787.2260641372,17569.5881210108,17375.8479225747
"IBPFAHIO_00163",13668.8489991721,13029.020693251,13834.1461729624,26993.3299629627,27173.1229921328,28071.8741194333
"IBPFAHIO_00164",4476.98974147083,4218.54567928171,4271.58852850989,2338.46546515527,2283.40234938732,2222.31959649808
"IBPFAHIO_00165",7905.46086409835,7894.25654555917,7810.63054701322,4101.22430934617,3761.21817264991,3691.66269569651
"IBPFAHIO_00166",3240.24586395851,3272.77177640679,3180.76599614204,7698.01996032356,7392.70788444865,7635.63683266951
"IBPFAHIO_00167",3968.89701868332,3796.88814758331,3626.47842872245,7909.1123880105,8333.46602362809,7675.21509796778
"IBPFAHIO_00168",3734.48151248818,3383.11206507553,3468.66637125379,2483.76285044628,2465.74794820609,2385.57994085346
"IBPFAHIO_00169",5774.93569695528,5492.38490471638,5414.6596474721,4198.08923287351,4305.53339300445,4177.48590223282
"IBPFAHIO_00170",2703.28423646717,2835.35134632713,2771.30768487199,2067.97473530534,2157.30265667185,2219.35122660071
"IBPFAHIO_00171",47.3450037142904,40.3924271019501,58.6463727079491,28.3284210315801,28.1229530516515,31.6626122386192
"IBPFAHIO_00172",69.2853712892055,68.9626804179636,68.2430518783407,34.7251612645175,39.0092574587424,44.5255484605582
"IBPFAHIO_00173",368.367224020943,400.968727573017,347.613045505298,127.020984625472,115.213388308379,133.576645381675
"IBPFAHIO_00174",11.5475618815343,7.88144919062441,10.6629768559907,7.31056026621421,3.62876813569697,2.96836989737055
"IBPFAHIO_00175",167.439647282247,155.658621514832,161.01095052546,113.31368412632,103.419891867364,99.9351198781418
"IBPFAHIO_00176",228.641725254378,198.021410914438,255.911444543778,27.4146009983033,19.0510327124091,28.6942423412486
"IBPFAHIO_00177",252.8916052056,263.04336673709,246.314765373386,29.2422410648568,24.4941849159545,22.7575025465075
"IBPFAHIO_00178",118.939887379803,105.414382924601,127.955722271889,30.1560610981336,35.3804893230454,25.7258724438781
"IBPFAHIO_00179",2629.37984042535,2452.11587943302,2512.19734727142,1363.41948964895,1348.99455444535,1213.0738313921
"IBPFAHIO_00180",5543.98445932459,5266.77842163476,5250.44980388984,6890.20305090689,5849.57423474351,6032.71708808941
"IBPFAHIO_00181",5399.63993580542,5664.79160576129,5604.46063550873,3020.17520997975,2400.43012176354,2466.71538471493
"IBPFAHIO_00182",13924.050116754,12459.5859892284,12471.4177307668,7893.57744744479,6751.32311646421,6685.75846551093
"IBPFAHIO_00183",14897.5095833673,14796.4356742485,14891.9134770767,9803.46131699326,8350.70267227265,7981.94665402941
"IBPFAHIO_00184",8019.78172672554,8001.64129078143,9045.40326693694,18531.3564548197,18418.7198647639,18428.6297795088
"IBPFAHIO_00185",918.031169581973,916.218468410088,858.369636907255,754.815347486617,641.384767984439,719.33497179613
"IBPFAHIO_00186",5221.80748282979,5004.7202360465,5054.25102973961,2578.80013390706,2310.61811040504,2266.84514495864
"IBPFAHIO_00187",1812.96721540088,2041.29534037172,1957.7225507599,970.476875339937,912.635186127788,919.205211552413
"IBPFAHIO_00188",419.176496299693,373.383655405831,385.999762186865,861.73229138,847.317359685242,868.742923297114
"IBPFAHIO_00189",9485.16732949223,9501.08699929773,9454.86157820699,40601.9378985205,41523.0865847465,40443.0503950413
"IBPFAHIO_00190",21070.8361652355,20934.1142314473,22273.8923544791,22901.2438539493,22596.339180985,21281.2332508819
"IBPFAHIO_00191",2475.79726740094,2387.09392361037,2361.84937360195,4385.42233969525,4117.74464198213,4095.3610017389
"IBPFAHIO_00192",5306.10468456499,4925.90574414026,5030.79248065643,693.589405257073,608.725854763166,613.463112123247
"IBPFAHIO_00193",1587.78975871096,1420.63121661005,1421.37481490357,46.6048216971156,46.2667937301363,41.5571785631877
"IBPFAHIO_00194",275.986728968669,197.03622976561,259.110337600575,14.6211205324284,14.5150725427879,17.8102193842233
"IBPFAHIO_00195",236.725018571452,245.310106058185,253.77884917258,10735.5577509356,11042.3414369259,9736.2532633754
"IBPFAHIO_00196",224.022700501764,269.939634778886,298.563351967741,15759.7402938913,19619.8421176796,16116.2696294572
"IBPFAHIO_00197",342.962587881567,361.561481619895,346.546747819699,15480.1113637086,15645.4338170575,15963.8933080588
"IBPFAHIO_00198",1206.72021662033,1251.18005901162,1176.12634721578,1660.4110004639,1652.90388580997,1609.84594100729
"IBPFAHIO_00199",3951.57567586102,3775.21416230909,3882.38987326623,5391.53819633298,5218.16857913224,5110.54350663963
"IBPFAHIO_00200",3445.79246544982,3246.17188538843,3239.41236884999,5251.72373124163,4363.5936831756,4410.00821086018
"IBPFAHIO_00201",1375.31462009073,1569.39357008309,1468.29191306992,2964.43218794986,2282.49515735339,2217.3723133358
"IBPFAHIO_00202",3093.59182806303,3378.18615933139,3266.06981098996,5092.71904545147,4278.31763198673,4457.50212921811
"IBPFAHIO_00203",8146.80490742241,7888.34545866621,7789.30459330123,8841.20882195281,7319.22532970079,7543.61736585102
"IBPFAHIO_00204",14264.7031922593,13817.1656123134,14488.8529519202,16401.2419572516,14112.2792797255,13178.5728876928
"IBPFAHIO_00205",1016.18544557501,934.93691023782,972.463489266355,5035.14838335504,4905.18732742838,4674.19313172616
"IBPFAHIO_00206",28.8689047038356,25.6147098695293,29.8563351967741,88.6405432278473,83.4616671210303,118.734795894822
"IBPFAHIO_00207",586.61614358194,588.153145850347,608.855978477071,1367.98858981533,1202.02944494962,1344.67156350886
"IBPFAHIO_00208",590.0804121464,591.108689296831,654.706778957831,301.560610981336,254.013769498788,231.532851994903
"IBPFAHIO_00209",117.785131191649,105.414382924601,105.563470874308,151.694125523945,185.067174920545,148.418494868527
"IBPFAHIO_00210",98.1542759930411,81.7700353527282,76.7734333631333,78.5885228618028,63.5034423746969,57.3884846824973
"IBPFAHIO_00211",133.951717825797,125.118005901162,114.093852359101,80.4161629283563,69.8537866121666,79.156530596548
"IBPFAHIO_00212",569.294800759639,566.479160576129,571.535559481104,1882.46926855016,1828.89914039127,1770.1379154653
"IBPFAHIO_00213",832.57921165862,915.23328726126,882.894483676033,2159.35673863302,1895.12415886774,1933.39825982068
"IBPFAHIO_00214",1391.48120672488,1339.84636240615,1233.70642223813,3279.70009943035,3064.49469059609,2813.02520607482
"IBPFAHIO_00215",1194.01789855064,1219.65426224913,1225.17604075334,2725.01133923135,2696.17472482285,2672.52236426595
"IBPFAHIO_00216",1373.00510771442,1406.83868052646,1285.95500883248,3740.26539620185,3227.78925670245,3299.83786924359
"IBPFAHIO_00217",271.367704216055,266.984091332402,264.44182602857,699.986145490011,750.247812055348,761.881606991774
"IBPFAHIO_00218",800.246038390324,813.75962893197,768.800631316932,2062.49181510568,2356.88490413518,2137.2263261068
"IBPFAHIO_00219",198.618064362389,200.976954360922,217.524727862211,356.389812977943,364.691197637545,401.719392777481
"IBPFAHIO_00220",54.273540843211,52.2146008878867,49.0496935375574,34.7251612645175,38.1020654248182,34.6309821359897
"IBPFAHIO_00221",93.5352512404274,87.6811222456966,108.762363931106,36.5528013310711,60.7818662729242,55.4095714175836
"IBPFAHIO_00222",55.4282970313644,44.3331516972623,49.0496935375574,97.7787435606151,107.048660003061,102.903489775512
"IBPFAHIO_00223",39.2617103972165,28.5702533160135,43.718205109562,61.225942229544,61.6890583068485,73.2197908018069
"IBPFAHIO_00224",15.0118304459945,26.5998910183574,21.3259537119815,20.1040407320891,19.0510327124091,29.6836989737055
"IBPFAHIO_00225",73.9043960418192,63.0515935249953,78.9060287343315,38.3804413976246,44.4524096622879,36.6098954009034
"IBPFAHIO_00226",88.9162264878137,82.7552165015563,81.0386241055296,78.5885228618028,75.2969388157121,78.1670739640911
"IBPFAHIO_00227",31.1784170801425,29.5554344648415,29.8563351967741,29.2422410648568,21.7726088141818,24.7364158114212
"IBPFAHIO_00228",645.508709177765,727.063687835102,694.159793324997,777.660848318537,782.906725276621,783.649652905825
"IBPFAHIO_00229",405.319422041852,391.116916084736,394.530143671657,530.929439333807,487.162122217318,506.601795817907
"IBPFAHIO_00230",864.912384926915,796.026368253065,791.192882714513,1155.98234209512,1255.55377495115,1156.67480334206
"IBPFAHIO_00231",592.389924522707,526.086733474179,499.027316860367,959.511034940615,977.953012570333,896.447709005906
"IBPFAHIO_00232",652.437246306685,601.945681933939,680.297923412209,1348.79836911652,1367.13839512383,1313.00895127024
"IBPFAHIO_00233",8674.52848540853,8457.78016268882,8217.95626291206,30901.7382452875,30021.7059786549,29746.0347415503
"IBPFAHIO_00234",80.8329331707398,89.6514845433527,71.441944935138,685.365024957582,631.405655611273,689.651272822424
"IBPFAHIO_00235",0,0,0,0.913820033276776,0,0
"IBPFAHIO_00236",1658.22988618832,1694.51157598425,1430.97149407396,1219.9497444245,1107.6814734215,1062.67642325866
"IBPFAHIO_00237",2370.71445427898,2194.9835995889,2217.89918604607,993.322376171856,843.688591549545,812.343895247074
"IBPFAHIO_00238",2976.96145305953,2805.79591186229,2906.72749094308,3435.0495050874,3421.92835196224,3243.43884119355
"IBPFAHIO_00239",1464.23084657854,1451.17183222372,1410.71183804757,1703.36054202791,1876.98031818926,1635.57181345117
"IBPFAHIO_00240",1211.33924137294,1261.03187049991,1163.33077498859,1702.44672199463,1517.73227275526,1468.35364256596
"IBPFAHIO_00241",5934.29205092045,5936.70160283784,5649.24513830389,12418.8142522314,12805.0155588407,12853.0416556145
"IBPFAHIO_00242",3404.2212426763,3604.77782356184,3348.17473278109,2192.25425983099,2453.95445176507,2389.53776738329
"IBPFAHIO_00243",11777.3583629768,12244.8164987838,12065.1583125535,6102.49018222231,6357.60177374109,5787.33184324011
"IBPFAHIO_00244",5449.29445189601,5548.54023019958,5163.01339367072,4979.40536132515,5022.2150998046,4849.32695567102
"IBPFAHIO_00245",3168.650980293,2798.89964382049,2781.97066172798,1813.9327660544,1666.51176631883,1666.24496905733
"IBPFAHIO_00246",885.697996313677,782.233832169473,740.010593805757,524.53269910087,445.431288656803,440.308201443298
"IBPFAHIO_00247",12592.6162318131,11613.3153823851,10653.3801768203,1987.55857237699,1957.72040920851,2049.16468581814
"IBPFAHIO_00248",2471.17824264833,2466.89359666544,2357.58418285955,935.751714075419,916.263954263484,947.899453893662
"IBPFAHIO_00249",6859.25175763134,6983.94916404205,6807.24442486449,3234.00909776651,3587.94449417038,3586.78029265608
"IBPFAHIO_00250",317.557951742192,369.442930810519,374.270487645275,222.972088119533,224.983624413212,259.237637703695
"IBPFAHIO_00251",7710.30706830042,7400.68078999632,7605.90139137819,3435.0495050874,3336.65230077336,3247.39666772338
"IBPFAHIO_00252",6322.29013014,6127.82674571048,6198.38844638742,2407.91578768431,2592.75483295548,2286.63427760778
"IBPFAHIO_00253",0,0,0,0,0,0.98945663245685
"IBPFAHIO_00254",143.189767331025,111.32546981757,121.557936158294,121.538064425811,125.192500681545,118.734795894822
"IBPFAHIO_00255",259.820142334521,235.458294569904,210.060644063018,244.903768918176,248.570617295242,254.29035454141
"IBPFAHIO_00256",10.3928056933808,9.85181148828051,11.7292745415898,12.7934804658749,7.25753627139394,12.862936221939
"IBPFAHIO_00257",315.248439365885,319.198692220289,302.828542710137,301.560610981336,294.837411025379,290.900249942314
"IBPFAHIO_00258",1236.74387751232,1193.05437123077,1246.50199446532,820.610389882545,860.925240194106,823.227918204099
"IBPFAHIO_00259",668.603832940833,664.012094310106,762.402845203338,2173.06403913217,2235.32117158933,2013.54424704969
"IBPFAHIO_00260",210.165626243923,213.784309295687,197.265071835829,481.583157536861,448.152864758576,452.18168103278
"IBPFAHIO_00261",392.617103972165,443.331516972623,425.45277655403,977.787435606151,1030.57015053794,992.42500235422
"IBPFAHIO_00262",2322.21469437654,2093.50994125961,2282.94334486762,3173.69697557024,3086.26729941027,3105.90436928205
"IBPFAHIO_00263",810.638844083704,900.455570028839,887.15967441843,578.448081064199,632.312847645197,629.294418242556
"IBPFAHIO_00264",1778.32452975627,1477.77172324208,1571.72278857303,924.785873676098,840.967015447772,834.111941161124
"IBPFAHIO_00265",2485.03531690617,2496.44903113028,2279.74445181082,1413.67959147917,1374.39593139523,1411.95461451592
"IBPFAHIO_00266",4879.99965113637,4789.95074560198,4700.24019812072,7051.94919679688,6983.56427714882,6763.92553947502
"IBPFAHIO_00267",24.2498799512219,28.5702533160135,26.6574421399768,76.7608827952492,70.7609786460909,92.019466818487
"IBPFAHIO_00268",3.46426856446028,5.91108689296831,1.06629768559907,0.913820033276776,1.81438406784848,0.98945663245685
"IBPFAHIO_00269",4.6190247526137,4.92590574414026,2.13259537119815,3.65528013310711,9.97911237316666,6.92619642719795
"IBPFAHIO_00270",2071.63260154724,1994.00664522798,2070.7501054334,466.962037004433,545.222412388469,471.970813681917
"IBPFAHIO_00271",319.867464118499,294.569163499587,283.635184369354,166.315246056373,203.21101559903,186.017846901888
"IBPFAHIO_00272",9574.08355598005,9404.53924671258,9374.88925178706,410.305194941273,342.011396789439,371.046237171319
"IBPFAHIO_00273",10.3928056933808,5.91108689296831,10.6629768559907,27.4146009983033,12.7006884749394,20.7785892815938
"IBPFAHIO_00274",36.9521980209096,29.5554344648415,34.1215259391704,46.6048216971156,24.4941849159545,39.578265298274
"IBPFAHIO_00275",3.46426856446028,6.89626804179636,4.2651907423963,4.56910016638388,5.44315220354545,4.94728316228425
"IBPFAHIO_00276",10.3928056933808,6.89626804179636,0,9.13820033276776,12.7006884749394,8.90510969211165
"IBPFAHIO_00277",27.7141485156822,25.6147098695293,26.6574421399768,33.8113412312407,29.9373371195,28.6942423412486
"IBPFAHIO_00278",0,0,1.06629768559907,0,0,0
"IBPFAHIO_00279",31.1784170801425,20.6888041253891,25.5911444543778,23.7593208651962,18.1438406784848,17.8102193842233
"IBPFAHIO_00280",43.8807351498302,43.3479705484342,36.2541213103685,41.1219014974549,58.9674822050757,50.4622882552993
"IBPFAHIO_00281",233.260750006992,271.909997076542,269.773314456566,1292.14152705336,1462.39355868588,1485.17440531773
"IBPFAHIO_00282",2736.77216592362,2561.47098695293,2692.40165613766,638.760203260467,434.544984249712,378.961890230973
"IBPFAHIO_00283",177.832452975627,193.095505170298,177.005415809446,54.8292019966066,48.9883698319091,45.5150050930151
"IBPFAHIO_00284",170.903915846707,157.628983812488,170.607629695852,49.3462817969459,51.7099459336818,60.3568545798678
"IBPFAHIO_00285",706.710787149896,706.374883709713,711.220556294582,258.611069417328,293.02302695753,298.815903001969
"IBPFAHIO_00286",9.2380495052274,9.85181148828051,8.53038148479259,8.22438029949099,7.25753627139394,9.8945663245685
"IBPFAHIO_00287",38.106954209063,36.4517025066379,35.1878236247694,203.781867420721,247.663425261318,243.406331584385
"IBPFAHIO_00288",58.8925655958247,40.3924271019501,53.3148842799537,48.4324617636691,48.0811777979848,67.2830510070658
"IBPFAHIO_00289",128.17793688503,118.221737859366,131.154615328686,84.9852630947402,80.7400910192575,79.156530596548
"IBPFAHIO_00290",463.057231449523,394.07245953122,459.574302493201,285.111850382354,239.498696956,251.32198464404
"IBPFAHIO_00291",174.368184411167,176.347425640221,191.933583407833,320.750831680149,312.074059669939,335.425798402872
"IBPFAHIO_00292",19.6308551986082,19.703622976561,18.1270606551843,10.9658403993213,5.44315220354545,2.96836989737055
"IBPFAHIO_00293",10.3928056933808,12.8073549347647,17.0607629695852,1.82764006655355,2.72157610177273,0.98945663245685
"IBPFAHIO_00294",3.46426856446028,4.92590574414026,1.06629768559907,0,0,0
"IBPFAHIO_00295",2.30951237630685,0.985181148828051,0,2.74146009983033,0.907192033924242,3.9578265298274
"IBPFAHIO_00296",1.15475618815343,2.95554344648415,0,1.82764006655355,1.81438406784848,0
"IBPFAHIO_00297",2.30951237630685,1.9703622976561,2.13259537119815,1.82764006655355,3.62876813569697,2.96836989737055
"IBPFAHIO_00298",2.30951237630685,2.95554344648415,1.06629768559907,1.82764006655355,2.72157610177273,3.9578265298274
"IBPFAHIO_00299",1.15475618815343,0.985181148828051,1.06629768559907,0.913820033276776,3.62876813569697,0
"IBPFAHIO_00300",1.15475618815343,0,0,3.65528013310711,0,0.98945663245685
"IBPFAHIO_00301",1.15475618815343,4.92590574414026,2.13259537119815,5.48292019966066,1.81438406784848,2.96836989737055
"IBPFAHIO_00302",18.4760990104548,14.7777172324208,12.7955722271889,19.1902206988123,17.2366486445606,13.8523928543959
"IBPFAHIO_00303",8.08329331707398,6.89626804179636,12.7955722271889,13.7073004991516,15.4222645767121,18.7996760166801
"IBPFAHIO_00304",310.629414613271,354.665213578098,319.889305679722,216.575347886596,241.313081023848,301.784272899339
"IBPFAHIO_00305",9313.10865745737,11634.9893676593,10761.0762430659,13910.1685465391,17044.3239333687,17776.5778587198
"IBPFAHIO_00306",11.5475618815343,28.5702533160135,23.4585490831796,20.1040407320891,16.3294566106364,23.7469591789644
"IBPFAHIO_00307",303.700877484351,303.43579383904,310.29262650933,149.866485457391,166.923334242061,164.249800987837
"IBPFAHIO_00308",347.581612634181,355.650394726926,391.33125061486,271.404549883203,249.477809329167,266.163834130893
"IBPFAHIO_00309",243.653555700373,250.236011802325,234.585490831796,142.555925191177,166.923334242061,189.975673431715
"IBPFAHIO_00310",318.712707930345,246.295287207013,267.640719085368,178.194906488971,139.707573224333,168.207627517664
"IBPFAHIO_00312",2535.84458918492,2234.39084554202,2326.66154997718,63.9674023293743,78.0185149174848,81.1354438614617
"IBPFAHIO_00313",1830.28855822318,1664.95614151941,1774.31934883686,91.3820033276776,87.0904352567272,76.1881606991774
"IBPFAHIO_00314",7647.95023414013,6962.27517876784,7355.32143526241,45.6910016638388,46.2667937301363,43.5360918281014
"IBPFAHIO_00315",4949.28502242558,4394.89310492194,4675.71535135194,38.3804413976246,35.3804893230454,31.6626122386192
"IBPFAHIO_00316",481.533330459978,461.064777651528,414.78979969804,8.22438029949099,3.62876813569697,5.9367397947411
"IBPFAHIO_00317",7691.83096928996,6462.78833631202,6566.2611479191,56.6568420631601,49.8955618658333,55.4095714175836
"IBPFAHIO_00318",22067.390755612,17101.7595625061,18676.2039632678,148.038845390838,126.09969271547,93.0089234509439
"IBPFAHIO_00319",5319.96175882283,4352.53031552233,4585.08004807602,466.048216971156,378.299078146409,431.403091751186
"IBPFAHIO_00320",586.61614358194,555.642167939021,574.734452537901,42.9495415640085,29.0301450855757,30.6731556061623
"IBPFAHIO_00321",19.6308551986082,11.8221737859366,14.928167598387,0,1.81438406784848,0.98945663245685
"IBPFAHIO_00322",21772.9279276328,18153.9330294545,18283.8064149673,1027.1337174031,940.758139179439,909.310645227845
"IBPFAHIO_00323",2991.97328350552,2707.27779697948,2876.8711557463,215.661527853319,241.313081023848,249.343071379126
"IBPFAHIO_00324",23.0951237630685,21.6739852742171,24.5248467687787,128.848624692025,179.624022717,158.313061193096
"IBPFAHIO_00325",15.0118304459945,30.5406156136696,27.7237398255759,53.9153819633298,60.7818662729242,60.3568545798678
"IBPFAHIO_00326",99.3090321811946,78.8144919062441,78.9060287343315,134.331544891686,117.934964410151,124.671535689563
"IBPFAHIO_00327",38.106954209063,48.2738762925745,27.7237398255759,31.9837011646872,21.7726088141818,32.652068871076
"IBPFAHIO_00328",14702.3557875694,12172.8982749194,12827.5611577569,1580.90865756882,1415.21957292182,1431.74374716506
"IBPFAHIO_00329",5638.67446675317,4504.24821244185,4974.27870331968,591.241561530074,473.554241708454,385.888086658171
"IBPFAHIO_00330",11508.300171137,11139.4432497988,10701.3635726723,1129.4815611301,1338.10825003826,1283.32525229653
"IBPFAHIO_00331",1349.90998395135,1137.8842268964,1215.57936158294,140.728285124624,127.006884749394,162.270887722923
"IBPFAHIO_00332",0,0,0,0,0.907192033924242,0
"IBPFAHIO_00333",109.701837874575,109.355107519914,99.1656847607139,68.5365024957582,46.2667937301363,72.23033416935
"IBPFAHIO_00334",183.606233916395,202.947316658579,184.46949960864,90.4681832944009,94.3479715281212,112.798056100081
"IBPFAHIO_00335",13.8570742578411,27.5850721671854,26.6574421399768,58.4844821297137,68.9465945782424,64.3146811096952
"IBPFAHIO_00336",31.1784170801425,26.5998910183574,18.1270606551843,43.8633615972853,48.9883698319091,42.5466351956445
"IBPFAHIO_00337",607.401754968702,589.138326999175,602.458192363477,5078.09792491905,4998.62810692257,4591.07877459978
"IBPFAHIO_00338",106.237569310115,99.5032960316332,94.9004940183176,337.19959227913,351.083317128682,310.689382591451
"IBPFAHIO_00339",147.808792083638,119.206919008194,113.027554673502,629.622002927699,523.449803574288,465.044617254719
"IBPFAHIO_00340",1137.43484533112,1053.15864809719,1110.01589070864,3439.61860525379,3652.355128579,3378.00494320768
"IBPFAHIO_00341",54.273540843211,66.0071369714794,61.8452657647463,211.092427686935,244.941849159545,297.826446369512
"IBPFAHIO_00342",802.55555076663,828.537346164391,831.712194767278,927.527333775928,841.874207481697,848.953790647977
"IBPFAHIO_00343",237.879774759606,225.606483081624,244.182170002188,178.194906488971,183.252790852697,187.007303534345
"IBPFAHIO_00344",97242.0186043999,94542.9089472839,91047.9604802481,59685.2416534394,57838.0281228401,56789.8634198609
"IBPFAHIO_00345",536.961627491343,572.390247469098,591.795215507486,477.014057370477,500.770002726182,502.64396928808
"IBPFAHIO_00346",147.808792083638,167.480795300769,164.209843582257,176.367266422418,199.582247463333,204.817522918568
"IBPFAHIO_00347",907.638363888592,930.01100449368,914.883414244005,519.963598934486,557.015908829485,570.916476927602
"IBPFAHIO_00348",138.570742578411,105.414382924601,130.088317643087,286.939490448908,284.858298652212,276.058400455461
"IBPFAHIO_00349",769.067621310181,766.470933788224,715.485747036979,17084.7793421426,19189.8330935995,17272.9444327992
"IBPFAHIO_00350",154.737329212559,189.154780574986,199.397667207027,5274.56923207355,5928.49994169492,5531.06257543379
"IBPFAHIO_00351",136.261230202104,137.925360835927,182.336904237442,168.142886122927,210.468551870424,182.06002037206
"IBPFAHIO_00352",83.1424455470466,58.125687780855,71.441944935138,233.937928518855,291.208642889682,265.174377498436
"IBPFAHIO_00353",31.1784170801425,34.4813402089818,35.1878236247694,101.434023693722,117.027772376227,98.945663245685
"IBPFAHIO_00354",109.701837874575,95.562571436321,73.5745403063361,358.217453044496,361.062429501848,343.341451462527
"IBPFAHIO_00355",84.2972017352,90.6366656921807,76.7734333631333,113.31368412632,133.357228986864,151.386864765898
"IBPFAHIO_00356",73.9043960418192,85.7107599480404,93.8341963327185,147.125025357561,149.6866855975,132.587188749218
"IBPFAHIO_00357",174.368184411167,168.465976449597,151.414271355069,877.267231945705,786.535493412318,788.596936068109
"IBPFAHIO_00358",740.198716606346,738.885861621038,719.750937779375,1015.2540569705,1051.4355673182,985.498805927022
"IBPFAHIO_00359",288.689047038356,257.132279844121,244.182170002188,95.0372834607847,120.656540511924,93.0089234509439
"IBPFAHIO_00360",98.1542759930411,91.6218468410088,79.9723264199305,63.0535822960976,70.7609786460909,58.3779413149541
"IBPFAHIO_00361",577.378094076713,682.730536137839,642.977504416242,169.97052618948,181.438406784848,187.996760166801
"IBPFAHIO_00362",72.7496398536658,69.9478615667916,97.0330893895157,21.9316807986426,15.4222645767121,17.8102193842233
"IBPFAHIO_00363",1015.03068938686,908.337019219463,1272.0931389197,79.5023428950796,63.5034423746969,60.3568545798678
"IBPFAHIO_00364",105.082813121962,107.384745222258,127.955722271889,75.8470627619724,64.4106344086212,73.2197908018069
"IBPFAHIO_00365",23.0951237630685,12.8073549347647,20.2596560263824,20.1040407320891,28.1229530516515,30.6731556061623
"IBPFAHIO_00366",9.2380495052274,13.7925360835927,11.7292745415898,35.6389812977943,37.1948733908939,35.6204387684466
"IBPFAHIO_00367",1318.73156687121,1299.4539353042,1366.99363293801,6426.89629403557,7009.87284613262,6934.1120802576
"IBPFAHIO_00368",2523.14227111523,2363.44957603849,2362.91567128755,2647.33663640282,2521.08666227547,2582.48181071238
"IBPFAHIO_00369",6011.66071552673,6018.47163819056,6059.76974725954,5915.15707540057,5802.40024897945,5420.24343259862
"IBPFAHIO_00370",4680.22683058583,4284.55281625319,3679.7933130024,2012.23171327546,1821.64160411988,1888.87271136013
"IBPFAHIO_00371",1886.8716114427,1929.96987055415,1552.52943023225,690.847945157243,669.507721036091,635.231158037298
"IBPFAHIO_00372",1077.38752354715,1143.79531378937,1042.83913651589,395.684074408844,301.187755262848,267.153290763349
"IBPFAHIO_00373",144.344523519178,167.480795300769,150.347973669469,254.041969250944,291.208642889682,289.910793309857
"IBPFAHIO_00374",905.328851512285,852.181693736264,866.900018392047,892.802172511411,845.502975617394,858.848356972546
"IBPFAHIO_00375",782.924695568022,727.063687835102,737.877998434559,726.486926455037,742.990275783954,771.776173316343
"IBPFAHIO_00376",49.6545160905973,54.1849631855428,45.8508004807602,827.007130115483,851.853319854863,844.006507485693
"IBPFAHIO_00377",392.617103972165,407.864995614813,380.668273758869,3193.80101630233,3352.07456535007,3437.3723411551
"IBPFAHIO_00378",543.890164620263,604.901225380423,564.07147568191,5135.66858701548,5197.30316235198,5348.01309842927
"IBPFAHIO_00379",258.665386146367,296.539525797243,261.242932971773,1794.74254535559,1730.01520869353,2051.14359908305
"IBPFAHIO_00380",2080.87065105247,2009.76954360922,2098.47384525898,1826.72624652028,1949.5556809032,1920.53532359875
"IBPFAHIO_00381",4072.82507561713,3802.79923447628,3601.95358195367,2845.63558362388,2982.84740754291,3146.47209121278
"IBPFAHIO_00382",193.999039609775,195.065867467954,221.789918604607,550.119660032619,637.755999848742,594.663436106567
"IBPFAHIO_00383",265.593923275288,274.865540523026,314.557817251727,860.818471346723,881.790656974363,785.628566170739
"IBPFAHIO_00384",415.712227735233,401.953908721845,361.474915418086,992.408556138579,936.222179009818,997.372285516504
"IBPFAHIO_00385",460.747719073217,463.035139949184,470.237279349192,2725.92515926462,3423.74273603009,3219.69188201459
"IBPFAHIO_00386",42.7259789616767,42.3627893996062,47.9833958519583,397.511714475398,341.104204755515,403.698306042395
"IBPFAHIO_00387",1108.56594062729,1149.70640068234,1089.75623468225,6249.61520757987,6093.60889186913,6571.9709527784
"IBPFAHIO_00388",633.96114729623,619.678942612844,550.209605769122,3895.6148018589,4010.69598197907,3877.68054259839
"IBPFAHIO_00389",1060.06618072484,1003.89959065578,1037.5076480879,1557.14933670363,1757.23096971126,1431.74374716506
"IBPFAHIO_00390",5354.60444446743,5112.10498126876,5016.93061074364,4507.87422415434,4727.37768877923,4694.97172100775
"IBPFAHIO_00391",4995.47526995172,4773.20266607191,4777.01363148385,2016.80081344185,2044.81084446524,1945.27173941017
"IBPFAHIO_00392",3225.23403351252,3432.37112251693,3205.29084291082,738.366586887635,690.373137816348,691.630186087338
"IBPFAHIO_00393",4420.40668825131,4404.74491641022,4558.42260593604,1265.64074608834,1197.49348478,1153.70643344469
"IBPFAHIO_00394",3400.75697411184,3886.53963212666,3664.86514540402,1678.68740112944,1949.5556809032,1754.30660934599
"IBPFAHIO_00395",4579.76304221648,4440.21143776803,4450.72653969053,1417.33487161228,1291.84145630812,1333.78754055183
"IBPFAHIO_00396",1364.92181439735,1425.55712235419,1389.38588433559,324.406111813256,322.96036407703,306.731556061623
"IBPFAHIO_00397",24028.1667630965,21090.7580341109,21717.2849625963,466.048216971156,467.203897470985,422.497982059075
"IBPFAHIO_00398",622.413585414696,559.582892534333,564.07147568191,305.215891114443,318.424403907409,308.710469326537
"IBPFAHIO_00399",375.295761149863,435.450067781999,462.773195549998,243.989948884899,251.292193397015,266.163834130893
"IBPFAHIO_00400",24.2498799512219,20.6888041253891,21.3259537119815,207.437147553828,236.777120854227,187.007303534345
"IBPFAHIO_00401",1.15475618815343,0,1.06629768559907,13.7073004991516,14.5150725427879,23.7469591789644
"IBPFAHIO_00402",5.77378094076713,3.9407245953122,2.13259537119815,39.2942614309014,41.7308335605151,25.7258724438781
"IBPFAHIO_00403",332.569782188186,303.43579383904,303.894840395736,212.006247720212,227.705200514985,214.712089243136
"IBPFAHIO_00404",13.8570742578411,13.7925360835927,15.9944652839861,64.8812223626511,57.1530981372273,74.2092474342637
"IBPFAHIO_00405",2.30951237630685,3.9407245953122,1.06629768559907,9.13820033276776,5.44315220354545,13.8523928543959
"IBPFAHIO_00406",2.30951237630685,6.89626804179636,5.33148842799537,10.0520203660445,11.7934964410151,7.9156530596548
"IBPFAHIO_00407",77.3686646062795,64.0367746738233,75.7071356775343,153.521765590498,131.542844919015,137.534471911502
"IBPFAHIO_00408",28.8689047038356,26.5998910183574,17.0607629695852,36.5528013310711,33.566105255197,39.578265298274
"IBPFAHIO_00409",27.7141485156822,14.7777172324208,14.928167598387,19.1902206988123,19.0510327124091,31.6626122386192
"IBPFAHIO_00410",58.8925655958247,67.9774992691355,59.7126703935481,88.6405432278473,119.749348478,118.734795894822
"IBPFAHIO_00411",175.522940599321,208.858403551547,196.19877415023,276.887470082863,265.807265939803,243.406331584385
"IBPFAHIO_00412",103.928056933808,108.369926371086,110.894959302304,441.375076072683,527.985763743909,568.937563662688
"IBPFAHIO_00413",878.769459184757,995.032960316332,825.314408653683,3084.14261230912,3011.87755262848,3017.84272899339
"IBPFAHIO_00414",1511.57585029283,1434.42375269364,1490.68416446751,3935.82288332308,3605.18114281494,3866.79651964137
"IBPFAHIO_00415",4545.12035657188,3842.2064804294,4856.98595790378,165.401426023097,166.923334242061,145.450124971157
"IBPFAHIO_00416",107.392325498269,112.310650966398,163.143545896658,19.1902206988123,21.7726088141818,11.8734795894822
"IBPFAHIO_00417",143.189767331025,100.488477180461,142.883889870276,51.1739218634995,55.3387140693788,49.4728316228425
"IBPFAHIO_00418",87.7614702996603,77.829310757416,71.441944935138,146.211205324284,135.171613054712,132.587188749218
"IBPFAHIO_00419",10.3928056933808,14.7777172324208,19.1933583407833,31.0698811314104,33.566105255197,35.6204387684466
"IBPFAHIO_00420",2.30951237630685,3.9407245953122,1.06629768559907,3.65528013310711,4.53596016962121,7.9156530596548
"IBPFAHIO_00421",0,0,0,0.913820033276776,0,0
"IBPFAHIO_00422",6559.01514871145,7231.2296323979,6829.63667626207,4092.99992904668,4046.07647130212,4115.15013438804
"IBPFAHIO_00423",113.166106439036,135.954998538271,137.552401442281,41.1219014974549,45.3596016962121,45.5150050930151
"IBPFAHIO_00424",555.437726501797,605.886406529251,569.402964109905,264.093989616988,272.157610177273,295.847533104598
"IBPFAHIO_00425",211.320382432077,236.443475718732,191.933583407833,897.371272677794,662.250184764697,665.90431364346
"IBPFAHIO_00426",1831.44331441133,1765.44461869987,1741.26412058329,6242.30464731366,5444.05939557938,5586.47214685137
"IBPFAHIO_00427",2918.06888746371,2459.01214747482,2665.74421399768,1888.8660087831,1613.89462835123,1578.18332876868
"IBPFAHIO_00428",3057.79438623027,3417.59340528451,3245.81015496358,4346.12807826435,4213.9069975781,3810.39749159133
"IBPFAHIO_00429",475.759549519211,541.849631855428,566.204071053108,806.903089383394,756.598156292818,713.398232001389
"IBPFAHIO_00430",4336.10948651611,4216.57531698406,4438.99726514894,764.867367852662,897.212921551075,863.79564013483
"IBPFAHIO_00431",2741.39119067623,2707.27779697948,2885.40153723109,483.410797603415,453.596016962121,453.171137665237
"IBPFAHIO_00432",8317.70882326912,8370.09904044312,8602.88972741333,996.063836271686,1010.61192579161,1033.98218091741
"IBPFAHIO_00433",639.734928236997,696.523072221432,637.646015988246,510.825398601718,566.995021202651,548.158974381095
"IBPFAHIO_00434",4.6190247526137,2.95554344648415,3.19889305679722,0.913820033276776,1.81438406784848,1.9789132649137
"IBPFAHIO_00435",10094.8785968372,9671.52333804498,10101.03797568,6407.70607333676,6050.97086627469,5913.98229219459
"IBPFAHIO_00436",4427.33522538023,3795.90296643448,3817.34571444468,3727.47191573597,3684.10684976635,3655.0528002956
"IBPFAHIO_00437",2561.2492253243,2204.83541107718,2304.2692985796,2161.18437869958,2135.53004785767,2054.11196898042
"IBPFAHIO_00438",1560.07561019528,1554.61585285066,1498.1482482667,1277.52040652093,1433.3634136003,1206.1476349649
"IBPFAHIO_00439",2103.96577481554,2019.6213550975,2706.26352605045,977.787435606151,901.748881720697,873.690206459398
"IBPFAHIO_00440",1526.58768073883,1609.78599718504,2111.26941748617,903.768012910732,884.512233076136,882.59531615151
"IBPFAHIO_00441",1135.12533295482,1147.73603838468,1430.97149407396,521.791239001039,479.904585945924,478.897010109115
"IBPFAHIO_00442",615.485048285776,474.857313735121,737.877998434559,273.232189949756,222.262048311439,203.828066286111
"IBPFAHIO_00443",1148.98240721266,996.01814146516,1333.93840468444,312.526451380658,359.248045434,356.204387684466
"IBPFAHIO_00444",8434.33919827262,8024.30045720448,11283.5621090094,3061.2971114772,2971.96110313582,2983.2117468574
"IBPFAHIO_00445",2674.41533176333,2743.72949948612,4029.5389538789,915.64767334333,947.108483416909,898.42662227082
"IBPFAHIO_00446",1898.41917332423,1801.89632120651,2703.06463299365,667.088624292047,697.630674087742,673.819966703115
"IBPFAHIO_00447",1441.13572281547,1430.48302809833,2126.19758508455,548.292019966066,579.695709677591,593.67397947411
"IBPFAHIO_00448",1503.49255697576,1550.67512825535,2255.21960504204,763.039727786108,734.825547478636,749.018670769835
"IBPFAHIO_00449",1363.7670582092,1318.17237713193,1932.13140630552,463.306756871326,503.491578827954,466.034073887176
"IBPFAHIO_00450",5099.40332688553,4748.57313735121,4754.62138008627,3577.60543027858,4049.70523943782,3832.16553750538
"IBPFAHIO_00451",1847.60990104548,1809.77777039713,1823.36904237442,1213.55300419156,1126.73250613391,1073.56044621568
"IBPFAHIO_00452",945.745318097655,913.262924963603,866.900018392047,500.773378235673,620.519351204182,638.199527934668
"IBPFAHIO_00453",2144.38224140091,1977.2585656979,2191.2417439061,1551.66641650397,1363.50962698814,1227.91568087895
"IBPFAHIO_00454",22751.0064189988,23971.4277132841,21974.2627048257,1926.33263014744,1713.68575208289,1773.10628536267
"IBPFAHIO_00455",3824.55249516414,3662.90351134269,3503.85419487856,1558.97697677018,1563.09187445147,1598.96191805027
"IBPFAHIO_00456",1530.05194930329,1557.57139629715,1556.79462097465,1563.54607693656,1498.68124004285,1384.24982880713
"IBPFAHIO_00457",445.735888627222,389.14655378708,404.126822842049,487.066077736522,437.266560351485,407.656132572222
"IBPFAHIO_00458",1665.15842331724,1731.94845963971,1714.60667844331,1631.16875939905,1627.50250886009,1551.46799969234
"IBPFAHIO_00459",1901.88344188869,2001.8880944186,2031.29709106624,1453.88767294335,1535.87611343374,1460.43798950631
"IBPFAHIO_00460",5165.22442961027,5285.49686346249,5187.53824043949,22233.241409624,22330.5319150452,22305.3208654748
"IBPFAHIO_00461",296.77234035543,263.04336673709,271.905909827764,177.281086455695,177.809638649151,187.007303534345
"IBPFAHIO_00462",6586.72929722714,6453.92170597256,6420.17836499202,11576.2721815502,11215.6151154054,10987.9159034333
"IBPFAHIO_00463",2084.33491961693,2153.60599133812,2160.31911102372,1964.71307154507,2090.17044616145,2054.11196898042
"IBPFAHIO_00464",65.8211027247452,85.7107599480404,83.1712194767278,30.1560610981336,40.8236415265909,38.5888086658171
"IBPFAHIO_00465",56.5830532195178,42.3627893996062,45.8508004807602,95.9511034940615,107.955852036985,68.2725076395226
"IBPFAHIO_00466",35.7974418327562,27.5850721671854,31.9889305679722,31.0698811314104,31.7517211873485,34.6309821359897
"IBPFAHIO_00467",47.3450037142904,56.1553254831989,50.1159912231565,52.0877418967763,69.8537866121666,69.2619642719795
"IBPFAHIO_00468",27.7141485156822,22.6591664230452,20.2596560263824,13.7073004991516,22.6798008481061,12.862936221939
"IBPFAHIO_00469",885.697996313677,832.478070759703,837.043683195273,1018.90933710361,933.500602908045,915.247385022586
"IBPFAHIO_00470",8344.26821559665,7950.41187104237,7704.00077845331,6909.39327160571,6959.97728426679,6815.37728436278
"IBPFAHIO_00471",5524.35360412599,5424.40740544725,5302.69839048419,7754.67680238672,7580.49663547097,7462.48192198956
"IBPFAHIO_00472",4677.91731820953,4909.15766461018,4970.01351257728,5095.4605055513,6362.13773391071,6350.33266710806
"IBPFAHIO_00473",441.116863874608,434.464886633171,501.159912231565,789.540508751135,819.194406633591,723.292798325957
"IBPFAHIO_00474",284.070022285743,333.976409452709,320.955603365321,902.854192877455,859.110856126257,947.899453893662
"IBPFAHIO_00475",5595.9484877915,5748.53200341168,5579.93578873995,11325.8854924324,10598.7245323369,10101.362760752
"IBPFAHIO_00476",0,0,0,0,0,0
"IBPFAHIO_00477",24.2498799512219,25.6147098695293,23.4585490831796,91.3820033276776,111.584620172682,103.892946407969
"IBPFAHIO_00478",2414.59518942881,2268.872185751,2323.46265692038,1813.01894602112,1560.3702983497,1496.05842827476
"IBPFAHIO_00479",1166.30375003496,1162.5137556171,1079.09325782626,1421.90397177866,1518.63946478918,1446.58559665191
"IBPFAHIO_00480",393.771860160318,414.76126365661,377.469380702072,275.05983001631,279.415146448667,267.153290763349
"IBPFAHIO_00481",198.618064362389,197.03622976561,155.679462097465,107.83076392666,128.821268817242,119.724252527279
"IBPFAHIO_00482",4950.43977861373,4461.88542304224,4536.03035453846,869.956671679491,826.451942904985,712.408775368932
"IBPFAHIO_00483",9272.692190872,8412.46182984273,9057.13254147853,5314.77731353773,5289.83674981226,4896.82087402895
"IBPFAHIO_00484",1175.54179954019,1129.01759655695,1046.03802957269,1360.67802954912,1336.29386597041,1568.28876244411
"IBPFAHIO_00485",13959.8475585868,13410.2857978474,13440.6823269763,4113.10396977877,4105.95114554112,3630.31638448418
"IBPFAHIO_00486",275.986728968669,262.058185588262,325.220794107718,916.561493376607,815.565638497894,861.816726869916
"IBPFAHIO_00487",230.951237630685,279.791446267167,272.972207513363,190.988386954846,224.983624413212,255.279811173867
"IBPFAHIO_00488",75814.362777025,72227.5707451797,75298.7436639498,29037.5453774028,25531.1054107299,25263.7961965207
"IBPFAHIO_00489",1293.32693073184,1505.35679540926,1250.76718520771,1149.58560186218,1465.11513478765,1661.29768589505
"IBPFAHIO_00490",2205.58431937304,2274.78327264397,2116.60090591416,2389.63938701877,2222.62048311439,2338.08602249554
"IBPFAHIO_00491",3569.35137758224,3582.11865713879,3837.60537047107,328.061391946363,285.765490686136,344.330908094984
"IBPFAHIO_00492",1331.4338849409,1369.40179687099,1375.52401442281,7157.95232065699,6260.5322261112,6496.77224871167
"IBPFAHIO_00493",4481.60876622344,4271.74546131843,4407.00833458097,17141.4361842058,16137.1318994444,15362.303675525
"IBPFAHIO_00494",2108.58479956815,1732.93364078854,1718.87186918571,1053.63449836812,940.758139179439,957.79402021823
"IBPFAHIO_00495",1633.9800062371,1678.748677603,1674.08736639055,1472.16407360889,1379.83908359877,1302.12492831321
"IBPFAHIO_00496",1144.36338246004,1093.55107519914,1175.06004953018,2009.49025317563,1888.77381463027,1870.07303534345
"IBPFAHIO_00497",9639.90465870479,9228.19182107235,9224.54127811759,4282.16067593497,3704.9722665466,3685.72595590176
"IBPFAHIO_00498",4970.07063381234,4879.60223014534,4993.47206166046,13677.1444380535,10831.8728850555,10587.1859672883
"IBPFAHIO_00499",29671.4602546023,28168.2994072916,28800.700488031,3903.83918215839,4072.38504028592,3914.2904379993
"IBPFAHIO_00500",645.508709177765,634.456659845265,584.331131708292,2802.68604205987,2654.44389126233,2589.40800713958
"IBPFAHIO_00501",30.0236608919891,18.718441827733,29.8563351967741,19.1902206988123,19.0510327124091,21.7680459140507
"IBPFAHIO_00502",810.638844083704,815.729991229626,761.336547517739,869.042851646214,916.263954263484,835.101397793581
"IBPFAHIO_00503",750.591522299726,771.396839532364,773.065822059329,3610.50295147654,3091.71045161382,2821.93031576694
"IBPFAHIO_00504",810.638844083704,846.270606843296,758.137654460942,8144.87795659591,7553.28087445324,7588.14291431158
"IBPFAHIO_00505",953.828611414729,1101.43252438976,967.13200083836,11728.8801271074,13486.3167763178,12669.99217861
"IBPFAHIO_00506",4125.94386027219,3819.54731400635,4002.88151173892,4973.00862109222,5182.7880898092,5091.74383062295
"IBPFAHIO_00507",366.057711644636,368.457749661691,415.856097383639,952.200474674401,967.973900197166,1063.66587989111
"IBPFAHIO_00508",1127.04203963774,1033.45502512063,1018.31428974712,1797.48400545542,1756.32377767733,1783.9903083197
"IBPFAHIO_00509",247.117824264833,259.102642141777,202.596560263824,332.630492112747,322.053172043106,336.415255035329
"IBPFAHIO_00510",2369.55969809083,2260.00555541155,2205.10361381888,3970.54804458759,3855.56614417803,3786.65053241236
"IBPFAHIO_00511",439.962107686455,448.257422716763,400.927929785252,1183.39694309343,1325.40756156332,1264.52557627985
"IBPFAHIO_00512",1006.94739606979,1026.55875707883,1083.35844856866,1295.79680718647,1201.1222529157,1239.78916046843
"IBPFAHIO_00513",550.818701749184,574.360609766754,555.541094197118,877.267231945705,754.783772224969,818.280635041815
"IBPFAHIO_00514",5076.30820312246,4475.67795912584,4739.69321248788,6330.03137050823,5454.94569998647,5175.84764438178
"IBPFAHIO_00515",3823.39773897599,3811.66586481573,4009.27929785252,3776.81819753292,4052.42681553959,3937.0479405458
"IBPFAHIO_00516",1249.44619558201,1284.67621807178,1301.94947411647,4408.26784052717,4009.78878994515,4144.83383336174
"IBPFAHIO_00517",3920.39725878088,3836.29539353643,3691.52258754399,14028.9651508651,13458.1938232661,12987.6077576286
"IBPFAHIO_00518",836.04348022308,837.403976503843,769.866929002531,5807.32631147391,5891.30506830403,5702.23857284882
"IBPFAHIO_00519",5553.22250882982,5679.56932299372,5332.55472568097,3206.59449676821,3121.64778873332,3285.9854763892
"IBPFAHIO_00520",12114.5471699176,11377.8570878152,11711.1474809346,8254.53636058912,8318.04375905138,8184.78526368306
"IBPFAHIO_00521",7326.92801383348,7166.20767657524,7316.93471858085,4751.86417303924,4809.93216386633,4500.04876441375
"IBPFAHIO_00522",2675.57008795149,2767.373847058,2698.79944225126,1968.36835167818,2233.50678752148,2206.48829037877
"IBPFAHIO_00523",1.15475618815343,0,1.06629768559907,0.913820033276776,2.72157610177273,1.9789132649137
"IBPFAHIO_00524",1087.78032924053,1192.06919008194,1157.99928656059,1940.0399306466,1889.6810066642,2184.72024446472
"IBPFAHIO_00525",2085.48967580509,2267.88700460217,2126.19758508455,3994.30736545279,4442.51939012701,4203.2117746767
"IBPFAHIO_00526",95.8447636167343,111.32546981757,114.093852359101,420.357215307317,578.788517643666,545.190604483724
"IBPFAHIO_00527",969.995198048877,933.951729088992,976.728680008752,412.132835007826,433.637792215788,447.234397870496
"IBPFAHIO_00528",577.378094076713,560.568073683161,622.717848389859,322.578471746702,368.319965773242,334.436341770415
"IBPFAHIO_00529",354.510149763102,315.257967624976,360.408617732487,474.272597270647,454.503208996045,458.118420827521
"IBPFAHIO_00530",5167.53394198658,4816.55063662034,4879.37820930136,890.974532444857,745.711851885727,769.797260051429
"IBPFAHIO_00532",655.901514871145,607.856768826908,686.695709525804,851.680271013956,661.342992730772,588.726696311826
"IBPFAHIO_00533",27357.3288535428,29761.3373249466,26150.9507393173,158.090865756882,118.842156444076,106.86131630534
"IBPFAHIO_00534",1348.7552277632,1284.67621807178,1274.22573429089,624.139082728038,498.955618658333,416.561242264334
"IBPFAHIO_00535",2555.47544438353,2501.37493687442,2526.05921718421,1164.20672239461,1119.47496986251,1092.36012223236
"IBPFAHIO_00536",58.8925655958247,61.0812312273392,57.58007502235,31.0698811314104,43.5452176283636,50.4622882552993
"IBPFAHIO_00537",1957.31173892006,1927.9995082565,1883.08171276796,190.074566921569,165.108950174212,167.218170885208
"IBPFAHIO_00538",765.603352745721,706.374883709713,747.474677604951,64.8812223626511,61.6890583068485,55.4095714175836
"IBPFAHIO_00539",1781.78879832073,1439.34965843778,1580.25317005783,221.14444805298,247.663425261318,205.806979551025
"IBPFAHIO_00540",4050.88470804222,4790.93592675081,4596.80932261761,1394.48937078036,1617.52339648692,1520.79484408618
"IBPFAHIO_00542",265.593923275288,276.835902820682,261.242932971773,166.315246056373,157.851413902818,160.29197445801
"IBPFAHIO_00543",7219.53568833521,7973.07103746542,7741.32119744928,2526.71239201029,2457.58321990077,2394.48505054558
"IBPFAHIO_00544",667.44907675268,663.026913161278,589.662620136288,1246.45052538952,1121.28935393036,1095.32849212973
"IBPFAHIO_00545",1506.95682554022,1561.51212089246,1485.35267603951,1543.44203620448,1613.89462835123,1571.25713234148
"IBPFAHIO_00546",3083.19902236965,3011.69877196735,3151.97595863086,2186.77133963133,2134.62285582374,2141.18415263662
"IBPFAHIO_00547",1446.90950375624,1645.25251854285,1468.29191306992,1372.55768998172,1662.88299818314,1636.56127008363
"IBPFAHIO_00548",1263.30326983985,1288.61694266709,1277.42462734769,752.987707420064,667.693336968242,708.450948839104
"IBPFAHIO_00549",424.95027724046,525.101552325351,470.237279349192,1299.45208731958,1442.43533393954,1641.50855324591
"IBPFAHIO_00550",1047.36386265516,1002.91440950696,993.789442978337,4538.94410528575,4950.54692912459,4747.41292252796
"IBPFAHIO_00551",301.391365108044,313.28760532732,349.745640876496,622.311442661485,665.878952900394,678.767249865399
"IBPFAHIO_00552",329.105513623726,293.583982350759,315.624114937326,860.818471346723,762.948500530288,774.744543213713
"IBPFAHIO_00553",1593.56353965173,1968.39193535845,2003.57335124066,9363.91388098713,10068.0171924912,10118.1835235037
"IBPFAHIO_00554",1876.47880574932,1785.14824167643,1717.80557150011,1235.4846849902,1190.23594850861,1226.92622424649
"IBPFAHIO_00555",1017.34020176317,1050.2031046507,951.137535554374,333.544312146023,362.876813569697,347.299277992354
"IBPFAHIO_00556",411.093202982619,468.946226842152,458.508004807602,589.413921463521,530.707339845682,549.148431013552
"IBPFAHIO_00557",167.439647282247,178.317787937877,170.607629695852,295.163870748399,282.136722550439,279.026770352832
"IBPFAHIO_00558",106.237569310115,98.5181148828051,90.6353032759213,167.22906608965,139.707573224333,167.218170885208
"IBPFAHIO_00559",39.2617103972165,29.5554344648415,43.718205109562,71.2779625955886,60.7818662729242,71.2408775368932
"IBPFAHIO_00560",2296.81005823716,2263.94628000686,2354.38528980276,2874.87782468874,2795.96584855451,2710.12171629931
"IBPFAHIO_00561",700.937006209129,734.945137025726,680.297923412209,721.004006255377,718.496090868,745.060844240008
"IBPFAHIO_00562",855.674335421688,835.433614206187,842.375171623268,1214.46682422484,1273.69761562964,1196.25306864033
"IBPFAHIO_00563",2919.22364365186,2894.46221525681,2944.04790993904,2214.18594062963,2262.53693260706,2078.84838479184
"IBPFAHIO_00564",2094.72772531031,2144.73936099867,2081.41308228939,1823.07096638717,1645.64634953858,1636.56127008363
"IBPFAHIO_00565",4201.00301250216,3985.05774700947,3917.577696891,4042.73982721646,4073.29223231985,4008.2888180827
"IBPFAHIO_00566",18458.7776676325,18502.6871561396,17601.3758961839,23306.9799487242,19949.1528259941,20158.1999730434
"IBPFAHIO_00567",4692.92914865552,4504.24821244185,4408.07463226657,6254.18430774626,6096.33046797091,5837.79413149541
"IBPFAHIO_00568",990.780809435639,1071.87708992492,1053.50211337189,1198.93188365913,1216.54451749241,1101.26523192447
"IBPFAHIO_00569",1965.39503223713,1856.08128439205,1961.9877415023,3162.73113517092,3059.95873042647,3069.29447388115
"IBPFAHIO_00570",8307.31601757574,8214.44041892829,7964.17741373948,23224.7361457293,23547.0764325376,23630.2032963345
"IBPFAHIO_00571",784.079451756176,782.233832169473,782.66250122972,1419.16251167883,1243.76027851014,1165.57991303417
"IBPFAHIO_00572",379.914785902477,386.191010340596,330.552282535713,445.03035620579,419.122719673,481.865380006486
"IBPFAHIO_00573",4889.2377006416,4739.70650701175,4218.27364422994,10408.4101790225,9593.55575874886,9126.74797778198
"IBPFAHIO_00574",5651.37678482286,5268.74878393242,5065.9803042812,12349.3639297024,11829.7841223721,11670.6409798285
"IBPFAHIO_00575",1727.51525747752,1634.41552590574,1622.90507748179,4990.37120172448,5106.58395895956,4645.49888938491
"IBPFAHIO_00576",2209.0485879375,2204.83541107718,2167.78319482292,7826.86858501559,8410.57734651165,7815.71793977665
"IBPFAHIO_00577",561.211507442565,563.523617129645,563.005177996311,493.462817969459,400.071686960591,429.424178486273
"IBPFAHIO_00578",2616.67752235566,2923.03246857283,2600.70005517614,2870.30872452235,2357.79209616911,2527.07223929479
"IBPFAHIO_00579",12.7023180696877,26.5998910183574,23.4585490831796,17.3625806322588,10.8863044070909,12.862936221939
"IBPFAHIO_00580",10.3928056933808,8.86663033945246,8.53038148479259,10.9658403993213,9.07192033924242,7.9156530596548
"IBPFAHIO_00581",3.46426856446028,2.95554344648415,1.06629768559907,10.0520203660445,2.72157610177273,9.8945663245685
"IBPFAHIO_00582",24.2498799512219,18.718441827733,30.9226328823731,33.8113412312407,34.4732972891212,32.652068871076
"IBPFAHIO_00583",45.0354913379836,34.4813402089818,46.9170981663593,35.6389812977943,42.6380255944394,40.5677219307308
"IBPFAHIO_00584",38.106954209063,33.4961590601537,29.8563351967741,77.674702828526,67.1322105103939,72.23033416935
"IBPFAHIO_00585",57949.1297901033,58961.1213950612,71960.1656103391,1180.6554829936,1126.73250613391,1019.14033143056
"IBPFAHIO_00586",71982.8817447319,70231.5937376541,84664.0362365665,332.630492112747,185.067174920545,200.85969638874
"IBPFAHIO_00587",63079.711534069,59351.2531299971,71248.9450540445,278.715110149417,168.737718309909,154.355234663269
"IBPFAHIO_00588",15300.5194930329,13632.9367374826,16354.8739017186,74.0194226954189,40.8236415265909,51.4517448877562
"IBPFAHIO_00589",43060.8582562412,43228.7636294261,49517.7982215354,181.850186622078,107.955852036985,109.82968620271
"IBPFAHIO_00590",46657.9237823391,45383.354801913,52479.9731921296,151.694125523945,92.5335874602727,76.1881606991774
"IBPFAHIO_00591",107385.39696114,103997.692432587,114250.598118884,348.165432678452,161.480182038515,145.450124971157
"IBPFAHIO_00592",30654.1577707208,29040.1847240045,31745.8146956556,90.4681832944009,29.9373371195,37.5993520333603
"IBPFAHIO_00593",7295.74959675334,6793.80920231824,7240.16128521771,15.5349405657052,10.8863044070909,4.94728316228425
"IBPFAHIO_00594",36523.7834751047,36313.777145802,37335.347163566,109.658403993213,52.617137967606,49.4728316228425
"IBPFAHIO_00595",1946.91893322667,2085.62849206898,2102.73903600137,231.196468419024,269.4360340755,263.195464233522
"IBPFAHIO_00596",51154.5443790086,53718.9725021471,50250.344731542,3822.50919919676,4062.40592791276,3682.75758600439
"IBPFAHIO_00597",17853.6854250401,17377.610284178,17019.1773598468,1534.30383587171,1515.01069665348,1610.83539763975
"IBPFAHIO_00598",5923.89924522707,6488.40304618154,5520.22311834641,126.107164592195,110.677428138758,122.692622424649
"IBPFAHIO_00599",12421.7123159664,13660.5218096498,12537.5281872739,5417.12515726473,5987.4674239,5849.66761108489
"IBPFAHIO_00600",8220.70930346423,8038.09299328807,7949.2492461411,2874.87782468874,2723.39048584057,2909.99195605559
"IBPFAHIO_00601",73.9043960418192,66.0071369714794,62.9115634503454,60.3121221962672,59.874674239,43.5360918281014
"IBPFAHIO_00602",13.8570742578411,17.7332606789049,20.2596560263824,5.48292019966066,18.1438406784848,17.8102193842233
"IBPFAHIO_00603",30.0236608919891,17.7332606789049,24.5248467687787,21.9316807986426,21.7726088141818,20.7785892815938
"IBPFAHIO_00604",15.0118304459945,18.718441827733,23.4585490831796,10.9658403993213,15.4222645767121,19.789132649137
"IBPFAHIO_00605",23.0951237630685,17.7332606789049,21.3259537119815,21.0178607653659,29.0301450855757,28.6942423412486
"IBPFAHIO_00606",4127.09861646034,3715.11811223058,3761.89823479353,1920.84970994778,1836.15667666267,1833.46313994254
"IBPFAHIO_00607",3623.62491842545,3320.06047155053,3293.79355081554,2075.28529557156,1842.50702090014,1878.97814503556
"IBPFAHIO_00608",6419.28964994489,6014.53091359525,6058.70344957394,3868.20020086059,3489.96775450656,3496.73973910251
"IBPFAHIO_00609",1863.77648767963,1483.68281013504,1519.47420197868,1047.23775813519,853.667703922712,970.656956440169
"IBPFAHIO_00610",1606.26585772141,1546.73440366004,1515.20901123628,1356.10892938274,1346.27297834358,1381.28145890976
"IBPFAHIO_00611",837.198236411233,846.270606843296,781.596203544121,324.406111813256,347.454548992985,359.172757581836
"IBPFAHIO_00612",248.272580452986,228.562026528108,235.651788517395,234.851748552132,215.004512040045,256.269267806324
"IBPFAHIO_00613",4993.16575757541,4516.07038622779,4750.35618934387,1961.05779141196,1961.34917734421,1882.93597156538
"IBPFAHIO_00614",1479.24267702454,1370.38697801982,1335.00470237004,525.446519134146,400.071686960591,439.318744810841
"IBPFAHIO_00615",909.947876264899,934.93691023782,934.076772584789,63.0535822960976,50.8027538997576,65.3041377421521
"IBPFAHIO_00616",510.402235163814,445.301879270279,479.833958519583,43.8633615972853,34.4732972891212,30.6731556061623
"IBPFAHIO_00617",384.533810655091,323.139416815601,358.276022361289,48.4324617636691,42.6380255944394,46.5044617254719
"IBPFAHIO_00618",115.475618815343,142.851266580067,129.022019957488,47.5186417303924,60.7818662729242,58.3779413149541
"IBPFAHIO_00619",11.5475618815343,16.7480795300769,20.2596560263824,14.6211205324284,14.5150725427879,22.7575025465075
"IBPFAHIO_00620",5392.7113986765,5182.05284283555,5262.17907843143,7289.54240544884,7604.99082038692,7191.37080469638
"IBPFAHIO_00621",2924.99742459263,2712.20370272362,2654.01493945609,3149.02383467177,2977.40425533936,3110.85165244434
"IBPFAHIO_00622",3635.17248030698,3467.83764387474,3671.26293151761,4167.0193517421,4049.70523943782,4107.23448132838
"IBPFAHIO_00623",91.2257388641206,99.5032960316332,83.1712194767278,76.7608827952492,69.8537866121666,90.0405535535733
"IBPFAHIO_00625",193.999039609775,240.384200314044,201.530262578225,438.633615972853,458.131977131742,425.466351956445
"IBPFAHIO_00626",239.034530947759,267.96927248123,250.579956115782,337.19959227913,337.475436619818,391.824826452912
"IBPFAHIO_00627",15.0118304459945,28.5702533160135,21.3259537119815,16.448760598982,24.4941849159545,11.8734795894822
"IBPFAHIO_00628",226.332212878071,278.806265118338,279.369993626957,337.19959227913,381.927846282106,398.75102288011
"IBPFAHIO_00629",151.273060648099,155.658621514832,157.812057468663,64.8812223626511,64.4106344086212,63.3252244772384
"IBPFAHIO_00630",1448.0642599444,1598.94900454793,1475.75599686912,374.666213643478,386.463806451727,357.193844316923
"IBPFAHIO_00631",919.185925770126,877.796403605794,895.690055903222,707.296705756225,693.094713918121,666.893770275917
"IBPFAHIO_00632",4131.71764121295,4433.31516972623,4562.68779667844,2288.20536332505,2524.71543041117,2384.59048422101
"IBPFAHIO_00633",1271.38656315692,1120.15096621749,1117.47997450783,339.027232345684,306.630907466394,341.362538197613
"IBPFAHIO_00634",739.043960418192,725.093325537446,704.822770180988,222.058268086257,244.941849159545,208.775349448395
"IBPFAHIO_00635",1258.68424508723,1165.46929906358,1226.24233843893,462.392936838049,475.368625776303,437.339831545928
"IBPFAHIO_00636",951.519099038422,947.744265172585,972.463489266355,308.87117124755,263.992881871954,307.72101269408
"IBPFAHIO_00637",2927.30693696893,2888.55112836385,2652.9486417705,1691.48088159531,1709.14979191327,1619.74050733186
"IBPFAHIO_00638",234.415506195145,168.465976449597,139.684996813479,133.417724858409,97.9767396638182,82.1249004939185
"IBPFAHIO_00639",1553.14707306636,1533.92704872528,1440.56817324435,986.011815905642,951.64444358653,913.268471757672
"IBPFAHIO_00640",2004.65674263435,2127.00610031976,1861.75575905598,1745.39626355864,1741.80870513454,1669.21333895471
"IBPFAHIO_00641",24.2498799512219,23.6443475718732,33.0552282535713,65.7950423959279,89.8120113585,103.892946407969
"IBPFAHIO_00642",314.093683177732,347.768945536302,348.679343190897,2069.8023753719,2321.50441481214,2214.40394343843
"IBPFAHIO_00643",7972.43672301125,7892.28618326152,7320.13361163764,2667.44067713491,2564.63187990383,2938.68619839684
"IBPFAHIO_00644",1337.20766588167,1285.66139922061,1274.22573429089,653.381323792895,631.405655611273,644.136267729409
"IBPFAHIO_00645",1203.25594805587,1059.06973499015,1186.78932407177,78.5885228618028,77.1113228835606,59.367397947411
"IBPFAHIO_00646",741.353472794499,627.560391803469,629.115634503454,37.4666213643478,44.4524096622879,51.4517448877562
"IBPFAHIO_00647",1010.41166463425,865.974229819857,929.811581842392,487.979897769799,473.554241708454,517.485818774932
"IBPFAHIO_00648",566.985288383332,661.056550863622,646.176397473039,65.7950423959279,71.6681706800151,88.0616402886596
"IBPFAHIO_00649",527.723577986115,520.175646581211,457.441707122003,1333.26342855082,1323.59317749547,1393.15493849924
"IBPFAHIO_00650",3573.97040233485,3500.34862178607,3402.55591474664,7281.31802514935,7374.56404377016,7318.02125365086
"IBPFAHIO_00651",785.234207944329,677.804630393699,792.259180400112,1602.84033836747,1700.07787157403,1614.79322416958
"IBPFAHIO_00652",2986.19950256476,2904.31402674509,3159.44004243006,5216.99856997712,6085.44416356382,6233.57678447815
"IBPFAHIO_00653",12719.63941251,11815.2775178948,11567.1972933788,17677.8485437392,16686.8902720025,16517.9890222346
"IBPFAHIO_00654",5783.01899027235,5763.3097206441,5601.26174245193,12835.5161874056,11685.5405889782,10932.5063320157
"IBPFAHIO_00655",1546.21853593744,1321.12792057842,1257.16497132131,1202.58716379224,1089.53763274301,1098.2968620271
"IBPFAHIO_00656",1379.93364484334,1450.18665107489,1433.10408944516,2471.88319001368,2474.81986854533,2459.78918828773
"IBPFAHIO_00657",1918.05002852284,1994.00664522798,1791.38011180644,2937.93140698484,3233.232408906,3393.83624932699
"IBPFAHIO_00658",2262.16737259256,2474.77504585606,2567.64482692257,5036.06220338831,5713.49542965488,4832.50619291925
"IBPFAHIO_00659",4568.21548033495,4264.84919327663,3875.99208715263,9442.50240384893,8803.39149720085,8591.45193962283
"IBPFAHIO_00660",789.853232696943,785.189375615957,773.065822059329,3827.99211939642,3491.78213857441,3019.82164225831
"IBPFAHIO_00661",579.687606453019,559.582892534333,558.739987253915,2323.84434462284,2315.15407057467,2446.92625206579
"IBPFAHIO_00662",1967.70454461344,1927.01432710767,1982.24739752868,6408.61989337003,6504.56688323682,6435.42593749935
"IBPFAHIO_00663",2273.71493447409,2230.45012094671,2188.0428508493,11464.7861374904,11398.8679062581,10643.5849953383
"IBPFAHIO_00664",120.094643567956,117.236556710538,109.828661616705,418.529575240764,485.34773814947,481.865380006486
"IBPFAHIO_00665",946.900074285809,1020.64767018586,880.761888304835,1582.73629763538,1661.97580614921,1551.46799969234
"IBPFAHIO_00666",1003.48312750533,995.032960316332,931.944177213591,2000.35205284286,2032.1101559903,1946.26119604262
"IBPFAHIO_00667",3358.03099515016,3229.42380585835,3205.29084291082,95.9511034940615,90.7192033924242,94.9878367158576
"IBPFAHIO_00668",7642.17645319937,8105.08531140838,8479.19919588384,249.47286908456,274.879186279045,262.206007601065
"IBPFAHIO_00669",3643.25577362406,3357.497355206,3723.51151811197,3025.65813017941,2757.8637831297,2882.2871703468
"IBPFAHIO_00670",405.319422041852,477.812857181605,464.905790921196,381.976773909692,415.493951537303,422.497982059075
"IBPFAHIO_00671",2128.21565476676,2068.88041253891,2128.33018045575,1672.2906608965,1704.61383174365,1694.93921139858
"IBPFAHIO_00672",1727.51525747752,1834.40729911783,1718.87186918571,1458.45677310974,1559.46310631577,1554.43636958971
"IBPFAHIO_00673",3520.85161767979,3406.7564126474,3363.10290037948,3332.7016613604,3030.92858534089,2949.57022135387
"IBPFAHIO_00674",5647.9125162584,5384.0149783453,5409.3281590441,9217.70267566284,9080.99225958166,8973.38219975117
"IBPFAHIO_00675",2576.26105577029,2843.23279551776,2773.44028024319,628.708182894422,565.180637134803,563.990280500404
"IBPFAHIO_00676",978.078491365951,975.329337339771,982.060168436747,1099.32550003196,938.036563077666,1119.0754513087
"IBPFAHIO_00677",1524.27816836252,1541.8084979159,1490.68416446751,1713.41256239396,1890.58819869812,1829.50531341271
"IBPFAHIO_00678",2904.21181320586,3174.25366152398,3061.34065535494,4428.37188125926,4564.08312267286,4460.47049911548
"IBPFAHIO_00679",1242.51765845309,1252.16524016045,1189.98821712857,5325.74315393705,4712.86261623644,4880.00011127718
"IBPFAHIO_00680",266.748679463441,280.776627415995,262.309230657372,1367.07476978206,1420.66272512536,1429.76483390015
"IBPFAHIO_00681",2398.42860279466,2252.12410622093,2379.97643425713,1831.29534668666,1834.34229259482,1643.48746651083
"IBPFAHIO_00682",3438.8639283209,3268.83105181147,3128.51740954768,3012.86464971353,2947.46691821986,2965.40152747318
"IBPFAHIO_00683",744.817741358959,628.545572952297,630.181932189053,943.97609437491,936.222179009818,914.257928390129
"IBPFAHIO_00684",242.498799512219,239.399019165216,228.187704718202,341.768692445514,315.702827805636,305.742099429167
"IBPFAHIO_00685",3039.31828721981,3039.28384413454,2949.37939836704,2497.47015094543,2201.75506633414,2052.13305571551
"IBPFAHIO_00686",6188.33841231421,5747.54682226285,5830.51574485574,5333.05371420327,4957.80446539598,4661.33019550422
"IBPFAHIO_00687",1319.88632305936,1227.53571143975,1320.07653477165,742.935687054019,612.354622898863,626.326048345186
"IBPFAHIO_00688",24382.6769128596,27424.4876399265,27092.4915957013,21433.6488805068,24674.7161307055,26639.1409156358
"IBPFAHIO_00689",3916.93299021642,3784.08079264854,3800.2849514751,11995.7155768242,10785.6060913253,11131.3871151396
"IBPFAHIO_00690",29465.9136531109,26691.5128651984,26054.9839476134,20534.4499677624,19306.8608659757,19823.763631273
"IBPFAHIO_00691",725.186886160351,758.589484597599,810.386241055296,3891.04570169251,3528.06981993138,3391.85733606208
"IBPFAHIO_00692",2554.32068819538,2456.05660402833,2676.40719085368,7441.23653097279,7133.25096274632,6862.87120272071
"IBPFAHIO_00693",745.972497547113,623.619667208156,705.889067866587,343.596332512068,362.876813569697,335.425798402872
"IBPFAHIO_00694",78.5234207944329,74.8737673109319,75.7071356775343,60.3121221962672,43.5452176283636,52.441201520213
"IBPFAHIO_00695",935.352512404274,1033.45502512063,973.529786951955,657.036603926002,645.013536120136,735.166277915439
"IBPFAHIO_00696",254.046361393754,263.04336673709,267.640719085368,423.098675407147,396.442918824894,402.708849409938
"IBPFAHIO_00697",13033.7330956877,12587.659538576,12794.5059295033,8410.79958627945,7955.16694548168,8049.22970503647
"IBPFAHIO_00698",9508.2624532553,9861.66329976879,10054.1208775137,10843.3885148622,11833.4128905078,11409.4244288599
"IBPFAHIO_00699",1230.97009657155,1382.20915180576,1192.12081249976,981.442715739258,746.619043919651,804.428242187419
"IBPFAHIO_00700",3087.81804712226,2911.21029478689,2965.37386365102,3905.66682222494,3650.54074451115,3556.10713704992
"IBPFAHIO_00701",1729.82476985383,1689.58567024011,1671.95477101935,2437.15802874916,2049.34680463486,1811.69509402849
"IBPFAHIO_00702",2228.67944313611,2132.91718721273,2173.11468325091,2872.13636458891,2546.48803922535,2419.221466357
"IBPFAHIO_00703",750.591522299726,636.427022142921,631.248229874652,909.250933110392,799.236181887257,824.217374836556
"IBPFAHIO_00704",2891.50949513618,2782.15156429042,2781.97066172798,3810.62953876416,3352.07456535007,3388.88896616471
"IBPFAHIO_00705",0,0.985181148828051,0,8.22438029949099,4.53596016962121,4.94728316228425
"IBPFAHIO_00706",998.864102752713,1070.89190877609,938.341963327185,2035.99103414066,1642.01758140288,1766.18008893548
"IBPFAHIO_00707",1636.2895186134,1634.41552590574,1620.77248211059,2261.70458236002,2587.31168075194,2415.26363982717
"IBPFAHIO_00708",3024.30645677382,2957.51380878181,3008.02577107499,7619.43143746176,7351.88424292206,7799.88663365735
"IBPFAHIO_00709",2.30951237630685,0,3.19889305679722,2.74146009983033,0,1.9789132649137
"IBPFAHIO_00710",13675.777536301,13258.5679009279,13256.2128273677,14227.2640980861,11663.767980164,12001.1194950691
"IBPFAHIO_00711",5819.97118829326,5661.83606231481,5688.69815267106,8566.1489919365,7047.06771952351,7076.59383533139
"IBPFAHIO_00712",2209.0485879375,2232.42048324436,2276.54555875402,8103.75605509845,7487.05585597677,7495.13399086064
"IBPFAHIO_00713",1079.69703592345,1063.9956407343,1050.30322031509,821.524209915822,644.106344086212,745.060844240008
"IBPFAHIO_00714",363.748199268329,289.643257755447,313.491519566128,148.952665424115,157.851413902818,152.376321398355
"IBPFAHIO_00715",192.844283421622,180.288150235533,197.265071835829,468.789677070986,495.326850522636,443.276571340669
"IBPFAHIO_00716",1726.36050128937,1640.32661279871,1682.61774787534,2484.67667047956,2620.87778600714,2644.81757855716
"IBPFAHIO_00717",37930.2765122756,37645.7420590175,34415.8241003957,5372.34797563417,4707.41946403289,4501.03822104621
"IBPFAHIO_00718",2449.23787507341,2423.54562611701,2433.29131853709,1194.36278349275,1357.15928275067,1259.57829311757
"IBPFAHIO_00719",918.031169581973,840.359519950328,849.839255422462,3168.21405537058,2848.58298652212,2692.31149691509
"IBPFAHIO_00720",11510.6096835133,11407.41252228,10922.0871935913,2262.6184023933,2192.68314599489,1981.88163481107
"IBPFAHIO_00721",841.817261163847,775.337564127676,681.364221097808,138.90064505807,122.470924579773,137.534471911502
"IBPFAHIO_00722",2185.95346417443,2412.7086334799,2108.07052442937,7953.88956964106,8091.24575057032,8794.29054927648
"IBPFAHIO_00723",4443.50181201438,4468.78169108404,4282.25150536588,8024.25371220337,7153.20918749265,6915.31240424092
"IBPFAHIO_00724",1876.47880574932,1860.02200898736,1869.21984285518,5047.94186382091,4950.54692912459,4801.83303731309
"IBPFAHIO_00725",2017.35906070403,2038.33979692524,2002.50705355506,4776.53731393771,4806.30339573063,4618.78356030857
"IBPFAHIO_00726",199.772820550543,200.976954360922,213.259537119815,432.236875739915,458.131977131742,452.18168103278
"IBPFAHIO_00727",12108.7733889768,12021.1803779999,11779.390532813,15090.8240295327,14528.6804232967,14947.7213465256
"IBPFAHIO_00728",2269.09590972148,2334.87932272248,2319.19746617799,4447.56210195807,4907.00171149623,4496.09093788393
"IBPFAHIO_00729",981.542759930411,890.603758540558,922.347498043199,1835.86444685304,1711.87136801504,1689.9919282363
"IBPFAHIO_00730",15.0118304459945,5.91108689296831,8.53038148479259,21.0178607653659,23.5869928820303,35.6204387684466
"IBPFAHIO_00731",31.1784170801425,23.6443475718732,33.0552282535713,88.6405432278473,107.955852036985,95.9772933483144
"IBPFAHIO_00732",390.307591595858,352.694851280442,344.414152448501,707.296705756225,645.013536120136,747.039757504921
"IBPFAHIO_00733",40.4164665853699,74.8737673109319,53.3148842799537,207.437147553828,222.262048311439,205.806979551025
"IBPFAHIO_00734",2747.164971617,2408.76790888458,2882.2026441743,1122.17100086388,1087.72324867517,918.215754919956
"IBPFAHIO_00735",241.344043324066,261.073004439434,235.651788517395,453.254736505281,407.329223231985,410.624502469593
"IBPFAHIO_00736",43.8807351498302,32.5109779113257,37.3204189959676,42.0357215307317,36.2876813569697,36.6098954009034
"IBPFAHIO_00737",602.782730216088,538.894088408944,582.198536337094,752.073887386787,765.67007663206,697.566925882079
"IBPFAHIO_00738",63.5115903484384,67.9774992691355,90.6353032759213,114.227504159597,148.779493563576,160.29197445801
"IBPFAHIO_00739",27.7141485156822,27.5850721671854,28.790037511175,46.6048216971156,50.8027538997576,46.5044617254719
"IBPFAHIO_00740",34.6426856446028,18.718441827733,14.928167598387,18.2764006655355,19.9582247463333,21.7680459140507
"IBPFAHIO_00741",5.77378094076713,1.9703622976561,1.06629768559907,5.48292019966066,4.53596016962121,2.96836989737055
"IBPFAHIO_00742",23.0951237630685,20.6888041253891,26.6574421399768,21.9316807986426,23.5869928820303,23.7469591789644
"IBPFAHIO_00743",11.5475618815343,11.8221737859366,3.19889305679722,0.913820033276776,0.907192033924242,2.96836989737055
"IBPFAHIO_00744",6.92853712892055,2.95554344648415,3.19889305679722,0.913820033276776,2.72157610177273,2.96836989737055
"IBPFAHIO_00745",30.0236608919891,48.2738762925745,37.3204189959676,82.2438029949099,96.1623555959697,122.692622424649
"IBPFAHIO_00746",137.415986390258,147.777172324208,165.276141267856,220.230628019703,244.941849159545,228.564482097532
"IBPFAHIO_00747",43.8807351498302,45.3183328460903,28.790037511175,84.9852630947402,76.2041308496363,77.1776173316343
"IBPFAHIO_00748",414.55747154708,454.168509609732,384.933464501266,360.958913144327,392.814150689197,367.088410641491
"IBPFAHIO_00749",857.983847797995,693.567528774948,787.993989657716,161.746145889989,170.552102377758,171.175997415035
"IBPFAHIO_00750",98.1542759930411,67.9774992691355,76.7734333631333,155.349405657052,156.03702983497,152.376321398355
"IBPFAHIO_00751",282.915266097589,307.376518434352,311.35892419493,318.009371580318,358.340853400076,351.257104522182
"IBPFAHIO_00752",919.185925770126,845.285425694468,1022.57948048951,113.31368412632,116.120580342303,96.9667499807713
"IBPFAHIO_00753",3523.1611300561,2956.52862763298,3375.89847260667,445.03035620579,416.401143571227,355.214931052009
"IBPFAHIO_00754",142.035011142871,113.295832115226,123.690531529493,135.245364924963,113.39900424053,104.882403040426
"IBPFAHIO_00755",152.427816836252,150.732715770692,136.486103756681,135.245364924963,145.150725427879,135.555558646588
"IBPFAHIO_00756",128.17793688503,96.547752585149,100.231982446313,126.107164592195,121.563732545848,107.850772937797
"IBPFAHIO_00757",38.106954209063,46.3035139949184,29.8563351967741,44.777181630562,41.7308335605151,42.5466351956445
"IBPFAHIO_00758",57.7378094076713,60.0960500785111,78.9060287343315,66.7088624292047,51.7099459336818,47.4939183579288
"IBPFAHIO_00759",19.6308551986082,9.85181148828051,10.6629768559907,10.9658403993213,11.7934964410151,12.862936221939
"IBPFAHIO_00760",33.4879294564493,32.5109779113257,33.0552282535713,35.6389812977943,39.9164494926667,32.652068871076
"IBPFAHIO_00761",1.15475618815343,3.9407245953122,0,1.82764006655355,0,0
"IBPFAHIO_00762",25.4046361393754,19.703622976561,13.861869912788,10.0520203660445,21.7726088141818,9.8945663245685
"IBPFAHIO_00763",391.462347784011,369.442930810519,358.276022361289,201.954227354168,183.252790852697,197.89132649137
"IBPFAHIO_00764",0,5.91108689296831,3.19889305679722,0.913820033276776,0.907192033924242,1.9789132649137
"IBPFAHIO_00765",173.213428223014,155.658621514832,167.408736639055,40.2080814641782,50.8027538997576,36.6098954009034
"IBPFAHIO_00766",207.856113867617,194.080686319126,195.132476464631,80.4161629283563,75.2969388157121,65.3041377421521
"IBPFAHIO_00767",109.701837874575,109.355107519914,132.220913014285,165.401426023097,161.480182038515,173.154910679949
"IBPFAHIO_00768",41.5712227735233,36.4517025066379,35.1878236247694,19.1902206988123,15.4222645767121,26.7153290763349
"IBPFAHIO_00769",23.0951237630685,20.6888041253891,12.7955722271889,7.31056026621421,6.35034423746969,15.8313061193096
"IBPFAHIO_00770",33.4879294564493,13.7925360835927,22.3922513975806,14.6211205324284,9.97911237316666,15.8313061193096
"IBPFAHIO_00771",5.77378094076713,8.86663033945246,5.33148842799537,4.56910016638388,6.35034423746969,5.9367397947411
"IBPFAHIO_00772",17.3213428223014,16.7480795300769,10.6629768559907,15.5349405657052,19.9582247463333,10.8840229570253
"IBPFAHIO_00773",4.6190247526137,3.9407245953122,2.13259537119815,2.74146009983033,2.72157610177273,2.96836989737055
"IBPFAHIO_00774",5.77378094076713,6.89626804179636,11.7292745415898,13.7073004991516,2.72157610177273,4.94728316228425
"IBPFAHIO_00775",102.773300745655,78.8144919062441,69.3093495639398,84.0714430614634,72.5753627139394,61.3463112123247
"IBPFAHIO_00776",705.556030961743,734.945137025726,705.889067866587,1534.30383587171,1430.64183749853,1449.55396654928
"IBPFAHIO_00777",577.378094076713,567.464341724957,553.408498825919,250.386689117837,226.798008481061,244.395788216842
"IBPFAHIO_00778",4.6190247526137,5.91108689296831,9.59667917039167,4.56910016638388,2.72157610177273,1.9789132649137
"IBPFAHIO_00779",34.6426856446028,43.3479705484342,53.3148842799537,40.2080814641782,42.6380255944394,26.7153290763349
"IBPFAHIO_00780",31.1784170801425,37.4368836554659,34.1215259391704,7.31056026621421,8.16472830531818,8.90510969211165
"IBPFAHIO_00781",70.4401274773589,57.140506632027,71.441944935138,22.8455008319194,23.5869928820303,16.8207627517664
"IBPFAHIO_00782",28.8689047038356,26.5998910183574,27.7237398255759,11.8796604325981,8.16472830531818,4.94728316228425
"IBPFAHIO_00783",3.46426856446028,0.985181148828051,0,0.913820033276776,0,0.98945663245685
"IBPFAHIO_00784",68.1306151010521,50.2442385902306,61.8452657647463,49.3462817969459,47.1739857640606,42.5466351956445
"IBPFAHIO_00801",9445.90561909502,9297.15450149032,9548.69577453971,9430.62274341633,8513.09004634509,8424.23376873762
"IBPFAHIO_00802",4356.89509790287,4253.0270194907,4339.83158038823,4462.1832224905,3767.56851688738,3934.07957064843
"IBPFAHIO_00803",12750.8178295901,12080.2912469296,11831.6391194073,21049.8444665305,19598.9767008993,19376.5292334025
"IBPFAHIO_00804",1113.1849653799,993.062598018676,1120.67886756463,2063.40563513896,1925.96868802117,2141.18415263662
"IBPFAHIO_00805",5366.15200634897,5529.82178837185,5353.88067939295,20995.9290845672,19994.5124276903,22030.2519216518
"IBPFAHIO_00806",443.426376250915,406.879814465985,411.590906641243,189.160746888293,233.14835271853,221.638285670334
"IBPFAHIO_00807",25159.8278274868,26610.7280109945,24397.9573441924,70989.1954650731,60448.0196044401,64164.2837015618
"IBPFAHIO_00808",22516.5909128036,21718.3184259144,20995.4014294458,60897.8808375977,54901.4475090273,56844.283534646
"IBPFAHIO_00809",8241.49491485099,7658.79825098927,7511.00089735988,4029.94634675058,4017.95351825047,4088.4348053117
"IBPFAHIO_00810",1031.19727602101,1102.41770553859,1152.6677981326,580.275721130753,630.498463577348,629.294418242556
"IBPFAHIO_00811",3062.41341098288,2996.92105473493,3167.97042391485,2836.49738329111,2732.46240617982,2632.94409896768
"IBPFAHIO_00812",0,0,0,0,0,1.9789132649137
"IBPFAHIO_00813",26023.5854562256,26993.9634778886,25912.1000577431,1478.56081384182,1281.86234393495,1220.98948445175
"IBPFAHIO_00814",2991.97328350552,3006.77286622321,2966.44016133662,2699.4243782996,2432.18184295089,2576.54507091764
"IBPFAHIO_00815",0,0,0,2.74146009983033,0,0.98945663245685
"IBPFAHIO_00816",8751.89715001481,8835.10454268996,8650.87312326529,7162.52142082337,6931.85433121513,6960.82740933394
"IBPFAHIO_00817",1177.85131191649,1103.40288668742,1124.94405830702,855.335551147063,779.277957140924,848.953790647977
"IBPFAHIO_00818",4602.85816597955,4590.94415353872,4225.73772802913,16039.369224074,16021.918511136,15677.9403412788
"IBPFAHIO_00819",1077.38752354715,1062.02527843664,956.469023982369,1269.29602622144,1265.53288732432,1377.32363237993
"IBPFAHIO_00820",607.401754968702,559.582892534333,604.590787734675,1358.85038948257,1290.02707224027,1240.77861710089
"IBPFAHIO_00821",4009.31348526869,3950.57640680049,3859.99762186865,4498.73602382157,4714.67700030429,4633.62540979543
"IBPFAHIO_00822",1058.91142453669,1156.60266872413,1065.23138791347,428.581595606808,499.862810692257,469.002443784547
"IBPFAHIO_00823",0,0,0,0,0,0
"IBPFAHIO_00824",2886.89047038356,2697.4259854912,2796.89882932637,14564.4636903653,14234.7502043053,13892.9605763266
"IBPFAHIO_00825",975.768978989644,882.722309349934,898.888948960019,7993.18383107196,7794.59395547709,7545.59627911594
"IBPFAHIO_00826",2345.30981813961,2293.5017144717,2271.21407032603,13153.5255589859,12825.8809756209,12921.314163254
"IBPFAHIO_00827",1239.05338988863,1284.67621807178,1237.97161298052,7242.93758375173,7555.09525852109,7524.81768983434
"IBPFAHIO_00828",2116.66809288523,2109.27283964086,2006.77224429746,10965.8403993213,11361.6730328672,10741.5412019516
"IBPFAHIO_00829",1804.8839220838,1805.83704580182,1799.91049329124,12751.4447443441,10657.692014542,10322.0115897899
"IBPFAHIO_00830",355.664905951255,333.976409452709,315.624114937326,2196.82335999737,2262.53693260706,2347.9805888201
"IBPFAHIO_00831",2269.09590972148,2166.41334627288,2183.7776601069,17531.637338415,17330.9966160887,16574.3880502847
"IBPFAHIO_00832",927.2692190872,978.284880786255,903.154139702416,11921.6961541288,12593.6398149363,11964.5095996682
"IBPFAHIO_00833",981.542759930411,990.107054572191,806.1210503129,27977.5141388018,26421.9679880436,26087.0241147248
"IBPFAHIO_00834",927.2692190872,975.329337339771,790.126585028914,26850.7740377715,26044.5761019311,25552.7175331981
"IBPFAHIO_00835",1424.96913618133,1474.81617979559,1311.54615328686,51844.6657679246,53786.5084993344,50974.826790912
"IBPFAHIO_00836",421.486008676,388.161372638252,310.29262650933,17180.7304456367,14440.6827960061,14502.46586192
"IBPFAHIO_00837",577.378094076713,511.309016241759,462.773195549998,21727.8989312219,18555.7058618864,17803.2931877961
"IBPFAHIO_00838",993.090321811946,1036.41056856711,882.894483676033,40401.8113112328,35077.4871837147,35461.136250621
"IBPFAHIO_00839",782.924695568022,805.878179741346,681.364221097808,34632.8654411566,35548.3198493214,33097.3243556816
"IBPFAHIO_00840",608.556511156855,673.863905798387,626.983039132255,34673.0735226207,31612.0136141241,29538.2488487343
"IBPFAHIO_00841",467.676256202137,465.990683395668,364.673808474883,21063.5517670297,22737.8611382772,24212.0037962191
"IBPFAHIO_00842",1490.79023890607,1638.35625050105,1490.68416446751,37381.6361012531,32535.535104659,32945.9374909157
"IBPFAHIO_00843",819.876893588932,938.877634833133,794.39177577131,19237.7393405427,18577.4784707006,18586.9428407019
"IBPFAHIO_00844",526.568821797962,532.983001515976,539.546628913131,409.391374907996,405.514839164136,435.360918281014
"IBPFAHIO_00845",6741.4666264397,6933.70492545182,6848.83003460285,5475.60963939444,5161.92267302894,5751.71140447167
"IBPFAHIO_00846",4885.77343207714,5135.74932884063,5131.02446310274,2881.27456492168,3165.19300636168,2896.1395632012
"IBPFAHIO_00847",3739.10053724079,3477.68945536302,3473.99785968178,2797.20312186021,2668.0517717712,2714.07954282914
"IBPFAHIO_00848",3179.04378598638,2928.9435554658,2947.24680299584,2332.06872492233,2455.76883583292,2360.84352504204
"IBPFAHIO_00849",207.856113867617,177.332606789049,231.386597774999,149.866485457391,156.03702983497,179.09165047469
"IBPFAHIO_00850",59960.7150698666,59673.4073656639,59797.9742083961,91745.7037009218,92494.578202814,92456.8066500329
"IBPFAHIO_00851",10023.2837131717,10555.2308285437,10336.6897641974,19669.0623962493,21596.6135596005,24024.0070360523
"IBPFAHIO_00852",13368.6123902522,12431.0157359123,12312.5393756125,11228.1067488718,11162.0907854039,10771.2249009253
"IBPFAHIO_00853",45604.7861387432,38497.9237527538,41346.7590567897,2138.33887786766,2118.29339921311,1847.31553279694
"IBPFAHIO_00854",49.6545160905973,47.2886951437465,53.3148842799537,46.6048216971156,43.5452176283636,62.3357678447815
"IBPFAHIO_00855",2200.96529462043,2096.46548470609,2137.92685962614,7669.69153929198,7848.11828547862,7458.52409545973
"IBPFAHIO_00856",5360.3782254082,5278.6005954207,5225.92495712106,9755.02885522959,8979.38675178215,9249.44060020663
"IBPFAHIO_00857",3699.83882684357,3631.3777145802,3735.24079265356,2851.11850382354,2977.40425533936,3064.34719071886
"IBPFAHIO_00858",323.331732682959,393.087278382392,366.806403846081,685.365024957582,597.839550356076,663.925400378546
"IBPFAHIO_00859",8411.24407450955,8276.50683130446,8045.21603784501,9540.28114740955,9515.53724383138,9368.17539610145
"IBPFAHIO_00860",1750.61038124059,1684.65976449597,1789.24751643525,1884.29690861671,1840.69263683229,1768.15900220039
"IBPFAHIO_00861",617.794560662082,583.227240106206,551.275903454721,551.947300099173,572.438173406197,558.053540705663
"IBPFAHIO_00862",1631.67049386079,1681.70422104948,1667.68958027695,3192.88719626906,3391.99101484274,3330.51102484976
"IBPFAHIO_00863",563.521019818871,568.449522873786,564.07147568191,439.547436006129,667.693336968242,550.137887646008
"IBPFAHIO_00864",3714.85065728957,3473.74873076771,3910.1136130918,701.813785556564,773.834804937379,770.786716683886
"IBPFAHIO_00865",8773.83751758972,8336.60288138297,8237.14962125285,7122.3133393592,6939.11186748653,6848.02935323386
"IBPFAHIO_00866",19178.1907728521,16585.5246405202,17148.1993798043,8633.77167439898,9219.79264077207,8187.75363358043
"IBPFAHIO_00867",18018.815559946,18737.1602695607,17825.2984101597,8946.29812577964,9463.82729789769,9051.54927371526
"IBPFAHIO_00868",372.986248773556,371.413293108175,379.60197607327,938.493174175249,856.389280024484,877.648032989226
"IBPFAHIO_00869",546.19967699657,532.983001515976,572.601857166703,274.146009983033,261.271305770182,236.480135157187
"IBPFAHIO_00870",324.486488871112,368.457749661691,366.806403846081,625.966722794592,703.073826291288,700.535295779449
"IBPFAHIO_00871",1001.17361512902,822.626259271423,907.419330444812,572.965160864539,535.243300015303,512.538535612648
"IBPFAHIO_00872",0,3.9407245953122,1.06629768559907,0.913820033276776,0.907192033924242,0
"IBPFAHIO_00873",0,0,0,0,0,0
"IBPFAHIO_00874",23.0951237630685,24.6295287207013,24.5248467687787,19.1902206988123,27.2157610177273,24.7364158114212
"IBPFAHIO_00875",2747.164971617,2823.52917254119,2849.14741592073,1717.98166256034,1673.76930259023,1570.26767570902
"IBPFAHIO_00876",6535.92002494839,5876.60555275933,6193.05695795942,4889.85099806403,4723.74892064353,4579.2052950103
"IBPFAHIO_00877",1240.20814607678,1186.15810318897,1163.33077498859,2930.62084671862,2732.46240617982,2489.47288726143
"IBPFAHIO_00878",1710.19391465522,1545.74922251121,1647.42992425057,4277.59157576859,4203.92788520494,4078.54023898713
"IBPFAHIO_00879",1353.37425251581,1485.6531724327,1529.07088114907,4739.98451260664,4720.12015250783,4389.22962157858
"IBPFAHIO_00880",3928.48055209795,3812.65104596456,3805.61643990309,18004.082295619,18377.8962232373,18803.63384321
"IBPFAHIO_00881",3512.76832436272,3423.50449217748,3419.61667771623,9605.1623697722,9975.48360503097,9666.00184247096
"IBPFAHIO_00882",173.213428223014,155.658621514832,138.61869912788,792.281968850965,830.080711040682,920.19466818487
"IBPFAHIO_00883",0,0,0,0.913820033276776,1.81438406784848,0.98945663245685
"IBPFAHIO_00884",7062.48884674635,7294.28122592289,6942.66423093557,10333.4769362938,11372.5593372743,10816.7399060183
"IBPFAHIO_00885",3015.06840726859,3259.96442147202,3012.29096181738,6936.80787260401,7268.42257580103,6656.07476653723
"IBPFAHIO_00886",2848.7835161745,2686.5889928541,2681.73867928167,6561.22783892725,5958.43727881442,5474.66354738375
"IBPFAHIO_00887",1591.25402727542,1661.01541692409,1566.39130014504,4254.74607493667,4440.70500605917,4447.60756289354
"IBPFAHIO_00888",342.962587881567,395.057640680049,325.220794107718,1046.32393810191,1022.40542223262,966.699129910342
"IBPFAHIO_00889",318.712707930345,298.5098880949,292.165565854146,726.486926455037,750.247812055348,851.922160545348
"IBPFAHIO_00890",1235.58912132416,1220.63944339796,1233.70642223813,3544.70790908062,3331.20914856982,3134.5986116233
"IBPFAHIO_00891",1592.40878346357,1664.95614151941,1548.26423948986,4221.84855373871,4362.68649114168,4316.99928740923
"IBPFAHIO_00892",1354.52900870397,1335.90563781084,1352.06546533963,3825.25065929659,4169.45458791582,3714.42019824301
"IBPFAHIO_00893",541.580652243956,583.227240106206,542.745521969929,1416.421051579,1395.26134817548,1341.70319361149
"IBPFAHIO_00894",336.034050752647,386.191010340596,339.082664020505,953.114294707678,889.955385279682,966.699129910342
"IBPFAHIO_00895",1195.1726547388,1344.77226815029,1246.50199446532,2350.34512558787,2249.83624413212,2257.94003526653
"IBPFAHIO_00896",225.177456689918,227.57684537928,199.397667207027,407.563734841442,448.152864758576,450.202767767867
"IBPFAHIO_00897",2064.70406441832,1951.64385582837,1916.13694102154,6387.60203260467,6606.17239103633,6463.13072320814
"IBPFAHIO_00898",1.15475618815343,0.985181148828051,0,0.913820033276776,0.907192033924242,0
"IBPFAHIO_00899",4711.40524766597,4548.58136413911,4500.84253091369,18617.2555379478,18366.1027267963,18392.0198841079
"IBPFAHIO_00900",1673.24171663431,1631.45998245925,1622.90507748179,6627.02288132318,6539.04018052594,7038.99448329803
"IBPFAHIO_00901",1125.88728344959,1131.97314000343,1188.92191944297,4940.11109989425,4956.89727336206,4997.74545053955
"IBPFAHIO_00902",269.058191839748,332.991228303881,293.231863539745,2069.8023753719,2266.16570074276,2385.57994085346
"IBPFAHIO_00903",2356.85738002114,2251.1389250721,2180.57876705011,6583.1595197259,6260.5322261112,6121.76818501053
"IBPFAHIO_00904",6389.2659890529,6637.16539965458,6409.51538813603,12222.3429450769,12524.6932203581,12193.0740817658
"IBPFAHIO_00905",3379.97136272508,3409.71195609388,3326.84877906911,6787.85520717989,6994.45058155591,6775.79901906451
"IBPFAHIO_00906",11122.6116042938,11127.6210760128,10895.4297514513,19090.6143151851,17546.0011281288,17204.6719251597
"IBPFAHIO_00907",2006.96625501065,1941.79204434009,2019.56781652465,3872.76930102698,3591.57326230607,3752.01955027637
"IBPFAHIO_00908",2741.39119067623,3027.4616703486,2869.40707194711,7181.71164152219,7534.22984174083,6992.49002157256
"IBPFAHIO_00909",1874.16929337301,1844.25911060611,1855.35797294239,3732.95483593563,3500.85405891365,3558.08605031483
"IBPFAHIO_00910",1322.19583543567,1238.37270407686,1107.88329533744,2081.6820358045,2002.1728188708,1942.3033695128
"IBPFAHIO_00911",1914.58575995838,1671.8524095612,1722.0707622425,3235.83673783306,2625.41374617676,2611.17605305363
"IBPFAHIO_00912",1541.59951118482,1479.74208553973,1564.25870477384,3185.57663600284,2334.20510328707,2357.87515514467
"IBPFAHIO_00913",1864.93124386778,1828.49621222486,1735.93263215529,3424.99748472136,3286.75673890753,3014.87435909602
"IBPFAHIO_00914",5555.53202120613,4872.70596210354,5091.57144873558,7917.33676830999,7760.12065818797,7570.33269492736
"IBPFAHIO_00915",2090.1087005577,2307.2942505553,2269.08147495483,5118.30600638322,4690.18281538833,4652.42508581211
"IBPFAHIO_00916",1072.76849879453,985.181148828051,1002.31982446313,318.009371580318,297.558987127151,293.868619839684
"IBPFAHIO_00917",8623.71921312978,8349.41023631773,8639.1438487237,3774.99055746636,3973.50110858818,3915.27989463175
"IBPFAHIO_00918",21.9403675749151,21.6739852742171,19.1933583407833,27.4146009983033,35.3804893230454,42.5466351956445
"IBPFAHIO_00919",0,0,0,0,0,0
"IBPFAHIO_00920",1.15475618815343,0,0,0.913820033276776,0.907192033924242,0
"IBPFAHIO_00921",1.15475618815343,0,0,0.913820033276776,0,2.96836989737055
"IBPFAHIO_00922",0,0,0,0,0,0
"IBPFAHIO_00923",1.15475618815343,0,0,0,0,0
"IBPFAHIO_00924",0,0,0,0,0,0
"IBPFAHIO_00926",24.2498799512219,30.5406156136696,36.2541213103685,5.48292019966066,6.35034423746969,3.9578265298274
"IBPFAHIO_00927",0,0,0,0,0,0
"IBPFAHIO_00928",0,0,0,0,0,0
"IBPFAHIO_00929",0,0,0,0,0,0
"IBPFAHIO_00930",90.0709826759672,78.8144919062441,70.3756472495389,17.3625806322588,15.4222645767121,12.862936221939
"IBPFAHIO_00931",0,0,0,0,0,0
"IBPFAHIO_00932",0,0,0,0,0,0
"IBPFAHIO_00933",0,0,0,0,0,0
"IBPFAHIO_00934",414.55747154708,481.753581776917,456.375409436404,21.9316807986426,17.2366486445606,15.8313061193096
"IBPFAHIO_00935",357.974418327562,383.235466894112,355.077129304492,24.673140898473,28.1229530516515,39.578265298274
"IBPFAHIO_00936",1717.12245178414,1785.14824167643,1835.09831691601,82.2438029949099,70.7609786460909,76.1881606991774
"IBPFAHIO_00937",20.7856113867617,32.5109779113257,27.7237398255759,1.82764006655355,0,0.98945663245685
"IBPFAHIO_00938",290.998559414663,278.806265118338,245.248467687787,1.82764006655355,4.53596016962121,5.9367397947411
"IBPFAHIO_00939",362.593443080175,371.413293108175,401.994227470851,7.31056026621421,4.53596016962121,5.9367397947411
"IBPFAHIO_00940",237.879774759606,263.04336673709,219.657323233409,3.65528013310711,4.53596016962121,4.94728316228425
"IBPFAHIO_00941",359.129174515715,344.813402089818,365.740106160482,8.22438029949099,2.72157610177273,5.9367397947411
"IBPFAHIO_00942",244.808311888526,241.369381462873,203.662857949423,2.74146009983033,3.62876813569697,1.9789132649137
"IBPFAHIO_00943",247.117824264833,299.495069243728,297.497054282142,6.39674023293743,4.53596016962121,4.94728316228425
"IBPFAHIO_00944",99.3090321811946,103.444020626945,75.7071356775343,2.74146009983033,4.53596016962121,1.9789132649137
"IBPFAHIO_00945",941.126293345042,948.729446321413,908.485628130411,16.448760598982,13.6078805088636,15.8313061193096
"IBPFAHIO_00946",272.522460404208,245.310106058185,236.718086202994,5.48292019966066,1.81438406784848,0.98945663245685
"IBPFAHIO_00947",707.86554333805,708.345246007369,661.104565071426,62.1397622628208,41.7308335605151,53.4306581526699
"IBPFAHIO_00948",234.415506195145,221.665758486312,239.916979259792,12.7934804658749,19.0510327124091,13.8523928543959
"IBPFAHIO_00949",899.555070571518,861.048324075717,947.938642497577,37.4666213643478,37.1948733908939,25.7258724438781
"IBPFAHIO_00950",39.2617103972165,46.3035139949184,49.0496935375574,0.913820033276776,2.72157610177273,2.96836989737055
"IBPFAHIO_00951",86.6067141115069,78.8144919062441,87.4364102191241,4.56910016638388,1.81438406784848,1.9789132649137
"IBPFAHIO_00952",1056.60191216038,922.129555303056,1017.24799206152,57.5706620964369,40.8236415265909,44.5255484605582
"IBPFAHIO_00953",451.509669567989,427.568618591374,487.298042318777,21.9316807986426,21.7726088141818,20.7785892815938
"IBPFAHIO_00954",170.903915846707,156.64380266366,181.270606551843,11.8796604325981,17.2366486445606,8.90510969211165
"IBPFAHIO_00955",124.71366832057,104.429201775773,98.0993870751148,3.65528013310711,5.44315220354545,0.98945663245685
"IBPFAHIO_00956",329.105513623726,374.368836554659,351.878236247694,355.475992944666,363.784005603621,431.403091751186
"IBPFAHIO_00957",651.282490118532,702.4341591144,711.220556294582,76.7608827952492,60.7818662729242,63.3252244772384
"IBPFAHIO_00958",30.0236608919891,29.5554344648415,40.5193120527648,10.0520203660445,18.1438406784848,21.7680459140507
"IBPFAHIO_00959",0,0,0,0,0,0
"IBPFAHIO_00960",0,0,0,0,0,0
"IBPFAHIO_00961",0,0,0,0,0,0
"IBPFAHIO_00962",0,0,0,0,0,0
"IBPFAHIO_00963",237.879774759606,250.236011802325,213.259537119815,29.2422410648568,23.5869928820303,22.7575025465075
"IBPFAHIO_00964",144.344523519178,135.954998538271,119.425340787096,11.8796604325981,15.4222645767121,7.9156530596548
"IBPFAHIO_00965",295.617584167277,300.480250392556,262.309230657372,20.1040407320891,25.4013769498788,30.6731556061623
"IBPFAHIO_00966",90.0709826759672,117.236556710538,88.5027079047231,9.13820033276776,9.07192033924242,5.9367397947411
"IBPFAHIO_00967",379.914785902477,403.924271019501,414.78979969804,26.5007809650265,26.308568983803,27.7047857087918
"IBPFAHIO_00968",56.5830532195178,26.5998910183574,33.0552282535713,7.31056026621421,3.62876813569697,2.96836989737055
"IBPFAHIO_00969",318.712707930345,256.147098695293,248.447360744584,18.2764006655355,23.5869928820303,18.7996760166801
"IBPFAHIO_00970",106.237569310115,114.281013264054,121.557936158294,13.7073004991516,9.07192033924242,12.862936221939
"IBPFAHIO_00971",66.9758589128987,83.7403976503844,78.9060287343315,3.65528013310711,1.81438406784848,2.96836989737055
"IBPFAHIO_00972",5524.35360412599,5177.12693709141,5084.10736493638,224.799728186087,226.798008481061,202.838609653654
"IBPFAHIO_00973",2471.17824264833,2613.68558784082,2620.95971120252,110.57222402649,113.39900424053,103.892946407969
"IBPFAHIO_00974",1498.87353222315,1694.51157598425,1638.89954276578,77.674702828526,63.5034423746969,90.0405535535733
"IBPFAHIO_00975",1.15475618815343,0,1.06629768559907,0,0,0
"IBPFAHIO_00976",580.842362641173,661.056550863622,634.447122931449,22.8455008319194,21.7726088141818,20.7785892815938
"IBPFAHIO_00977",38.106954209063,32.5109779113257,42.651907423963,0,1.81438406784848,1.9789132649137
"IBPFAHIO_00978",123.558912132416,134.969817389443,161.01095052546,3.65528013310711,10.8863044070909,7.9156530596548
"IBPFAHIO_00979",1442.29047900363,1266.94295739287,1283.82241346128,52.0877418967763,32.6589132212727,20.7785892815938
"IBPFAHIO_00980",2018.51381689219,1957.55494272134,1718.87186918571,63.0535822960976,52.617137967606,76.1881606991774
"IBPFAHIO_00981",512.711747540121,513.279378539415,540.61292659873,16.448760598982,18.1438406784848,11.8734795894822
"IBPFAHIO_00982",1080.85179211161,1062.02527843664,881.828185990434,33.8113412312407,31.7517211873485,33.6415255035329
"IBPFAHIO_00983",6268.01658929679,5968.22739960033,6262.36630752336,172.711986289311,169.644910343833,161.281431090466
"IBPFAHIO_00984",4781.84537514333,4449.07806810748,4662.91977912475,922.958233609544,886.326617143985,932.068147774352
"IBPFAHIO_00985",2567.02300626506,2460.98250977247,2628.42379500172,47.5186417303924,59.874674239,65.3041377421521
"IBPFAHIO_00986",3300.29318574249,3239.27561734663,3424.94816614423,256.783429350774,201.396631531182,210.754262713309
"IBPFAHIO_00987",1370.69559533812,1728.0077350444,1406.44664730518,23.7593208651962,31.7517211873485,24.7364158114212
"IBPFAHIO_00988",694.008469080208,743.811767365179,735.745403063361,784.971408584751,787.442685446242,838.069767690952
"IBPFAHIO_00989",386.843323031397,385.205829191768,336.950068649307,402.080814641782,421.844295774773,371.046237171319
"IBPFAHIO_00990",454.97393813245,471.901770288636,428.651669610828,170.884346222757,171.459294411682,163.26034435538
"IBPFAHIO_00991",730.960667101118,724.108144388618,718.684640093776,935.751714075419,1072.30098409845,1079.49718601042
"IBPFAHIO_00992",29042.1181320586,28890.4371893826,28536.2586620024,22255.1730904226,23719.4429189832,23014.7612709463
"IBPFAHIO_00993",906.483607700439,832.478070759703,824.248110968084,2633.62933590367,2909.36485279504,2884.26608361172
"IBPFAHIO_00994",3543.94674144286,2966.38043912126,3077.33512063893,1437.43891234437,1505.93877631424,1598.96191805027
"IBPFAHIO_00995",478.069061895518,455.15369075856,470.237279349192,168.142886122927,146.965109495727,158.313061193096
"IBPFAHIO_00996",1070.45898641823,1052.17346694836,992.723145292738,377.407673743309,444.524096622879,460.097334092435
"IBPFAHIO_00997",2068.16833298278,2120.10983227797,2144.32464573974,5461.90233889529,5500.30530168268,5100.64894031506
"IBPFAHIO_00998",1907.65722282946,1848.19983520142,1906.54026185114,3761.28325696721,3507.20440315112,3341.39504780678
"IBPFAHIO_00999",2897.28327607694,2848.1587012619,2848.08111823513,4581.89364684976,4883.4147186142,4728.61324651128
"IBPFAHIO_01000",3875.36176744289,3748.61427129073,3526.24644627614,5133.84094694893,4972.31953793877,4848.33749903856
"IBPFAHIO_01001",3079.73475380518,3069.82445974821,2977.10313819261,3156.33439493799,3433.72184840326,3490.80299930777
"IBPFAHIO_01002",2958.48535404908,2735.8480502955,2745.71654041762,11548.8575805519,9750.49998061775,9371.14376599882
"IBPFAHIO_01003",593.54468071086,574.360609766754,613.121169219467,3980.60006495364,3645.0975923076,3591.72757581836
"IBPFAHIO_01005",129.332693073184,113.295832115226,117.292745415898,158.090865756882,147.872301529651,119.724252527279
"IBPFAHIO_01006",0,0,0,0,0,0
"IBPFAHIO_01007",26.5593923275288,28.5702533160135,34.1215259391704,24.673140898473,25.4013769498788,23.7469591789644
"IBPFAHIO_01008",32.3331732682959,46.3035139949184,34.1215259391704,23.7593208651962,36.2876813569697,24.7364158114212
"IBPFAHIO_01009",42.7259789616767,48.2738762925745,54.3811819655528,21.0178607653659,23.5869928820303,28.6942423412486
"IBPFAHIO_01010",11478.276510245,11254.7094442117,11751.6667929874,12216.8600248772,11297.2623984586,10698.0051101235
"IBPFAHIO_01011",3509.30405579826,3433.35630366576,3499.58900413616,5151.20352758119,4350.89299470067,4345.69352975048
"IBPFAHIO_01012",309.474658425118,266.984091332402,313.491519566128,478.841697437031,487.162122217318,483.844293271399
"IBPFAHIO_01013",32.3331732682959,20.6888041253891,38.3867166815667,33.8113412312407,30.8445291534242,23.7469591789644
"IBPFAHIO_01014",1837.2170953521,1813.71849499244,2102.73903600137,290.594770582015,307.538099500318,281.005683617745
"IBPFAHIO_01015",464.211987637677,523.131190027695,505.425102973961,59.3983021629905,65.3178264425454,59.367397947411
"IBPFAHIO_01016",6070.55328112256,6136.69337604993,6278.36077280735,3324.47728106091,3803.85619824435,3773.78759619042
"IBPFAHIO_01017",15161.9487504545,14434.8741926286,14381.1568856747,14263.8168994172,15033.9863861925,15131.7602801626
"IBPFAHIO_01018",8661.82616733884,8606.54251616186,8365.10534352473,8241.74288012325,8086.70979040069,8199.62711316991
"IBPFAHIO_01019",824.495918341546,786.174556764785,741.076891491356,816.041289716161,849.131743753091,873.690206459398
"IBPFAHIO_01020",676.687126257907,722.137782090962,676.032732669813,410.305194941273,385.556614417803,374.014607068689
"IBPFAHIO_01021",521.949797045348,454.168509609732,462.773195549998,758.470627619724,828.266326972833,862.806183502373
"IBPFAHIO_01022",428.414545804921,425.598256293718,436.115753410021,2418.88162808363,2488.4277490542,2355.89624187976
"IBPFAHIO_01023",31.1784170801425,21.6739852742171,18.1270606551843,45.6910016638388,48.0811777979848,51.4517448877562
"IBPFAHIO_01024",260.974898522674,257.132279844121,250.579956115782,452.340916472004,399.164494926667,412.603415734506
"IBPFAHIO_01025",133.951717825797,132.014273942959,152.480569040668,110.57222402649,99.7911237316666,106.86131630534
"IBPFAHIO_01026",10174.5567738198,10156.2324632684,10332.424573455,86523.222210745,87332.655529785,87670.8049188392
"IBPFAHIO_01027",26711.820144365,23295.5934451881,26938.944728975,200531.409562356,194837.633125909,169495.900053123
"IBPFAHIO_01028",7363.88021185439,7235.17035699321,7358.52032831921,41069.8137555582,45348.715391805,41936.1404534187
"IBPFAHIO_01029",8076.36477994506,8243.0106722443,8360.84015278234,48505.5673663313,53134.2374269429,50451.4042323423
"IBPFAHIO_01030",1532.3614616796,1494.51980277215,1598.38023071301,1196.1904235593,1016.96227002908,1028.04544112267
"IBPFAHIO_01031",1980.40686268312,2055.08787645531,1857.49056831359,1307.67646761907,1304.54214478306,1356.54504309834
"IBPFAHIO_01032",1197.4821671151,1148.72121953351,1224.10974306774,1261.07164592195,1133.08285037138,1222.96839771667
"IBPFAHIO_01033",1295.63644310814,1286.64658036943,1233.70642223813,717.348726122269,595.117974254303,679.756706497856
"IBPFAHIO_01034",1551.9923168782,1614.71190292918,1633.56805433778,4926.4037993951,4722.8417286096,4915.62055004563
"IBPFAHIO_01035",94.6900074285809,145.806810026552,132.220913014285,98.6925635938918,68.9465945782424,100.924576510599
"IBPFAHIO_01036",338.343563128954,300.480250392556,352.944533933293,554.688760199003,489.883698319091,476.918096844202
"IBPFAHIO_01037",3883.44506075997,4301.30089578327,4030.6052515645,1470.33643354233,1528.61857716235,1607.86702774238
"IBPFAHIO_01038",553.128214125491,628.545572952297,613.121169219467,1288.48624692025,1182.97841223721,1437.6804869598
"IBPFAHIO_01039",297.927096543584,292.598801201931,292.165565854146,1006.11585663773,1095.88797698048,1078.50772937797
"IBPFAHIO_01040",166.284891094093,176.347425640221,154.613164411866,178.194906488971,178.716830683076,165.239257620294
"IBPFAHIO_01041",196.308551986082,225.606483081624,196.19877415023,125.193344558918,135.171613054712,138.523928543959
"IBPFAHIO_01042",135.106474013951,127.088368198819,127.955722271889,40.2080814641782,39.9164494926667,46.5044617254719
"IBPFAHIO_01043",287.534290850203,317.228329922632,309.226328823731,292.422410648568,368.319965773242,311.678839223908
"IBPFAHIO_01044",266.748679463441,271.909997076542,245.248467687787,164.48760598982,182.345598818773,170.186540782578
"IBPFAHIO_01045",624.723097791003,614.753036868704,623.784146075458,704.555245656395,595.117974254303,633.252244772384
"IBPFAHIO_01046",2424.98799512219,2435.36779990294,2253.08700967084,4428.37188125926,3887.31786536538,3951.88979003266
"IBPFAHIO_01047",965.376173296263,929.025823344852,914.883414244005,1627.51347926594,1652.90388580997,1665.25551242488
"IBPFAHIO_01048",450.354913379836,411.805720210125,405.193120527648,1389.0064505807,1037.82768680933,952.846737055946
"IBPFAHIO_01049",245.96306807668,265.013729034746,277.237398255759,621.397622628208,555.201524761636,562.011367235491
"IBPFAHIO_01050",518.485528480888,492.590574414026,532.082545113938,1725.29222282655,1722.75767242214,1750.34878281617
"IBPFAHIO_01051",2082.02540724063,1914.2069721729,1955.5899553887,5308.38057330479,4375.38717961662,4793.91738425344
"IBPFAHIO_01052",2248.31029833472,2359.50885144318,2237.09254438686,4489.5978234888,4342.72826639535,4235.86384354777
"IBPFAHIO_01053",1779.47928594443,1758.54835065807,1647.42992425057,1308.59028765234,1221.98766969595,1155.6853467096
"IBPFAHIO_01054",1103.94691587467,1057.0993726925,967.13200083836,801.420169183733,743.897467817878,784.639109538282
"IBPFAHIO_01055",572.759069324099,600.960500785111,557.673689568316,871.784311746045,854.574895956636,828.175201366383
"IBPFAHIO_01056",3250.63866965189,2997.90623588376,3144.51187483167,5798.18811114115,6158.01952627776,6611.54921807667
"IBPFAHIO_01057",0,0,0,0,0,0
"IBPFAHIO_01058",12216.1657144751,12204.4240716819,12148.3295320302,7842.4035255813,8424.18522702051,8420.27594220779
"IBPFAHIO_01059",360.283930703869,335.946771750365,344.414152448501,529.101799267254,562.45906103303,563.990280500404
"IBPFAHIO_01060",11538.323832029,11940.395523796,11918.0092319408,4262.05663520289,4938.75343268357,4745.43400926305
"IBPFAHIO_01061",27112.5205416543,25233.4447649329,25282.9844232396,5325.74315393705,5691.7228208407,5859.56217740946
"IBPFAHIO_01062",187.070502480855,184.228874830846,195.132476464631,593.069201596628,672.229297137863,683.714533027683
"IBPFAHIO_01063",5351.14017590297,5149.54186492422,5176.8752635835,10068.4691266435,9272.40977873968,8640.92477124567
"IBPFAHIO_01064",1219.42253469002,1096.50661864562,1082.29215088306,1886.12454868327,1913.26799954623,1942.3033695128
"IBPFAHIO_01065",2697.5104555264,2560.4858058041,2774.50657792879,4085.68936878047,4128.63094638923,4047.86708338097
"IBPFAHIO_01066",330.26026981188,352.694851280442,338.016366334906,790.454328784412,750.247812055348,797.502045760221
"IBPFAHIO_01067",1266.76753840431,1235.41716063038,1147.3363097046,1500.49249464047,1477.81582326259,1453.51179307911
"IBPFAHIO_01068",321.022220306652,325.109779113257,296.430756596543,435.892155873022,452.688824928197,425.466351956445
"IBPFAHIO_01069",257.510629958214,254.176736397637,294.298161225344,419.44339527404,411.865183401606,342.35199483007
"IBPFAHIO_01070",19433.391890434,19473.0905877353,19206.1539130105,14172.4348960895,13894.5531915837,13787.0887166537
"IBPFAHIO_01071",5669.85288383332,5791.87997396011,5568.20651419836,8020.59843207027,7409.94453309321,6983.58491188044
"IBPFAHIO_01072",8008.234164844,8424.28400362867,7894.86806417554,17386.3399531239,17341.8829204958,16177.6159406695
"IBPFAHIO_01073",2002.34723025804,2119.12465112914,1888.41320119596,7719.95164112221,7047.06771952351,6876.7235955751
"IBPFAHIO_01074",7809.61610048161,6995.77133782799,7022.6365573555,1634.82403953215,1885.14504649458,1687.02355833893
"IBPFAHIO_01075",3548.56576619548,3349.61590601537,3442.00892911381,1087.44583959936,1159.39141935518,1064.65533652357
"IBPFAHIO_01076",4099.38446794466,3902.30253050791,4007.14670248132,2734.14953956412,2552.83838346282,2638.88083876242
"IBPFAHIO_01077",44824.1709555515,43637.6138061897,45120.3865661248,28184.0374663223,28235.4448638581,26580.7629743208
"IBPFAHIO_01078",682.460907198674,790.115281360097,716.552044722578,1098.41167999869,1124.91812206606,1154.69589007714
"IBPFAHIO_01079",772.531889874641,818.68553467611,756.005059089743,1219.03592439122,1117.66058579467,1091.37066559991
"IBPFAHIO_01080",264.439167087134,222.65093963514,191.933583407833,586.67246136369,513.470691201121,513.527992245105
"IBPFAHIO_01081",173.213428223014,170.436338747253,178.071713495045,1019.82315713688,876.347504770818,903.373905433104
"IBPFAHIO_01082",888.007508689984,879.76676590345,935.143070270388,1048.15157816846,1154.85545918556,1121.05436457361
"IBPFAHIO_01083",875.305190620296,918.188830707744,967.13200083836,156.263225690329,149.6866855975,182.06002037206
"IBPFAHIO_01084",14479.4878432558,13128.5239892826,12830.7600508137,2417.96780805035,2754.235014994,2658.66997141155
"IBPFAHIO_01085",1662.84891094093,1846.22947290377,1917.20323870713,523.618879067593,411.865183401606,462.076247357349
"IBPFAHIO_01086",511.556991351967,501.457204753478,535.281438170735,793.195788884242,750.247812055348,731.208451385612
"IBPFAHIO_01087",1510.42109410468,1502.40125196278,1411.77813573317,8236.25995992359,7884.40596683559,7779.10804437575
"IBPFAHIO_01088",644.353952989611,672.878724649559,634.447122931449,6908.47945157243,7598.64047614945,7480.29214137378
"IBPFAHIO_01089",5.77378094076713,7.88144919062441,5.33148842799537,11.8796604325981,16.3294566106364,22.7575025465075
"IBPFAHIO_01090",20.7856113867617,23.6443475718732,18.1270606551843,36.5528013310711,29.0301450855757,19.789132649137
"IBPFAHIO_01091",6.92853712892055,6.89626804179636,10.6629768559907,13.7073004991516,14.5150725427879,17.8102193842233
"IBPFAHIO_01092",13.8570742578411,5.91108689296831,11.7292745415898,14.6211205324284,8.16472830531818,18.7996760166801
"IBPFAHIO_01093",1.15475618815343,0.985181148828051,5.33148842799537,4.56910016638388,6.35034423746969,4.94728316228425
"IBPFAHIO_01094",28.8689047038356,25.6147098695293,30.9226328823731,21.9316807986426,41.7308335605151,37.5993520333603
"IBPFAHIO_01095",20.7856113867617,24.6295287207013,27.7237398255759,41.1219014974549,29.9373371195,42.5466351956445
"IBPFAHIO_01096",4353.43082933841,4360.41176471295,4351.56085492982,534.584719466914,619.612159170257,626.326048345186
"IBPFAHIO_01097",334.879294564493,347.768945536302,328.419687164515,821.524209915822,718.496090868,931.078691141896
"IBPFAHIO_01098",1228.66058419524,1214.72835650499,1290.22019957488,2608.9561950052,2413.13081023848,2623.04953264311
"IBPFAHIO_01099",1763.31269931028,1571.36393238074,1600.51282608421,1259.2440058554,1183.88560427114,1279.36742576671
"IBPFAHIO_01100",975.768978989644,906.366656921807,975.662382323153,836.14533044825,689.465945782424,684.70398966014
"IBPFAHIO_01101",3535.86344812579,3613.64445390129,3740.57228108155,869.042851646214,1026.94138240224,967.688586542799
"IBPFAHIO_01102",5086.70100881584,4622.46995030122,4690.64351895033,1357.93656944929,1239.22431834051,1323.89297422726
"IBPFAHIO_01103",16668.9055759947,15860.4313149828,15668.1781921928,6927.66967227124,7428.99556580562,7022.17372054626
"IBPFAHIO_01104",4582.07255459279,4308.19716382507,4307.84264982026,3084.14261230912,2874.89155550592,2870.41369075732
"IBPFAHIO_01105",6895.0491994641,6437.17362644249,6488.42141687036,3915.71884259099,3459.12322535314,3459.14038706915
"IBPFAHIO_01106",1568.15890351235,1519.14933149285,1548.26423948986,670.743904425154,591.489206118606,624.347135080272
"IBPFAHIO_01107",222.867944313611,207.873222402719,213.259537119815,428.581595606808,421.844295774773,459.107877459978
"IBPFAHIO_01108",103.928056933808,103.444020626945,95.9667917039167,215.661527853319,185.97436695447,167.218170885208
"IBPFAHIO_01109",21.9403675749151,17.7332606789049,21.3259537119815,37.4666213643478,20.8654167802576,29.6836989737055
"IBPFAHIO_01110",91.2257388641206,72.9034050132758,78.9060287343315,159.918505823436,123.378116613697,125.66099232202
"IBPFAHIO_01111",3.46426856446028,0,1.06629768559907,3.65528013310711,8.16472830531818,7.9156530596548
"IBPFAHIO_01112",27.7141485156822,24.6295287207013,17.0607629695852,28.3284210315801,43.5452176283636,35.6204387684466
"IBPFAHIO_01113",16.166586634148,16.7480795300769,14.928167598387,28.3284210315801,29.0301450855757,25.7258724438781
"IBPFAHIO_01114",18.4760990104548,17.7332606789049,27.7237398255759,36.5528013310711,40.8236415265909,44.5255484605582
"IBPFAHIO_01115",25.4046361393754,14.7777172324208,9.59667917039167,20.1040407320891,35.3804893230454,24.7364158114212
"IBPFAHIO_01116",42.7259789616767,44.3331516972623,37.3204189959676,42.9495415640085,42.6380255944394,49.4728316228425
"IBPFAHIO_01117",8.08329331707398,6.89626804179636,8.53038148479259,4.56910016638388,4.53596016962121,7.9156530596548
"IBPFAHIO_01118",6.92853712892055,9.85181148828051,13.861869912788,14.6211205324284,19.0510327124091,12.862936221939
"IBPFAHIO_01119",8.08329331707398,9.85181148828051,8.53038148479259,12.7934804658749,15.4222645767121,10.8840229570253
"IBPFAHIO_01120",32.3331732682959,15.7628983812488,19.1933583407833,6.39674023293743,19.0510327124091,14.8418494868527
"IBPFAHIO_01121",69.2853712892055,63.0515935249953,59.7126703935481,80.4161629283563,90.7192033924242,80.1459872290048
"IBPFAHIO_01122",347.581612634181,362.546662768723,410.524608955643,461.479116804772,537.057684083151,512.538535612648
"IBPFAHIO_01123",183.606233916395,152.703078068348,196.19877415023,66.7088624292047,68.9465945782424,58.3779413149541
"IBPFAHIO_01124",132.796961637644,124.132824752334,155.679462097465,157.177045723606,122.470924579773,135.555558646588
"IBPFAHIO_01125",127.023180696877,109.355107519914,121.557936158294,167.22906608965,173.27367847953,163.26034435538
"IBPFAHIO_01126",84.2972017352,76.844129608588,86.370112533525,142.555925191177,164.201758140288,135.555558646588
"IBPFAHIO_01127",145.499279707332,131.029092794131,143.950187555875,265.921629683542,267.621650007651,259.237637703695
"IBPFAHIO_01128",139.725498766564,138.910541984755,132.220913014285,327.147571913086,293.930218991454,333.446885137958
"IBPFAHIO_01129",4774.91683801441,4997.8239680047,4690.64351895033,6622.4537811568,8254.54031667668,8427.20213863499
"IBPFAHIO_01130",3623.62491842545,3586.05938173411,3512.38457636335,4654.9992495119,4379.92313978624,4273.46319558113
"IBPFAHIO_01131",585.461387393786,531.997820367148,544.878117341127,1292.14152705336,1160.29861138911,1134.90675742801
"IBPFAHIO_01132",202.082332926849,184.228874830846,195.132476464631,291.508590615292,279.415146448667,306.731556061623
"IBPFAHIO_01133",138.570742578411,149.747534621864,139.684996813479,271.404549883203,281.229530516515,225.596112200162
"IBPFAHIO_01134",70.4401274773589,57.140506632027,66.1104565071426,164.48760598982,201.396631531182,169.197084150121
"IBPFAHIO_01135",461.90247526137,447.272241567935,468.104683977993,480.669337503584,463.575129335288,494.728316228425
"IBPFAHIO_01136",545.044920808417,473.872132586293,523.552163629145,486.152257703245,509.841923065424,515.506905510019
"IBPFAHIO_01137",250.582092829293,233.487932272248,261.242932971773,281.456570249247,340.197012721591,317.615579018649
"IBPFAHIO_01138",166.284891094093,182.258512533189,159.944652839861,251.300509151114,239.498696956,255.279811173867
"IBPFAHIO_01139",20.7856113867617,25.6147098695293,29.8563351967741,55.7430220298834,55.3387140693788,68.2725076395226
"IBPFAHIO_01140",101.618544557501,80.7848542039002,87.4364102191241,101.434023693722,114.306196274455,87.0721836562028
"IBPFAHIO_01141",17.3213428223014,15.7628983812488,28.790037511175,18.2764006655355,18.1438406784848,15.8313061193096
"IBPFAHIO_01142",15.0118304459945,9.85181148828051,13.861869912788,14.6211205324284,17.2366486445606,16.8207627517664
"IBPFAHIO_01143",1228.66058419524,1180.24701629601,1144.13741664781,2735.97717963067,2476.63425261318,2629.97572907031
"IBPFAHIO_01144",488.461867588899,534.953363813632,536.347735856334,1343.31544891686,1351.71613054712,1443.61722675454
"IBPFAHIO_01145",215.939407184691,220.680577337483,238.850681574193,82.2438029949099,91.6263954263485,79.156530596548
"IBPFAHIO_01146",2259.85786021625,2491.52312538614,2534.589598669,3548.36318921372,3799.32023807473,3809.40803495887
"IBPFAHIO_01147",122.404155944263,113.295832115226,113.027554673502,155.349405657052,173.27367847953,187.996760166801
"IBPFAHIO_01148",24.2498799512219,18.718441827733,22.3922513975806,17.3625806322588,16.3294566106364,28.6942423412486
"IBPFAHIO_01149",16.166586634148,14.7777172324208,13.861869912788,9.13820033276776,2.72157610177273,7.9156530596548
"IBPFAHIO_01150",837.198236411233,786.174556764785,1165.46337035979,61.225942229544,52.617137967606,60.3568545798678
"IBPFAHIO_01151",437.652595310148,389.14655378708,512.889186773155,6.39674023293743,5.44315220354545,7.9156530596548
"IBPFAHIO_01152",259.820142334521,237.42865686756,238.850681574193,242.162308818346,248.570617295242,253.300897908954
"IBPFAHIO_01153",129.332693073184,148.762353473036,138.61869912788,762.125907752831,712.14574663053,768.807803418972
"IBPFAHIO_01154",983.852272306718,998.973684911644,974.596084637554,1100.23932006524,1033.29172663971,1025.0770712253
"IBPFAHIO_01155",1220.57729087817,1293.54284841123,1170.79485878778,1552.58023653724,1410.6836127522,1379.30254564485
"IBPFAHIO_01156",96.9995198048877,52.2146008878867,59.7126703935481,126.107164592195,129.728460851167,106.86131630534
"IBPFAHIO_01157",1145.5181386482,1114.23987932453,1067.36398328467,1354.28128931618,1359.88085885244,1296.18818851847
"IBPFAHIO_01158",1924.97856565176,1956.56976157251,1942.79438316151,41074.3828557245,42293.2926215482,37505.3536532769
"IBPFAHIO_01159",1776.01501737997,1657.07469232878,1551.46313254665,31566.0854094797,28608.300789801,28761.5253922557
"IBPFAHIO_01160",490.771379965206,477.812857181605,469.170981663592,1006.11585663773,895.398537483227,923.163038082241
"IBPFAHIO_01161",7077.50067719234,7117.93380028267,6933.06755176518,20977.6526839017,20641.3403478783,20004.8341950126
"IBPFAHIO_01162",39843.7075160458,40847.5807927087,41595.2064175343,7538.10145450013,7439.88187021271,7368.48354190616
"IBPFAHIO_01163",407.628934418159,420.672350549578,467.038386292394,1179.74166296032,1208.37978918709,1288.27253545882
"IBPFAHIO_01164",2149.00126615352,2067.89523139008,2080.34678460379,5270.91395194045,4366.31525927738,4425.83951697949
"IBPFAHIO_01165",2176.71541466921,2104.34693389672,2100.60644063018,4246.52169463718,4643.00882962427,3711.45182834564
"IBPFAHIO_01166",1618.9681757911,1773.32606789049,1691.14812936013,5626.38994488511,5819.63689762401,5643.86063153387
"IBPFAHIO_01167",1010.41166463425,1053.15864809719,1015.11539669032,4946.50784012719,4668.41020657415,4495.10148125147
"IBPFAHIO_01168",607.401754968702,518.205284283555,451.043921008408,419.44339527404,433.637792215788,471.970813681917
"IBPFAHIO_01169",354.510149763102,402.939089870673,399.861632099653,1354.28128931618,1548.57680190868,1477.25875225808
"IBPFAHIO_01170",86.6067141115069,84.7255787992124,82.1049217911287,87.7267231945705,69.8537866121666,87.0721836562028
"IBPFAHIO_01171",0,0,1.06629768559907,0,0,0
"IBPFAHIO_01172",3801.45737140108,4266.81955557429,4159.62727152199,7529.87707420064,7392.70788444865,7573.30106482473
"IBPFAHIO_01199",0,0,0,0,0,0
"IBPFAHIO_01200",16464.5137306915,16635.7688791105,16802.7189296702,34352.3226909406,36751.256486305,34915.9456461373
"IBPFAHIO_01201",1653.6108614357,1532.94186757645,1482.15378298271,2852.03232385682,2808.66653702945,2834.79325198887
"IBPFAHIO_01202",1058.91142453669,1100.44734324093,1085.49104393986,3256.85459859843,3021.85666500165,2765.53128771689
"IBPFAHIO_01203",31247.7024514317,29973.1512719446,30707.2407498821,30014.4189929757,23195.9931154089,23295.7669545641
"IBPFAHIO_01204",4360.35936646733,4219.53086043054,4200.14658357475,5895.05303466848,5538.4073671075,5095.70165715278
"IBPFAHIO_01205",2315.28615724762,2155.57635363578,2234.95994901566,2453.60678934814,2029.38857988853,2279.70808118058
"IBPFAHIO_01206",8086.75758563844,8489.30595945132,8472.80140977024,7295.02532564851,8110.29678328272,7996.78850351626
"IBPFAHIO_01207",3779.51700382616,3529.90405625091,3639.27400094964,3371.08210275803,3342.09545297691,3549.18094062272
"IBPFAHIO_01208",479.223818083671,360.576300471067,436.115753410021,992.408556138579,945.29409934906,866.7640100322
"IBPFAHIO_01209",1017.34020176317,1025.57357593,954.336428611171,2264.44604245985,2029.38857988853,2244.08764241213
"IBPFAHIO_01210",5490.86567466954,5295.34867495077,5311.22877196899,9832.70355805811,9381.27282281059,8983.27676607574
"IBPFAHIO_01211",299.081852731737,278.806265118338,283.635184369354,704.555245656395,678.579641375333,668.87268354083
"IBPFAHIO_01212",21100.8598261275,21423.7492624148,21160.6775707136,67877.6382517657,76148.792135567,75408.4688728014
"IBPFAHIO_01213",3690.60077733835,3682.60713431926,3914.3788038342,3987.91062521985,4039.72612706465,4144.83383336174
"IBPFAHIO_01214",1816.43148396534,1581.21574386902,1678.35255713294,2212.35830056308,1804.40495547532,1799.82161443901
"IBPFAHIO_01215",139.725498766564,129.058730496475,150.347973669469,309.784991280827,296.651795093227,302.773729531796
"IBPFAHIO_01216",3739.10053724079,3697.38485155168,3576.36243749929,2253.48020206053,2385.91504922076,2310.38123678674
"IBPFAHIO_01217",255561.401512611,256808.155246157,253200.915826985,62264.0417873464,64282.7203318379,64193.9674005355
"IBPFAHIO_01218",967.68568567257,1123.10650966398,1078.02696014066,1086.53201956609,967.066708163242,1265.51503291231
"IBPFAHIO_01219",6091.33889250932,5805.67251004371,5681.23406887187,5118.30600638322,4762.75817810227,4668.25639193142
"IBPFAHIO_01220",5182.54577243257,4658.92165280785,4838.8588972486,3287.01065969656,2900.2929324558,2860.51912443275
"IBPFAHIO_01221",1804.8839220838,1768.40016214635,1770.05415809446,1003.3743965379,1044.1780310468,1095.32849212973
"IBPFAHIO_01222",6585.57454103898,6198.7597884261,5908.35547590447,3575.77779021203,3542.58489247417,3434.40397125773
"IBPFAHIO_01223",14820.1409187611,14220.1047021841,14471.7921889506,17818.5768288639,17827.2306586453,17703.358067918
"IBPFAHIO_01224",4444.65656820253,4376.1746630942,4309.97524519146,6594.12536012522,6578.04943798468,6157.38862377898
"IBPFAHIO_01225",4583.22731078094,4521.98147312075,4523.23478231127,6462.53527533336,5920.3352133896,5859.56217740946
"IBPFAHIO_01226",2478.10677977725,2335.86450387131,2381.04273194273,3861.80346062766,3618.7890233238,3458.15093043669
"IBPFAHIO_01227",1721.74147653676,1566.4380266366,1546.13164411866,1947.35049091281,1754.50939360948,1675.15007874945
"IBPFAHIO_01228",4470.06120434191,4309.1823449739,4371.8205109562,4873.40223746505,4369.03683537915,4415.94495065492
"IBPFAHIO_01229",10680.339984231,10155.2472821196,10224.7285072095,4947.42166016047,4814.46812403595,4256.64243282937
"IBPFAHIO_01230",18562.7057245663,17620.9500279385,16457.2384795361,10197.3177513355,9217.0710646703,8928.85665129061
"IBPFAHIO_01231",620.104073038389,587.167964701518,558.739987253915,868.129031612938,746.619043919651,771.776173316343
"IBPFAHIO_01232",1374.15986390258,1315.21683368545,1297.68428337407,1843.17500711926,1776.28200242367,1657.33985936522
"IBPFAHIO_01233",382.224298278784,336.931952899194,334.817473278109,522.705059034316,366.505581705394,369.067323906405
"IBPFAHIO_01234",678.996638634214,613.767855719876,667.50235118502,754.815347486617,729.382395275091,694.598555984708
"IBPFAHIO_01235",7443.55838883698,7020.40086654869,7589.90692609421,2916.91354621947,2802.31619279198,2784.33096373357
"IBPFAHIO_01236",1730.97952604198,1725.05219159792,1680.48515250414,776.74702828526,607.818662729242,575.863760089886
"IBPFAHIO_01237",6109.81499151977,6199.74496957493,5687.63185498546,8408.9719462129,8185.59372209844,8753.72282734575
"IBPFAHIO_01238",8194.1499111367,8384.87675767554,8016.42600033384,12213.2047447441,12945.6303240989,12340.5031200018
"IBPFAHIO_01239",2236.76273645318,2225.52421520257,2050.49044940702,3577.60543027858,3728.55925942863,3495.75028247005
"IBPFAHIO_01240",275.986728968669,266.984091332402,317.756710308524,619.569982561654,547.036796456318,670.851596805744
"IBPFAHIO_01241",407.628934418159,446.287060419107,420.121288126035,809.644549483224,782.906725276621,834.111941161124
"IBPFAHIO_01242",490.771379965206,519.190465432383,520.353270572348,1544.35585623775,1735.45836089708,1745.40149965388
"IBPFAHIO_01243",3847.64761892721,3680.6367720216,3865.32911029664,4006.18702588539,3818.37127078714,3681.76812937194
"IBPFAHIO_01244",5380.00908060681,5336.72628320155,5413.5933497865,4860.60875699917,4859.82772573217,4676.17204499107
"IBPFAHIO_01245",1386.86218197226,1424.57194120536,1433.10408944516,1303.10736745268,1766.3028900505,1529.69995377829
"IBPFAHIO_01246",31047.9296308811,29480.5606975306,31016.4670787059,19995.2961481291,18741.6802288409,19567.4943634667
"IBPFAHIO_01247",15546.4825611096,15747.1354828676,15927.2885297934,14452.9776463055,13176.0571007157,13263.6661580841
"IBPFAHIO_01248",1419.19535524056,1395.01650674052,1373.39141905161,3036.62397057873,2843.13983431857,2936.70728513193
"IBPFAHIO_01249",2878.80717706649,2781.16638314159,2730.78837281923,3740.26539620185,3870.08121672082,3960.79489972477
"IBPFAHIO_01250",6174.48133805636,5563.317947432,5887.02952219249,6845.42586927633,6592.56451052747,6618.47541450387
"IBPFAHIO_01251",2165.16785278767,2317.14606204358,2180.57876705011,2544.07497264255,2542.85927108965,2539.93517551673
"IBPFAHIO_01252",1153.60143196527,1157.58784987296,1118.54627219343,1559.89079680346,1446.97129410917,1438.66994359226
"IBPFAHIO_01253",2435.38080081557,2198.92432418421,2351.18639674596,2154.78763846664,2106.49990277209,1964.07141542685
"IBPFAHIO_01254",1459.61182182593,1440.33483958661,1418.17592184677,1076.47999920004,957.994787824,973.62532633754
"IBPFAHIO_01255",6069.3985249344,6229.30040403977,5692.96334341346,3057.64183134409,2860.37648296314,2930.77054533719
"IBPFAHIO_01256",12.7023180696877,7.88144919062441,8.53038148479259,77.674702828526,90.7192033924242,87.0721836562028
"IBPFAHIO_01257",1189.39887379803,1037.39574971594,1150.5352027614,2785.32346142761,2384.10066515291,2363.81189493941
"IBPFAHIO_01258",1884.56209906639,1781.20751708112,1864.95465211278,3401.23816385616,4365.40806724345,3824.24988444572
"IBPFAHIO_01259",557.747238878104,601.945681933939,563.005177996311,1565.37371700312,1745.43747327024,1666.24496905733
"IBPFAHIO_01260",1915.74051614653,1927.01432710767,1848.96018682879,5621.82084471873,5959.34447084835,5634.95552184176
"IBPFAHIO_01261",961.911904731803,873.855679010481,860.502232278453,2082.59585583777,1937.76218446218,1955.16630573473
"IBPFAHIO_01262",13402.1003197087,13070.3983015018,12550.3237595011,16888.3080349881,18290.8057879806,17791.4197082066
"IBPFAHIO_01263",4293.38350755443,4066.8277823622,4322.77081741865,3494.44780725039,3440.97938467465,3328.53211158484
"IBPFAHIO_01264",4986.23722044649,4808.66918742972,4788.74290602544,6012.02199892791,5178.25212963957,4921.55728984037
"IBPFAHIO_01265",1672.08696044616,1779.23715478346,1690.08183167453,1958.31633131213,1829.8063324252,1732.53856343194
"IBPFAHIO_01266",1386.86218197226,1345.75744929912,1331.80580931324,1529.73473570532,1497.77404800892,1536.62615020549
"IBPFAHIO_01267",3792.21932189585,3734.82173520714,3454.804501341,4400.95728026095,4261.98817537609,4299.18906802501
"IBPFAHIO_01268",1352.21949632766,1350.68335504326,1295.55168800287,1882.46926855016,2037.55330819385,1907.67238737681
"IBPFAHIO_01269",878.769459184757,890.603758540558,915.949711929605,523.618879067593,370.134349841091,394.793196350283
"IBPFAHIO_01270",6.92853712892055,4.92590574414026,6.39778611359444,26.5007809650265,25.4013769498788,26.7153290763349
"IBPFAHIO_01271",1.15475618815343,0,1.06629768559907,4.56910016638388,1.81438406784848,1.9789132649137
"IBPFAHIO_01272",1709.03915846707,1718.15592355612,1776.45194420806,848.024990880848,799.236181887257,795.523132495307
"IBPFAHIO_01273",66.9758589128987,66.0071369714794,61.8452657647463,340.854872412238,345.640164925136,430.41363511873
"IBPFAHIO_01274",488.461867588899,456.138871907388,502.226209917164,256.783429350774,283.043914584364,278.037313720375
"IBPFAHIO_01275",138.570742578411,107.384745222258,133.287210699884,336.285772245854,382.83503831603,408.645589204679
"IBPFAHIO_01276",103.928056933808,105.414382924601,108.762363931106,425.840135506978,466.29670543706,450.202767767867
"IBPFAHIO_01277",98.1542759930411,92.6070279898368,86.370112533525,607.690322129056,613.261814932788,606.536915696049
"IBPFAHIO_01278",5709.11459423053,5459.87392680506,5609.79212393673,15457.2658628767,15053.9446109389,15149.5704995468
"IBPFAHIO_01279",1978.09735030682,1883.66635655923,1979.04850447188,460.565296771495,386.463806451727,443.276571340669
"IBPFAHIO_01280",71.5948836655124,69.9478615667916,57.58007502235,67.6226824624814,72.5753627139394,72.23033416935
"IBPFAHIO_01281",239.034530947759,206.888041253891,234.585490831796,296.991510814952,329.3107083145,344.330908094984
"IBPFAHIO_01282",219.403675749151,184.228874830846,184.46949960864,1060.03123860106,1167.5561476605,1105.2230584543
"IBPFAHIO_01283",239.034530947759,276.835902820682,247.381063058985,1459.37059314301,1523.1754249588,1511.88973439407
"IBPFAHIO_01284",13.8570742578411,12.8073549347647,14.928167598387,8.22438029949099,7.25753627139394,14.8418494868527
"IBPFAHIO_01285",168.5944034704,154.673440366004,177.005415809446,120.624244392534,122.470924579773,121.703165792193
"IBPFAHIO_01286",419.176496299693,382.250285745284,442.513539523616,343.596332512068,340.197012721591,351.257104522182
"IBPFAHIO_01287",1442.29047900363,1337.87600010849,1232.64012455253,193.729847054677,183.252790852697,170.186540782578
"IBPFAHIO_01288",279.450997533129,240.384200314044,245.248467687787,190.074566921569,196.860671361561,171.175997415035
"IBPFAHIO_01289",115.475618815343,137.925360835927,145.016485241474,67.6226824624814,65.3178264425454,92.019466818487
"IBPFAHIO_01290",3.46426856446028,3.9407245953122,2.13259537119815,3.65528013310711,1.81438406784848,6.92619642719795
"IBPFAHIO_01291",158.201597777019,132.014273942959,123.690531529493,478.841697437031,430.916216114015,575.863760089886
"IBPFAHIO_01292",78.5234207944329,101.473658329289,137.552401442281,466.962037004433,439.080944419333,394.793196350283
"IBPFAHIO_01293",1004.63788369348,955.62571436321,1012.98280131912,933.924074008865,980.674588672106,914.257928390129
"IBPFAHIO_01294",770.222377498335,660.071369714794,694.159793324997,3156.33439493799,3237.76836907562,3095.02034632503
"IBPFAHIO_01295",438.807351498302,445.301879270279,444.646134894814,557.430220298834,505.305962895803,557.064084073206
"IBPFAHIO_01296",1123.57777107328,1032.4698439718,987.391656864742,2718.61459899841,2590.94044888764,2511.24093317548
"IBPFAHIO_01297",70.4401274773589,81.7700353527282,72.508242620737,24.673140898473,24.4941849159545,33.6415255035329
"IBPFAHIO_01298",2327.98847531731,2469.84914011192,2349.05380137476,763.039727786108,752.062196123197,736.155734547896
"IBPFAHIO_01299",980.388003742258,1025.57357593,953.270130925572,1227.26030469071,1140.34038664277,1058.71859672883
"IBPFAHIO_01300",458.43820669691,434.464886633171,448.91132563721,568.396060698155,488.069314251242,467.023530519633
"IBPFAHIO_01301",196.308551986082,209.843584700375,221.789918604607,77.674702828526,75.2969388157121,63.3252244772384
"IBPFAHIO_01302",757.520059428647,862.033505224545,790.126585028914,286.939490448908,260.364113736257,263.195464233522
"IBPFAHIO_01303",1.15475618815343,1.9703622976561,1.06629768559907,5.48292019966066,6.35034423746969,3.9578265298274
"IBPFAHIO_01304",79.6781769825863,87.6811222456966,102.364577817511,116.055144226151,133.357228986864,133.576645381675
"IBPFAHIO_01305",8.08329331707398,12.8073549347647,10.6629768559907,3.65528013310711,5.44315220354545,4.94728316228425
"IBPFAHIO_01306",15.0118304459945,8.86663033945246,10.6629768559907,6.39674023293743,5.44315220354545,4.94728316228425
"IBPFAHIO_01307",5.77378094076713,7.88144919062441,7.46408379919352,5.48292019966066,3.62876813569697,9.8945663245685
"IBPFAHIO_01308",127.023180696877,96.547752585149,103.43087550311,95.0372834607847,117.934964410151,104.882403040426
"IBPFAHIO_01309",0,0,0,0,0,0
"IBPFAHIO_01310",47.3450037142904,35.4665213578098,40.5193120527648,56.6568420631601,46.2667937301363,46.5044617254719
"IBPFAHIO_01311",2862.64059043234,2869.83268653611,2855.54520203432,1292.14152705336,1183.88560427114,1185.36904568331
"IBPFAHIO_01312",210.165626243923,234.473113421076,236.718086202994,96.8649235273383,107.955852036985,96.9667499807713
"IBPFAHIO_01313",9.2380495052274,5.91108689296831,8.53038148479259,5.48292019966066,3.62876813569697,2.96836989737055
"IBPFAHIO_01314",13.8570742578411,13.7925360835927,15.9944652839861,7.31056026621421,6.35034423746969,3.9578265298274
"IBPFAHIO_01315",4.6190247526137,6.89626804179636,9.59667917039167,1.82764006655355,0,3.9578265298274
"IBPFAHIO_01316",10.3928056933808,8.86663033945246,21.3259537119815,6.39674023293743,14.5150725427879,7.9156530596548
"IBPFAHIO_01317",2.30951237630685,0,3.19889305679722,4.56910016638388,3.62876813569697,5.9367397947411
"IBPFAHIO_01318",0,0,0,0,0,0
"IBPFAHIO_01319",8.08329331707398,14.7777172324208,10.6629768559907,30.1560610981336,20.8654167802576,22.7575025465075
"IBPFAHIO_01320",13.8570742578411,20.6888041253891,14.928167598387,15.5349405657052,19.0510327124091,15.8313061193096
"IBPFAHIO_01321",40.4164665853699,20.6888041253891,34.1215259391704,37.4666213643478,31.7517211873485,40.5677219307308
"IBPFAHIO_01322",11.5475618815343,11.8221737859366,12.7955722271889,38.3804413976246,32.6589132212727,52.441201520213
"IBPFAHIO_01323",47.3450037142904,43.3479705484342,56.5137773367509,106.003123860106,117.934964410151,130.608275484304
"IBPFAHIO_01324",390.307591595858,384.22064804294,338.016366334906,837.972970514804,895.398537483227,892.489882476078
"IBPFAHIO_01325",273.677216592362,265.013729034746,223.922513975806,587.586281396967,625.962503407727,593.67397947411
"IBPFAHIO_01326",46.190247526137,48.2738762925745,57.58007502235,114.227504159597,136.985997122561,129.618818851847
"IBPFAHIO_01327",47.3450037142904,55.1701443343709,62.9115634503454,180.022546555525,212.282935938273,194.922956593999
"IBPFAHIO_01328",43.8807351498302,46.3035139949184,42.651907423963,110.57222402649,88.9048193245757,93.9983800834007
"IBPFAHIO_01329",1177.85131191649,1202.90618271905,1114.28108145103,2283.63626315866,2334.20510328707,2437.03168574122
"IBPFAHIO_01330",62.356834160285,70.9330427156197,45.8508004807602,76.7608827952492,105.234275935212,83.1143571263754
"IBPFAHIO_01331",112.011350250882,109.355107519914,100.231982446313,191.902206988123,196.860671361561,181.070563739603
"IBPFAHIO_01332",16.166586634148,23.6443475718732,17.0607629695852,10.0520203660445,15.4222645767121,9.8945663245685
"IBPFAHIO_01333",23.0951237630685,30.5406156136696,26.6574421399768,6.39674023293743,7.25753627139394,4.94728316228425
"IBPFAHIO_01334",32.3331732682959,39.407245953122,49.0496935375574,105.089303826829,109.770236104833,115.766425997451
"IBPFAHIO_01335",4.6190247526137,6.89626804179636,7.46408379919352,21.9316807986426,24.4941849159545,48.4833749903856
"IBPFAHIO_01336",55.4282970313644,47.2886951437465,37.3204189959676,136.15918495824,163.294566106364,142.481755073786
"IBPFAHIO_01337",347.581612634181,309.346880732008,334.817473278109,954.028114740954,879.976272906515,869.732379929571
"IBPFAHIO_01338",8.08329331707398,7.88144919062441,14.928167598387,20.1040407320891,24.4941849159545,31.6626122386192
"IBPFAHIO_01339",68.1306151010521,53.1997820367148,71.441944935138,33.8113412312407,30.8445291534242,37.5993520333603
"IBPFAHIO_01340",1071.61374260638,1044.29201775773,1059.89989948548,746.590967187126,709.424170528757,724.282254958414
"IBPFAHIO_01341",711.32981190251,714.256332900337,719.750937779375,469.703497104263,511.656307133273,446.244941238039
"IBPFAHIO_01342",39.2617103972165,46.3035139949184,55.4474796511518,31.9837011646872,29.0301450855757,38.5888086658171
"IBPFAHIO_01343",303.700877484351,285.702533160135,270.839612142165,200.126587287614,205.025399666879,205.806979551025
"IBPFAHIO_01344",23.0951237630685,20.6888041253891,18.1270606551843,21.0178607653659,10.8863044070909,14.8418494868527
"IBPFAHIO_01345",92.380495052274,120.192100157022,82.1049217911287,88.6405432278473,84.3688591549545,88.0616402886596
"IBPFAHIO_01346",346.426856446028,368.457749661691,344.414152448501,277.80129011614,266.714457973727,298.815903001969
"IBPFAHIO_01347",169.749159658553,197.03622976561,199.397667207027,112.399864093043,97.0695476298939,145.450124971157
"IBPFAHIO_01348",72.7496398536658,76.844129608588,52.2485865943546,46.6048216971156,41.7308335605151,48.4833749903856
"IBPFAHIO_01349",28.8689047038356,33.4961590601537,22.3922513975806,19.1902206988123,9.97911237316666,11.8734795894822
"IBPFAHIO_01350",19.6308551986082,29.5554344648415,27.7237398255759,15.5349405657052,19.0510327124091,22.7575025465075
"IBPFAHIO_01351",17.3213428223014,19.703622976561,13.861869912788,22.8455008319194,31.7517211873485,22.7575025465075
"IBPFAHIO_01352",225.177456689918,249.250830653497,260.176635286174,170.884346222757,214.097320006121,191.954586696629
"IBPFAHIO_01353",25.4046361393754,22.6591664230452,21.3259537119815,9.13820033276776,15.4222645767121,11.8734795894822
"IBPFAHIO_01354",71.5948836655124,56.1553254831989,58.6463727079491,35.6389812977943,39.0092574587424,23.7469591789644
"IBPFAHIO_01355",871.840922055836,813.75962893197,797.590668828107,468.789677070986,487.162122217318,487.802119801227
"IBPFAHIO_01356",469.985768578444,482.738762925745,495.828423803569,265.921629683542,220.447664243591,227.575025465075
"IBPFAHIO_01357",110.856594062729,158.614164961316,129.022019957488,63.0535822960976,65.3178264425454,72.23033416935
"IBPFAHIO_01358",2.30951237630685,0.985181148828051,0,0,0.907192033924242,0
"IBPFAHIO_01359",591.235168334554,582.242058957378,534.215140485136,384.718234009523,398.257302892742,387.866999923085
"IBPFAHIO_01360",392.617103972165,386.191010340596,341.215259391704,194.643667087953,193.231903225864,226.585568832619
"IBPFAHIO_01361",3894.9926226415,4138.74600622664,3958.09700894376,31904.1988217921,30110.6107979795,34257.9569855535
"IBPFAHIO_01362",3329.16209044632,3278.68286329975,3364.16919806508,51467.2580941813,52492.8526589584,56964.0077871733
"IBPFAHIO_01363",17933.3636020227,18261.3177746768,18193.1711116914,17131.3841638397,20586.9088258428,19526.9266415359
"IBPFAHIO_01364",958.447636167343,909.322200368291,967.13200083836,1028.96135746965,1021.4982301987,1021.11924469547
"IBPFAHIO_01365",63.5115903484384,60.0960500785111,46.9170981663593,111.486044059767,72.5753627139394,107.850772937797
"IBPFAHIO_01366",1978.09735030682,1658.05987347761,1598.38023071301,165.401426023097,141.521957292182,141.492298441329
"IBPFAHIO_01367",23.0951237630685,21.6739852742171,18.1270606551843,36.5528013310711,49.8955618658333,56.3990280500404
"IBPFAHIO_01368",47.3450037142904,32.5109779113257,35.1878236247694,129.762444725302,106.141467969136,135.555558646588
"IBPFAHIO_01369",48.4997599024439,43.3479705484342,49.0496935375574,61.225942229544,75.2969388157121,76.1881606991774
"IBPFAHIO_01370",12.7023180696877,10.8369926371086,12.7955722271889,13.7073004991516,17.2366486445606,15.8313061193096
"IBPFAHIO_01371",4.6190247526137,3.9407245953122,4.2651907423963,5.48292019966066,8.16472830531818,5.9367397947411
"IBPFAHIO_01372",4.6190247526137,5.91108689296831,4.2651907423963,10.9658403993213,16.3294566106364,4.94728316228425
"IBPFAHIO_01373",8.08329331707398,8.86663033945246,6.39778611359444,17.3625806322588,18.1438406784848,16.8207627517664
"IBPFAHIO_01374",16.166586634148,14.7777172324208,10.6629768559907,23.7593208651962,28.1229530516515,33.6415255035329
"IBPFAHIO_01375",6.92853712892055,11.8221737859366,17.0607629695852,14.6211205324284,17.2366486445606,13.8523928543959
"IBPFAHIO_01376",11.5475618815343,15.7628983812488,15.9944652839861,30.1560610981336,37.1948733908939,29.6836989737055
"IBPFAHIO_01377",1386.86218197226,1312.26129023896,1304.08206948767,1210.81154409173,1296.37741647774,1191.30578547805
"IBPFAHIO_01378",30717.6693610693,29564.301095181,29760.3684050702,66300.38487433,60428.0613796938,62559.3850437168
"IBPFAHIO_01379",32817.0161111322,31125.8132160734,31271.312225564,66855.073634529,62394.8537092415,64164.2837015618
"IBPFAHIO_01380",385.688566843244,424.61307514489,379.60197607327,467.87585703771,453.596016962121,468.01298715209
"IBPFAHIO_01381",147.808792083638,177.332606789049,147.149080612672,197.385127187784,201.396631531182,189.975673431715
"IBPFAHIO_01382",382.224298278784,386.191010340596,367.87270153168,336.285772245854,351.083317128682,286.942423412486
"IBPFAHIO_01383",2586.65386146367,2556.54508120879,2427.95983010909,1799.31164552197,1972.2354817513,1845.33661953202
"IBPFAHIO_01384",2909.98559414663,2574.2783418877,2570.84371997937,1618.37527893317,1556.741530214,1383.26037217468
"IBPFAHIO_01385",2808.36704958913,2704.322253533,2640.15306954331,10412.0654591556,10466.274495384,9937.11295976414
"IBPFAHIO_01386",1213.64875374925,1226.55053029092,1252.89978057891,1757.27592399124,1920.52553581762,1991.77620113564
"IBPFAHIO_01387",418.02174011154,393.087278382392,389.198655243662,792.281968850965,674.950873239636,766.828890154059
"IBPFAHIO_01388",377.60527352617,387.176191489424,395.596441357256,763.953547819385,811.936870362197,767.818346786515
"IBPFAHIO_01389",2949.24730454385,2995.9358735861,3751.23525793754,6337.34193077444,5962.97323898404,5957.51838402269
"IBPFAHIO_01390",7136.39324278817,6998.72688127448,8280.86782636241,7562.7745953986,6664.23268120748,6880.68142210493
"IBPFAHIO_01391",1184.77984904541,1134.92868344991,1226.24233843893,1443.83565257731,1428.82745343068,1359.51341299571
"IBPFAHIO_01392",72.7496398536658,58.125687780855,85.3038148479259,236.679388618685,250.385001363091,261.216550968608
"IBPFAHIO_01393",4129.40812883665,3864.86564685244,4037.00303767809,7275.83510494969,7011.68723020047,7067.68872563928
"IBPFAHIO_01394",2439.99982556819,2166.41334627288,2535.6558963546,5824.68889210617,5616.42588202498,5500.38941982763
"IBPFAHIO_01395",1097.01837874575,1012.76622099524,1099.35291385265,4085.68936878047,4868.89964607141,4533.69028991728
"IBPFAHIO_01396",17332.8903841829,17402.2398128987,17864.7514245269,8899.69330408252,9469.27045010124,9173.25243950745
"IBPFAHIO_01397",1189.39887379803,1073.84745222258,1132.40814210622,632.363463027529,682.20840951103,812.343895247074
"IBPFAHIO_01407",2129.37041095492,1946.71795008423,2072.8827008046,2490.15959067922,2122.82935938273,2066.97490520236
"IBPFAHIO_01408",2056.62077110125,1927.9995082565,1907.60655953674,1425.55925191177,1266.44007935824,1360.50286962817
"IBPFAHIO_01409",2677.87960032779,2705.30743468183,2489.80509587384,4996.76794195741,4554.10401029969,4694.97172100775
"IBPFAHIO_01410",32912.8608747489,32058.7797640136,31837.5162966171,14868.7657614464,13598.8085885244,13682.2063136133
"IBPFAHIO_01411",3654.80333550559,3574.23720794817,3601.95358195367,6141.78444365321,6251.46030577195,6390.90038903879
"IBPFAHIO_01412",6128.29109053023,6187.92279578899,6374.32756451126,10363.6329973919,9679.73900197166,9442.38464353572
"IBPFAHIO_01413",631.651634919924,567.464341724957,557.673689568316,951.286654641124,758.412540360666,872.700749826941
"IBPFAHIO_01414",2207.89383174935,2174.29479546351,2186.9765531637,4355.26627859712,3658.70547281647,3912.31152473438
"IBPFAHIO_01415",1314.1125421186,1338.86118125732,1271.0268412341,3411.29018422221,3471.82391382807,3310.72189220062
"IBPFAHIO_01416",742.508228982652,676.819449244871,660.038267385827,1913.53914968157,1986.75055429409,2031.35446643391
"IBPFAHIO_01417",3197.51988499683,3139.772321315,3208.48973596761,8240.82906008997,8384.26877752784,8335.1826718165
"IBPFAHIO_01418",356.819662139408,327.080141410913,318.823007994123,1058.20359853451,1092.25920884479,1071.58153295077
"IBPFAHIO_01419",937.662024780581,884.69267164759,856.237041536056,2934.27612685173,2387.72943328861,2411.30581329734
"IBPFAHIO_01420",21.9403675749151,29.5554344648415,22.3922513975806,116.055144226151,146.965109495727,115.766425997451
"IBPFAHIO_01421",4426.18046919208,4281.59727280671,4089.25162427245,5566.99164272212,5408.67890625633,5498.41050656271
"IBPFAHIO_01422",2153.62029090614,2196.95396188655,1997.17556512707,5927.95055586645,6100.86642814053,6018.86469523502
"IBPFAHIO_01423",510.402235163814,473.872132586293,451.043921008408,1885.21072864999,1513.19631258564,1576.20441550376
"IBPFAHIO_01424",228.641725254378,296.539525797243,262.309230657372,980.528895705981,1154.85545918556,1415.91244104575
"IBPFAHIO_01425",7578.66486285093,7544.51723772522,7651.75219185895,9735.83863453078,9508.27970755998,9335.52332723038
"IBPFAHIO_01426",4261.05033428614,4408.68564100553,4224.67143034353,4732.67395234042,5025.8438679403,4930.46239953248
"IBPFAHIO_01427",772.531889874641,884.69267164759,849.839255422462,1031.70281756948,1037.82768680933,1140.84349722275
"IBPFAHIO_01428",4252.96704096906,4081.60549959462,3941.03624597418,6598.6944602916,6059.13559458001,6304.81766201505
"IBPFAHIO_01429",10238.0683641683,9843.93003908989,9430.33673143821,16899.2738753874,15521.1485084099,15529.5218464103
"IBPFAHIO_01430",23197.8970638142,22248.3458839839,22345.3342994142,37994.8093435818,35710.7072233939,33202.206758722
"IBPFAHIO_01431",3603.99406322684,3745.65872784425,3786.42308156231,12533.9555764243,11221.058267609,12325.661270515
"IBPFAHIO_01432",16494.5373915835,14106.8088700689,15292.8414068619,34120.2124024883,29913.750126618,29755.9293078748
"IBPFAHIO_01433",3476.97088252996,3804.76959677393,3965.56109274296,9374.87972138645,11212.8935393036,12523.5525970063
"IBPFAHIO_01434",3.46426856446028,0,1.06629768559907,2.74146009983033,2.72157610177273,0.98945663245685
"IBPFAHIO_01435",4635.19133924785,4288.49354084851,4731.16283100309,4693.37969090952,4446.14815826271,4245.75840987234
"IBPFAHIO_01436",2183.64395179813,2112.22838308734,2038.76117486543,2596.16271453932,2493.87090125774,2413.28472656226
"IBPFAHIO_01437",2130.52516714307,2176.26515776117,2057.95453320621,3925.77086295703,3832.88634332992,3736.18824415706
"IBPFAHIO_01438",34185.402194094,34010.423619842,33210.9077156688,10755.6617916677,10415.4717414842,10060.7950388212
"IBPFAHIO_01439",2864.95010280865,2708.26297812831,2700.93203762245,5877.69045403623,4874.34279827495,4643.51997612
"IBPFAHIO_01440",2486.19007309432,2415.66417692638,2480.20841670345,10102.2804678748,10139.6853631713,10133.0253729906
"IBPFAHIO_01441",3016.22316345675,3055.04674251579,3230.88198736519,1688.73942149548,2064.76906921157,1868.09412207853
"IBPFAHIO_01442",3255.25769440451,3010.71359081852,3278.86538321715,1120.34336079733,1231.96678206912,1224.94731098158
"IBPFAHIO_01443",833.733967846773,915.23328726126,871.165209134443,1041.75483793553,985.210548841727,1053.77131356654
"IBPFAHIO_01444",369.521980209096,483.723944074573,456.375409436404,502.601018302227,654.085456459379,637.210071302211
"IBPFAHIO_01445",157.046841588866,153.688259217176,170.607629695852,625.966722794592,649.549496289757,638.199527934668
"IBPFAHIO_01446",1.15475618815343,1.9703622976561,5.33148842799537,11.8796604325981,12.7006884749394,7.9156530596548
"IBPFAHIO_01447",91.2257388641206,135.954998538271,125.823126900691,253.128149217667,295.744603059303,285.95296678003
"IBPFAHIO_01448",466.521500013984,430.524162037858,474.502470091588,1147.75796179563,1236.50274223874,1139.85404059029
"IBPFAHIO_01449",464.211987637677,474.857313735121,399.861632099653,1097.49785996541,1247.38904664583,1233.85242067369
"IBPFAHIO_01450",55.4282970313644,47.2886951437465,41.5856097383639,51.1739218634995,48.9883698319091,47.4939183579288
"IBPFAHIO_01451",73.9043960418192,62.0664123761672,75.7071356775343,98.6925635938918,113.39900424053,90.0405535535733
"IBPFAHIO_01452",4.6190247526137,4.92590574414026,1.06629768559907,6.39674023293743,9.07192033924242,5.9367397947411
"IBPFAHIO_01453",106.237569310115,77.829310757416,111.961256987903,137.073004991516,120.656540511924,104.882403040426
"IBPFAHIO_01454",632.806391108077,637.412203291749,656.83937432903,470.61731713754,542.500836286697,463.065703989806
"IBPFAHIO_01455",451.509669567989,450.227785014419,431.850562667625,464.220576904602,495.326850522636,479.886466741572
"IBPFAHIO_01456",32.3331732682959,15.7628983812488,25.5911444543778,38.3804413976246,53.5243300015303,39.578265298274
"IBPFAHIO_01457",11.5475618815343,18.718441827733,8.53038148479259,16.448760598982,29.0301450855757,20.7785892815938
"IBPFAHIO_01458",26.5593923275288,30.5406156136696,33.0552282535713,46.6048216971156,35.3804893230454,34.6309821359897
"IBPFAHIO_01459",77.3686646062795,91.6218468410088,100.231982446313,131.590084791856,97.0695476298939,142.481755073786
"IBPFAHIO_01460",25674.8490874033,24810.8020520856,24775.4267248945,47262.7721210749,49401.1422073446,48291.420403689
"IBPFAHIO_01461",3264.49574390973,3367.34916669428,3379.09736566347,4591.03184718252,4237.49399046014,4534.67974654974
"IBPFAHIO_01462",1176.69655572834,1140.83977034288,1044.97173188709,1636.65167959871,1545.85522580691,1426.79646400278
"IBPFAHIO_01463",730.960667101118,665.982456607763,713.35315166578,869.956671679491,919.892722399181,961.751846748058
"IBPFAHIO_01464",2453.85689982603,2388.0791047592,2156.05392028133,10014.5537446802,8842.40075465959,8985.25567934065
"IBPFAHIO_01465",3735.63626867633,3660.93314904504,3358.83770963708,8217.06973922477,7188.58967681569,7415.97746026409
"IBPFAHIO_01466",1495.40926365869,1395.01650674052,1423.50741027476,3827.07829936314,2666.23738770335,2821.93031576694
"IBPFAHIO_01467",61362.5890822849,60684.2032243615,59864.0846649032,34425.4282936027,30217.6594579826,29637.19451198
"IBPFAHIO_01468",19295.9759040437,19404.1279073173,17951.1215370604,18539.5808351192,15856.8095609618,15823.3904662499
"IBPFAHIO_01469",9301.56109557584,9665.61225115201,9311.97768833671,9995.36352398138,8602.90205770359,8662.69281715972
"IBPFAHIO_01470",6630.61003237697,6763.26858670457,6394.58722053765,7211.86770262032,6422.01240814971,6505.67735840379
"IBPFAHIO_01471",6673.33601133864,7090.34872811548,6721.94061001656,8803.74220058846,8623.76747448385,9098.05373544073
"IBPFAHIO_01472",6792.27589871845,6876.5644188198,6284.75855892094,7147.90030029094,6983.56427714882,7252.71711590871
"IBPFAHIO_01473",9070.60985794515,8603.58697271537,8397.09427409271,6362.01507167292,5795.14271270806,5872.4251136314
"IBPFAHIO_01474",19596.2125129636,22040.4726615812,21360.0752379206,58027.5721130753,71778.8481081539,65775.1190992015
"IBPFAHIO_01475",3550.87527857178,3642.21470721731,3575.29613981369,5786.30845070855,6296.81990746816,6171.24101663337
"IBPFAHIO_01476",1631.67049386079,1858.0516466897,1842.5624007152,2962.60454788331,3116.20463652977,2835.78270862133
"IBPFAHIO_01477",11511.7644397015,11138.4580686499,11599.1862239467,55897.4576155071,56153.3725158427,57591.3232921509
"IBPFAHIO_01478",13581.0875288724,13216.2051115283,13808.555028508,56625.7721820287,52332.2796689538,55038.5251804123
"IBPFAHIO_01479",43507.7489010566,40737.2405040399,42228.5872427801,134204.523907061,126900.743281425,134232.655128994
"IBPFAHIO_01480",113159.177901907,116806.0325485,120410.59984859,325469.79833199,329360.603876366,331052.400087413
"IBPFAHIO_01481",1642.06329955417,1760.51871295573,1866.02094979838,10610.3644063766,10023.564782829,11049.2622146456
"IBPFAHIO_01482",12560.2830585448,11773.899909644,11719.6778624194,61558.5727216568,48642.7296669839,46815.1511080634
"IBPFAHIO_01483",6420.44440613304,6435.20326414483,6413.78057887843,26315.2754982713,29184.3677313429,30668.2083230001
"IBPFAHIO_01484",4070.51556324082,3652.06651870559,3681.9259083736,14456.6329264386,14898.8147731378,14954.6475429528
"IBPFAHIO_01485",10951.7076884471,11339.4350230109,11116.1533723703,47854.9275026382,53070.7339845682,53076.4326782503
"IBPFAHIO_01486",4390.38302735932,4387.99683688014,4079.65494510206,26307.0511179718,26781.2160334776,25520.0654643271
"IBPFAHIO_01487",4746.04793331058,4886.49849818713,4782.34511991185,28139.2602846918,24917.8435957972,25396.38338527
"IBPFAHIO_01488",16063.8133334023,15333.3594003598,14867.3886303079,86806.5064210608,70656.6515621896,75372.848434033
"IBPFAHIO_01489",6696.43113510171,6796.76474576472,7069.55365552186,39889.1582725646,33582.4347118076,32924.1694450017
"IBPFAHIO_01490",2218.28663744273,2083.65812977133,1975.84961141508,10009.0708244805,13042.6998717288,13951.3385176416
"IBPFAHIO_01491",9070.60985794515,9083.37019219463,9173.35898920883,53063.7016923159,58000.4154969125,50853.1236251198
"IBPFAHIO_01492",5000.09429470433,5019.49795327892,4884.70969772936,30330.6007244895,28869.5720955712,30512.8636317043
"IBPFAHIO_01493",11412.4554075203,10336.5206135039,10123.4302270776,64843.7557412868,61122.9704776797,58766.7977715097
"IBPFAHIO_01494",5598.25800016781,5803.70214774605,5761.2063952918,36003.5954910717,33236.7945468825,35680.7956230265
"IBPFAHIO_01495",3020.84218820936,3395.91942001029,3214.88752208121,23198.2353647642,21626.55089672,20203.7149781364
"IBPFAHIO_01496",4699.85768578444,5408.644507066,5165.14598904191,30675.1108770348,33303.0195653589,36160.682089768
"IBPFAHIO_01497",8356.97053366634,8132.67038357556,8531.44778247819,42968.7317847073,41935.858960182,41133.6911244962
"IBPFAHIO_01498",6561.32466108776,6504.16594456279,6764.59251744052,43168.8583719949,40007.1686960591,38900.487505041
"IBPFAHIO_01499",10376.6391067467,9354.29500812235,10090.374998824,57442.7272917782,55800.4748146462,53420.7635863453
"IBPFAHIO_01500",1921.5142970873,2026.5176231393,1935.33029936232,12063.3382592867,12222.5982730613,11809.1649083725
"IBPFAHIO_01501",6666.40747420972,6711.05398581668,6156.80283664905,48178.4197944182,39793.9785680869,45042.0448227007
"IBPFAHIO_01502",22252.1517457165,21334.0977778714,21245.9813855615,150790.357511034,140637.445059106,136830.968245825
"IBPFAHIO_01503",5759.92386650928,5686.46559103551,6026.71451900597,46016.3215956854,44535.8713294089,44189.1332055229
"IBPFAHIO_01504",3083.19902236965,2785.1071077369,2856.61149971992,20280.4079985115,15336.0813334893,16864.2988435945
"IBPFAHIO_01505",3461.95905208397,3124.00942293375,2940.84901688225,18796.36426447,16327.6422265685,18248.5486724017
"IBPFAHIO_01506",5153.67686772874,5248.05997980703,5225.92495712106,25525.7349895202,27148.6288072169,26570.8684079962
"IBPFAHIO_01507",3451.56624639059,3909.19879854971,3655.26846623363,21685.8632096912,21080.4212922976,21734.4043885472
"IBPFAHIO_01508",14218.5129447331,14017.1573855255,13711.5219391185,79199.8684640649,63422.7022836777,71578.282248561
"IBPFAHIO_01509",19605.4505624688,17785.4752797928,18984.3639944059,93672.9501511025,92131.7013892442,87214.6654112766
"IBPFAHIO_01510",3060.10389860658,2883.62522261971,3010.15836644619,2677.49269750095,2385.91504922076,2317.30743321394
"IBPFAHIO_01511",3773.74322288539,3503.30416523255,3455.8707990266,3223.95707740047,2952.00287838948,2871.40314738978
"IBPFAHIO_01512",1852.22892579809,1876.77008851744,1841.4961030296,1378.04061018138,1340.82982614003,1322.90351759481
"IBPFAHIO_01513",633.96114729623,588.153145850347,582.198536337094,1169.68964259427,1124.01093003214,1006.27739520862
"IBPFAHIO_01514",747.127253735266,803.90781744369,786.927691972117,1260.15782588867,1124.01093003214,1114.12816814641
"IBPFAHIO_01515",161.66586634148,191.125142872642,178.071713495045,221.14444805298,190.510327124091,229.553938729989
"IBPFAHIO_01516",146.654035895485,148.762353473036,153.546866726267,141.6421051579,150.593877631424,128.62936221939
"IBPFAHIO_01517",32.3331732682959,47.2886951437465,45.8508004807602,25.5869609317497,28.1229530516515,26.7153290763349
"IBPFAHIO_01518",568.140044571485,547.760718748396,493.695828432371,58.4844821297137,71.6681706800151,74.2092474342637
"IBPFAHIO_01519",1450.3737723207,1507.32715770692,1468.29191306992,49.3462817969459,45.3596016962121,40.5677219307308
"IBPFAHIO_01520",21.9403675749151,23.6443475718732,18.1270606551843,81.3299829616331,83.4616671210303,69.2619642719795
"IBPFAHIO_01521",20.7856113867617,18.718441827733,13.861869912788,48.4324617636691,29.9373371195,38.5888086658171
"IBPFAHIO_01522",5046.28454223047,4866.79487521057,4790.87550139664,3752.14505663444,3758.49659654814,3586.78029265608
"IBPFAHIO_01523",4612.09621548478,4215.59013583523,4325.96971047544,5865.81079360363,6667.86144934318,7161.68710572268
"IBPFAHIO_01524",2291.0362772964,2407.78272773576,2357.58418285955,2281.80862309211,2236.22836362326,2358.86461177713
"IBPFAHIO_01525",37155.4351100246,36971.8781532191,36551.6183646507,36786.7392595899,37534.1632115816,35435.4103781772
"IBPFAHIO_01526",6124.82682196577,6374.12203291749,5849.70910319652,6578.59041955951,6231.50208102562,6139.57840439475
"IBPFAHIO_01527",7452.79643834221,6968.18626566081,7006.64209207151,10486.084881851,9956.43257231856,9466.13160271468
"IBPFAHIO_01528",3577.43467089931,3452.07474549349,3263.93721561877,8636.51313449881,7759.21346615404,9366.19648283654
"IBPFAHIO_01529",73.9043960418192,99.5032960316332,58.6463727079491,24.673140898473,23.5869928820303,39.578265298274
"IBPFAHIO_01530",6843.0851709972,6311.0704393925,6543.86889652152,2509.34981137803,2044.81084446524,2139.20523937171
"IBPFAHIO_01531",7032.46518585436,6646.03202999403,6960.79129159075,3439.61860525379,3031.83577737482,3104.91491264959
"IBPFAHIO_01532",3353.41197039755,3569.31130220403,3557.16907915851,1664.98010063029,1554.01995411223,1645.46637977574
"IBPFAHIO_01533",3100.52036519195,3078.69109008766,3531.57793470413,1790.1734451892,1704.61383174365,1691.97084150121
"IBPFAHIO_01534",49349.6604569248,50779.1919540442,51899.9072511637,11692.3273257764,11263.6962932034,11540.0327043442
"IBPFAHIO_01535",1933.06185896883,1885.63671885689,1867.08724748398,2662.87157696853,2811.38811313123,2683.40638722298
"IBPFAHIO_01536",16488.7636106428,15678.1728024496,15281.1121323203,14540.7043695001,14339.0772882066,14342.173887462
"IBPFAHIO_01537",1508.11158172837,1624.56371441746,1595.18133765621,2243.42818169449,2023.03823565106,1932.40880318823
"IBPFAHIO_01538",3437.70917213275,3521.03742591145,3492.12492033697,4406.44020046062,3888.2250573993,4072.60349919239
"IBPFAHIO_01539",6063.62474399364,5878.57591505698,5668.43849664468,6637.9887217225,6256.9034579755,6153.43079724915
"IBPFAHIO_01540",1870.70502480855,2129.96164376625,2038.76117486543,519.963598934486,548.851180524166,618.410395285531
"IBPFAHIO_01541",4733.34561524089,4835.26907844807,5023.32839685724,81.3299829616331,76.2041308496363,80.1459872290048
"IBPFAHIO_01542",9517.50050276053,8535.60947344623,9851.52431724984,181.850186622078,167.830526275985,137.534471911502
"IBPFAHIO_01543",5929.67302616784,5441.15548497733,6186.65917184583,124.279524525642,145.150725427879,104.882403040426
"IBPFAHIO_01544",18323.6711936185,17941.1339013076,21033.7881461273,326.233751879809,312.074059669939,281.995140250202
"IBPFAHIO_01545",10.3928056933808,11.8221737859366,14.928167598387,27.4146009983033,39.9164494926667,32.652068871076
"IBPFAHIO_01546",51.9640284669041,44.3331516972623,61.8452657647463,74.9332427286957,78.0185149174848,76.1881606991774
"IBPFAHIO_01547",21.9403675749151,21.6739852742171,26.6574421399768,78.5885228618028,98.8839316977424,94.9878367158576
"IBPFAHIO_01548",4.6190247526137,5.91108689296831,4.2651907423963,12.7934804658749,14.5150725427879,12.862936221939
"IBPFAHIO_01549",4986.23722044649,4791.92110789964,4545.62703370885,2233.37616132844,2608.1770975322,2446.92625206579
"IBPFAHIO_01550",3734.48151248818,3636.30362032434,3658.46735929042,1519.68271533928,1376.21031546308,1445.59614001946
"IBPFAHIO_01551",6.92853712892055,3.9407245953122,9.59667917039167,12.7934804658749,9.07192033924242,18.7996760166801
"IBPFAHIO_01552",17.3213428223014,13.7925360835927,23.4585490831796,54.8292019966066,58.0602901711515,52.441201520213
"IBPFAHIO_01553",51.9640284669041,57.140506632027,53.3148842799537,126.107164592195,143.33634136003,137.534471911502
"IBPFAHIO_01554",0,0.985181148828051,2.13259537119815,2.74146009983033,4.53596016962121,0
"IBPFAHIO_01555",3047.40158053689,3252.0829722814,3328.98137444031,15906.8653192488,14990.4411685642,15790.7383973789
"IBPFAHIO_01556",205.54660149131,198.021410914438,240.983276945391,356.389812977943,312.981251703864,295.847533104598
"IBPFAHIO_01557",222.867944313611,268.954453630058,280.436291312556,510.825398601718,540.686452218848,524.41201520213
"IBPFAHIO_01558",1272.54131934507,1167.43966136124,1217.71195695414,1618.37527893317,1633.85285309756,1617.76159406695
"IBPFAHIO_01559",107.392325498269,94.5773902874929,98.0993870751148,105.089303826829,127.914076783318,120.713709159736
"IBPFAHIO_01560",1427.27864855763,1396.98686903818,1418.17592184677,2049.69833463981,1823.45598818773,1889.86216799258
"IBPFAHIO_01561",2781.8076572616,2644.22620345449,2771.30768487199,911.992393210223,944.386907315136,1006.27739520862
"IBPFAHIO_01562",28214.1579451526,30945.5250658379,29666.5342087374,498.94573816912,504.398770861879,453.171137665237
"IBPFAHIO_01563",9793.4872317292,9595.66438958522,9872.85027096183,42568.4786101321,48080.2706059509,50606.748923638
"IBPFAHIO_01564",284.070022285743,303.43579383904,276.17110057016,1028.96135746965,1138.52600257492,1122.04382120607
"IBPFAHIO_01565",622.413585414696,554.656986790193,555.541094197118,1696.96380179497,1475.09424716082,1504.96353796687
"IBPFAHIO_01566",1256.37473271093,1183.20255974249,1260.36386437811,1967.4545316449,1968.60671361561,1944.28228277771
"IBPFAHIO_01567",547.354433184723,517.220103134727,536.347735856334,1317.72848798511,1167.5561476605,1253.64155332283
"IBPFAHIO_01568",319.867464118499,308.36169958318,301.762245024538,557.430220298834,545.222412388469,557.064084073206
"IBPFAHIO_01569",4002.38494813977,4071.75368810634,3970.89258117095,7542.67055466651,7617.69150886186,7126.06666695423
"IBPFAHIO_01570",4023.17055952653,3873.7322771919,3959.16330662936,6091.52434182299,5470.36796456318,5220.37319284234
"IBPFAHIO_01571",1329.12437256459,1280.73549347647,1377.656609794,2470.9693699804,2327.85475904961,2046.19631592077
"IBPFAHIO_01572",445.735888627222,373.383655405831,416.922395069238,2333.89636498889,2769.65727957071,2678.45910406069
"IBPFAHIO_01573",645.508709177765,698.493434519088,635.513420617048,1178.82784292704,1126.73250613391,1147.76969364995
"IBPFAHIO_01574",3021.99694439751,2942.73609154939,2889.66672797349,1184.3107631267,1233.78116613697,1173.49556609382
"IBPFAHIO_01575",2030.06137877372,2061.98414449711,2021.70041189584,2644.59517630299,2947.46691821986,3005.96924940391
"IBPFAHIO_01576",4149.03898403526,3815.60658941104,3818.41201213028,5387.88291619987,4907.90890353015,4814.69597353503
"IBPFAHIO_01577",1615.50390722664,1339.84636240615,1405.38034961958,1913.53914968157,1758.13816174518,1768.15900220039
"IBPFAHIO_01578",4395.00205211194,3907.22843625205,4147.8979969804,4500.56366388812,4364.50087520953,4484.21745829444
"IBPFAHIO_01579",13786.6341303637,12888.1397889686,14703.1787867256,5020.52726282261,5208.18946675907,4208.15905783898
"IBPFAHIO_01580",76.2139084181261,117.236556710538,77.8397310487324,26.5007809650265,54.4315220354545,57.3884846824973
"IBPFAHIO_01581",13552.2186241686,13578.751774297,13569.7043469338,2218.75504079601,2373.21436074582,2394.48505054558
"IBPFAHIO_01582",1806.03867827196,1899.42925494048,1729.5348460417,747.504787220403,847.317359685242,874.679663091855
"IBPFAHIO_01583",1800.26489733119,2237.3463889885,1958.7888484455,1051.80685830157,1096.79516901441,1259.57829311757
"IBPFAHIO_01584",6308.43305588216,5650.9990696777,5692.96334341346,4273.02247560221,4218.44295774773,4308.09417771712
"IBPFAHIO_01585",9085.62168839115,8506.05403898139,8895.05529326747,6897.51361117311,6681.46932985204,6776.78847569696
"IBPFAHIO_01586",2729.8436287947,2758.50721671854,2714.79390753524,1647.61751999803,1562.18468241754,1664.26605579242
"IBPFAHIO_01587",785.234207944329,666.967637756591,740.010593805757,796.851069017349,777.463573073076,903.373905433104
"IBPFAHIO_01588",629.342122543617,554.656986790193,612.054871533868,954.028114740954,949.830059518681,897.437165638363
"IBPFAHIO_01589",1876.47880574932,1696.4819382819,1693.28072473133,1659.49718043063,1551.29837801045,1561.36256601691
"IBPFAHIO_01590",2366.09542952637,2193.99841844007,2310.66708469319,1561.71843687001,1535.87611343374,1608.85648437484
"IBPFAHIO_01591",446.890644815376,505.39792934879,501.159912231565,1427.38689197832,1444.24971800739,1551.46799969234
"IBPFAHIO_01592",10462.09106467,11252.739081914,11987.3185815048,26818.7903366068,25224.4745032636,19637.7457843711
"IBPFAHIO_01593",25813.4198299817,24108.3678929712,24297.7253617461,20104.0407320891,19734.148313954,19817.8268914782
"IBPFAHIO_01594",83.1424455470466,82.7552165015563,104.497173188709,93.2096433942312,93.4407794941969,90.0405535535733
"IBPFAHIO_01595",7743.79499775687,7752.39046012793,7724.26043447969,7010.82729529943,6831.15601544954,6687.73737877585
"IBPFAHIO_01596",1032.35203220916,958.581257809694,955.40272629677,957.683394874062,927.150258670575,919.205211552413
"IBPFAHIO_01597",5405.41371674618,5586.96229500388,5656.70922210309,2783.49582136106,2675.30930804259,2790.26770352832
"IBPFAHIO_01598",2951.55681692015,2706.29261583066,2806.49550849676,870.870491712768,836.431055278151,864.785096767287
"IBPFAHIO_01599",10287.7228802589,10042.9366311532,10112.7672502216,2347.60366548804,2147.32354429868,2097.64806080852
"IBPFAHIO_01600",2407.66665229989,2292.51653332288,2247.75552124285,1938.21229058004,2170.91053718071,2063.01707867253
"IBPFAHIO_01601",903.019339135978,859.077961778061,873.297804505642,743.849507087296,781.999533242697,776.723456478627
"IBPFAHIO_01602",1950.38320179113,1812.73331384361,1754.05969281048,5013.21670255639,5064.85312539904,5442.01147851267
"IBPFAHIO_01603",1.15475618815343,3.9407245953122,2.13259537119815,6.39674023293743,5.44315220354545,7.9156530596548
"IBPFAHIO_01604",1.15475618815343,1.9703622976561,2.13259537119815,0.913820033276776,2.72157610177273,0.98945663245685
"IBPFAHIO_01605",3.46426856446028,9.85181148828051,3.19889305679722,11.8796604325981,18.1438406784848,14.8418494868527
"IBPFAHIO_01606",294.462827979123,245.310106058185,248.447360744584,606.77650209578,493.512466454788,511.549078980191
"IBPFAHIO_01607",489.616623777052,507.368291646446,537.414033541933,781.316128451644,801.050565955106,789.586392700566
"IBPFAHIO_01608",717.103592843277,675.834268096043,665.369755813822,1266.55456612161,1324.50036952939,1285.30416556145
"IBPFAHIO_01609",240.189287135912,229.547207676936,276.17110057016,567.482240664878,532.52172391353,581.800499884628
"IBPFAHIO_01610",1699.80110896184,1600.91936684558,1549.33053717545,649.726043659788,634.127231713045,565.969193765318
"IBPFAHIO_01611",85.4519579233535,88.6663033945246,84.2375171623268,53.001561930053,43.5452176283636,47.4939183579288
"IBPFAHIO_01612",2862.64059043234,3009.7284096697,2902.46230020068,6814.35598814492,6533.59702832239,6387.93201914142
"IBPFAHIO_01613",2164.01309659952,2119.12465112914,1950.25846696071,4671.44801011088,4849.848613359,4570.30018531819
"IBPFAHIO_01614",7214.9166635826,7017.44532310221,7219.90162919133,26277.808876907,26744.9283521206,27122.9852089072
"IBPFAHIO_01615",541.580652243956,521.160827730039,584.331131708292,426.753955540255,416.401143571227,404.687762674852
"IBPFAHIO_01616",3770.27895432093,3638.27398262199,3735.24079265356,2469.14172991385,2588.21887278586,2547.85082857639
"IBPFAHIO_01617",862.602872550609,896.514845433526,890.358567475227,559.257860365387,609.633046797091,639.188984567125
"IBPFAHIO_01618",468.831012390291,491.605393265198,478.767660833984,120.624244392534,162.387374072439,157.323604560639
"IBPFAHIO_01619",3646.72004218852,3374.24543473607,3201.02565216842,811.472189549777,778.370765107,729.229538120698
"IBPFAHIO_01620",6495.50355836302,6579.03971187373,6684.62019102059,7472.3064121042,7340.99793851497,6953.90121290674
"IBPFAHIO_01621",1586.63500252281,1603.87491029207,1600.51282608421,5341.27809450276,4584.94853945312,4587.12094806995
"IBPFAHIO_01622",653.592002494839,772.382020681192,633.38082524585,391.11497424246,458.131977131742,458.118420827521
"IBPFAHIO_01623",1327.96961637644,1179.26183514718,1161.19817961739,594.896841663181,637.755999848742,691.630186087338
"IBPFAHIO_01624",20.7856113867617,19.703622976561,24.5248467687787,29.2422410648568,30.8445291534242,36.6098954009034
"IBPFAHIO_01625",34.6426856446028,26.5998910183574,37.3204189959676,43.8633615972853,42.6380255944394,50.4622882552993
"IBPFAHIO_01626",162.820622529633,174.377063342565,189.800988036635,147.125025357561,136.985997122561,122.692622424649
"IBPFAHIO_01627",718.25834903143,671.893543500731,700.557579438592,416.70193517421,440.895328487182,407.656132572222
"IBPFAHIO_01628",293.30807179097,233.487932272248,249.513658430183,133.417724858409,134.264421020788,137.534471911502
"IBPFAHIO_01629",1508.11158172837,1494.51980277215,1504.54603438029,663.43334415894,716.681706800151,696.577469249622
"IBPFAHIO_01630",6595.96734673236,6359.34431568507,6157.86913433465,11751.7256279393,11930.4824381377,11617.2103216759
"IBPFAHIO_01631",232.105993818838,203.932497807407,210.060644063018,189.160746888293,199.582247463333,213.72263261068
"IBPFAHIO_01632",4125.94386027219,3799.84369102979,4172.42284374918,3587.65745064462,3685.9212338342,3464.08767023143
"IBPFAHIO_01633",15242.7816836252,14320.5931793646,15442.1230828458,7514.34213363493,7057.04683189668,6678.83226908373
"IBPFAHIO_01634",415.712227735233,463.035139949184,388.132357558063,1711.5849223274,1723.66486445606,1855.23118585659
"IBPFAHIO_01635",10442.4602094714,9130.65888733838,9733.16527414835,12047.803318721,12463.0041620512,11571.6953165829
"IBPFAHIO_01636",0,3.9407245953122,1.06629768559907,2.74146009983033,5.44315220354545,2.96836989737055
"IBPFAHIO_01637",98265.1325871039,96865.9660962205,109532.230860108,3020.17520997975,3008.24878449279,2880.30825708189
"IBPFAHIO_01638",170.903915846707,221.665758486312,175.939118123847,56.6568420631601,74.3897467817878,72.23033416935
"IBPFAHIO_01639",526.568821797962,751.693216555803,740.010593805757,695.417045323627,1181.16402816936,824.217374836556
"IBPFAHIO_01640",116.630375003496,91.6218468410088,100.231982446313,80.4161629283563,86.183243222803,76.1881606991774
"IBPFAHIO_01641",20.7856113867617,30.5406156136696,34.1215259391704,37.4666213643478,35.3804893230454,38.5888086658171
"IBPFAHIO_01642",20.7856113867617,22.6591664230452,24.5248467687787,22.8455008319194,19.9582247463333,15.8313061193096
"IBPFAHIO_01643",11.5475618815343,18.718441827733,19.1933583407833,21.9316807986426,14.5150725427879,15.8313061193096
"IBPFAHIO_01644",33.4879294564493,43.3479705484342,40.5193120527648,24.673140898473,35.3804893230454,26.7153290763349
"IBPFAHIO_01645",272.522460404208,310.332061880836,300.695947338939,296.991510814952,316.61001983956,307.72101269408
"IBPFAHIO_01646",1493.09975128238,1310.29092794131,1482.15378298271,464.220576904602,416.401143571227,410.624502469593
"IBPFAHIO_01647",1003.48312750533,846.270606843296,1090.82253236785,413.96047507438,355.619277298303,367.088410641491
"IBPFAHIO_01648",500.009429470433,487.664668669885,541.67922428433,318.009371580318,362.876813569697,341.362538197613
"IBPFAHIO_01649",2.30951237630685,0.985181148828051,4.2651907423963,2.74146009983033,3.62876813569697,4.94728316228425
"IBPFAHIO_01650",382.224298278784,374.368836554659,367.87270153168,530.01561930053,575.15974950797,610.494742225876
"IBPFAHIO_01651",2773.72436394453,2510.24156721387,2623.09230657372,4624.84318841377,4493.32214402677,4271.48428231622
"IBPFAHIO_01652",1218.26777850186,1305.36502219717,1069.49657865587,2914.17208611964,2766.02851143501,2654.71214488173
"IBPFAHIO_01653",472.295280954751,426.583437442546,458.508004807602,1496.83721450736,1535.87611343374,1534.64723694057
"IBPFAHIO_01654",457.283450508756,489.635030967541,511.822889087555,2437.15802874916,2224.43486718224,2120.40556335503
"IBPFAHIO_01655",620.104073038389,585.197602403862,576.867047909099,2064.31945517224,1843.41421293406,2002.66022409266
"IBPFAHIO_01656",729.805910912965,731.989593579242,791.192882714513,816.041289716161,866.368392397651,927.120864612068
"IBPFAHIO_01657",372.986248773556,404.909452168329,393.463845986058,491.635177902906,553.387140693788,501.654512655623
"IBPFAHIO_01658",18953.0133161622,18289.8880279928,19285.0599417449,54253.4953756422,54118.5407837507,52416.4651044016
"IBPFAHIO_01659",2591.27288621629,2649.15210919863,2604.96524591854,11144.0353058103,10936.1999689567,11331.2573548958
"IBPFAHIO_01660",4012.77775383315,4111.16093405946,4508.30661471288,20151.5593738195,20653.1338443193,19887.0888557502
"IBPFAHIO_01661",58.8925655958247,54.1849631855428,65.0441588215435,86.8129031612938,83.4616671210303,88.0616402886596
"IBPFAHIO_01662",90.0709826759672,86.6959410968685,99.1656847607139,149.866485457391,132.450036952939,149.407951500984
"IBPFAHIO_01663",9.2380495052274,7.88144919062441,10.6629768559907,9.13820033276776,15.4222645767121,10.8840229570253
"IBPFAHIO_01664",541.580652243956,546.775537599568,550.209605769122,410.305194941273,465.389513403136,467.023530519633
"IBPFAHIO_01665",1143.20862627189,1159.55821217062,1096.15402079585,74.9332427286957,63.5034423746969,103.892946407969
"IBPFAHIO_01666",944.590561909502,900.455570028839,785.861394286517,325.319931846532,286.67268272006,242.416874951928
"IBPFAHIO_01667",1302.56498023706,1196.99509582608,1116.41367682223,539.153819633298,438.173752385409,466.034073887176
"IBPFAHIO_01668",25238.3512482813,23819.7098163646,23599.3003776787,15398.781380747,14324.5622156638,13606.0181529141
"IBPFAHIO_01669",32.3331732682959,33.4961590601537,20.2596560263824,23.7593208651962,27.2157610177273,32.652068871076
"IBPFAHIO_01670",61.2020779721315,68.9626804179636,62.9115634503454,32.8975211979639,24.4941849159545,25.7258724438781
"IBPFAHIO_01671",2353.39311145668,2393.00501050334,2167.78319482292,3299.80414016244,3378.38313433388,3653.07388703069
"IBPFAHIO_01672",315.248439365885,416.731625954266,372.137892274077,235.765568585408,291.208642889682,303.763186164253
"IBPFAHIO_01673",7705.68804354781,7109.06716994322,7244.42647596011,3070.43531180997,3238.67556110954,3174.17687692157
"IBPFAHIO_01674",3131.69878227209,2882.64004147088,2763.8436010728,1223.6050245576,1193.8647166443,1274.42014260442
"IBPFAHIO_01675",8542.88627995904,7770.12372080684,8194.49771382888,2497.47015094543,2390.45100939038,2309.39178015429
"IBPFAHIO_01676",2868.41437137311,2951.60272188884,2913.12527705667,7751.02152225362,8181.96495396274,7949.29458515833
"IBPFAHIO_01677",6996.6677440216,6820.4090933366,7045.02880875308,6481.72549603218,6607.98677510418,6421.57354464495
"IBPFAHIO_01678",226.332212878071,278.806265118338,251.646253801381,434.064515806469,452.688824928197,481.865380006486
"IBPFAHIO_01679",12.7023180696877,15.7628983812488,13.861869912788,16.448760598982,19.0510327124091,16.8207627517664
"IBPFAHIO_01680",3.46426856446028,9.85181148828051,6.39778611359444,7.31056026621421,16.3294566106364,16.8207627517664
"IBPFAHIO_01681",968.840441860724,991.092235721019,987.391656864742,1208.0700839919,1351.71613054712,1320.92460432989
"IBPFAHIO_01682",181.296721540088,232.50275112342,207.928048691819,185.505466755186,172.366486445606,224.606655567705
"IBPFAHIO_01683",1766.77696787474,1953.61421812603,1752.99339512488,1979.3341920775,1935.04060836041,1912.61967053909
"IBPFAHIO_01684",233.260750006992,210.828765849203,271.905909827764,191.902206988123,202.303823565106,182.06002037206
"IBPFAHIO_01685",116.630375003496,142.851266580067,109.828661616705,130.676264758579,154.222645767121,147.429038236071
"IBPFAHIO_01686",0,0,0,0,1.81438406784848,0.98945663245685
"IBPFAHIO_01687",90.0709826759672,100.488477180461,86.370112533525,53.9153819633298,51.7099459336818,68.2725076395226
"IBPFAHIO_01688",4.6190247526137,10.8369926371086,8.53038148479259,3.65528013310711,8.16472830531818,1.9789132649137
"IBPFAHIO_01689",0,0,2.13259537119815,0.913820033276776,0,0
"IBPFAHIO_01690",3.46426856446028,2.95554344648415,2.13259537119815,3.65528013310711,7.25753627139394,6.92619642719795
"IBPFAHIO_01691",8.08329331707398,9.85181148828051,8.53038148479259,4.56910016638388,4.53596016962121,7.9156530596548
"IBPFAHIO_01692",1.15475618815343,0,0,0.913820033276776,2.72157610177273,0.98945663245685
"IBPFAHIO_01693",18.4760990104548,17.7332606789049,18.1270606551843,18.2764006655355,19.0510327124091,31.6626122386192
"IBPFAHIO_01694",148.963548271792,134.969817389443,136.486103756681,101.434023693722,122.470924579773,100.924576510599
"IBPFAHIO_01695",1191.70838617433,1194.0395523796,1138.80592821981,1215.38064425811,1267.34727139217,1261.55720638248
"IBPFAHIO_01696",2451.54738744972,2414.67899577755,2323.46265692038,1815.76040612095,1770.83885022012,1725.61236700475
"IBPFAHIO_01697",62.356834160285,64.0367746738233,68.2430518783407,80.4161629283563,100.698315765591,102.903489775512
"IBPFAHIO_01698",26.5593923275288,29.5554344648415,22.3922513975806,22.8455008319194,21.7726088141818,26.7153290763349
"IBPFAHIO_01699",19.6308551986082,20.6888041253891,19.1933583407833,27.4146009983033,40.8236415265909,23.7469591789644
"IBPFAHIO_01700",106.237569310115,81.7700353527282,99.1656847607139,98.6925635938918,124.285308647621,102.903489775512
"IBPFAHIO_01701",229.796481442532,238.413838016388,287.90037511175,226.627368252641,205.025399666879,214.712089243136
"IBPFAHIO_01702",2319.90518200023,2181.19106350531,2154.98762259573,2086.25113597088,2121.9221673488,2228.25633629283
"IBPFAHIO_01703",1782.94355450889,1968.39193535845,1973.71701604389,791.368148817688,1060.50748765744,880.616402886596
"IBPFAHIO_01704",212.47513862023,196.051048616782,185.535797294239,204.695687453998,150.593877631424,229.553938729989
"IBPFAHIO_01705",248.272580452986,282.746989713651,244.182170002188,404.822274741612,430.916216114015,390.835369820456
"IBPFAHIO_01706",4361.51412265549,4661.87719625434,4410.20722763777,4007.10084591866,4371.75841148092,3747.07226711409
"IBPFAHIO_01707",91.2257388641206,61.0812312273392,83.1712194767278,78.5885228618028,88.9048193245757,93.9983800834007
"IBPFAHIO_01708",38.106954209063,57.140506632027,59.7126703935481,76.7608827952492,54.4315220354545,65.3041377421521
"IBPFAHIO_01709",27.7141485156822,21.6739852742171,22.3922513975806,29.2422410648568,31.7517211873485,26.7153290763349
"IBPFAHIO_01710",99.3090321811946,77.829310757416,89.5690055903222,135.245364924963,91.6263954263485,93.0089234509439
"IBPFAHIO_01711",122.404155944263,138.910541984755,129.022019957488,227.541188285917,174.180870513454,165.239257620294
"IBPFAHIO_01712",152.427816836252,151.71789691952,150.347973669469,196.471307154507,139.707573224333,157.323604560639
"IBPFAHIO_01713",8.08329331707398,10.8369926371086,6.39778611359444,10.9658403993213,12.7006884749394,6.92619642719795
"IBPFAHIO_01714",75.0591522299726,71.9182238644477,71.441944935138,62.1397622628208,49.8955618658333,39.578265298274
"IBPFAHIO_01715",597.008949275321,546.775537599568,596.060406249882,377.407673743309,359.248045434,348.288734624811
"IBPFAHIO_01716",379.914785902477,427.568618591374,424.386478868431,415.788115140933,470.832665606682,432.392548383643
"IBPFAHIO_01717",2019.66857308034,2109.27283964086,2097.40754757338,1096.58403993213,1118.56777782859,1169.537739564
"IBPFAHIO_01718",523.104553233502,497.516480158166,490.496935375574,323.492291779979,317.517211873485,377.972433598517
"IBPFAHIO_01719",53.1187846550576,66.9923181203075,54.3811819655528,147.125025357561,173.27367847953,141.492298441329
"IBPFAHIO_01720",6.92853712892055,6.89626804179636,11.7292745415898,18.2764006655355,19.9582247463333,25.7258724438781
"IBPFAHIO_01721",6.92853712892055,5.91108689296831,6.39778611359444,10.9658403993213,12.7006884749394,9.8945663245685
"IBPFAHIO_01722",0,0,0,1.82764006655355,0.907192033924242,0
"IBPFAHIO_01723",143.189767331025,126.103187049991,116.226447730299,447.77181630562,436.35936831756,437.339831545928
"IBPFAHIO_01724",99.3090321811946,87.6811222456966,87.4364102191241,350.906892778282,361.062429501848,360.162214214293
"IBPFAHIO_01725",520.795040857195,456.138871907388,462.773195549998,1457.54295307646,1315.42844919015,1250.67318342546
"IBPFAHIO_01726",88.9162264878137,111.32546981757,102.364577817511,56.6568420631601,49.8955618658333,58.3779413149541
"IBPFAHIO_01727",148.963548271792,116.25137556171,118.359043101497,85.899083128017,80.7400910192575,72.23033416935
"IBPFAHIO_01728",599.318461651628,621.6493049105,612.054871533868,1309.50410768562,1446.06410207524,1457.46961960894
"IBPFAHIO_01729",639.734928236997,622.634486059328,610.988573848269,3951.35782388878,3975.31549265603,4270.49482568376
"IBPFAHIO_01730",198.618064362389,151.71789691952,212.193239434216,216.575347886596,231.333968650682,243.406331584385
"IBPFAHIO_01731",166.284891094093,229.547207676936,194.066178779031,607.690322129056,588.767630016833,447.234397870496
"IBPFAHIO_01732",1400.7192562301,1369.40179687099,1285.95500883248,496.20427806929,487.162122217318,475.928640211745
"IBPFAHIO_01733",2116.66809288523,2253.10928736975,2069.6838077478,805.989269350117,863.646816295878,785.628566170739
"IBPFAHIO_01734",1636.2895186134,1495.50498392098,1579.18687237223,457.823836671665,489.883698319091,449.21331113541
"IBPFAHIO_01735",1195.1726547388,1093.55107519914,1205.98268241255,294.250050715122,271.250418143348,250.332528011583
"IBPFAHIO_01736",362.593443080175,330.035684857397,355.077129304492,197.385127187784,214.097320006121,191.954586696629
"IBPFAHIO_01737",110.856594062729,107.384745222258,69.3093495639398,47.5186417303924,39.9164494926667,32.652068871076
"IBPFAHIO_01738",15.0118304459945,12.8073549347647,13.861869912788,11.8796604325981,6.35034423746969,13.8523928543959
"IBPFAHIO_01739",1214.8035099374,1174.33592940304,1186.78932407177,2049.69833463981,1995.82247463333,1806.74781086621
"IBPFAHIO_01740",724.032129972198,747.752491960491,775.198417430527,633.277283060806,600.561126457848,679.756706497856
"IBPFAHIO_01741",83.1424455470466,80.7848542039002,72.508242620737,47.5186417303924,67.1322105103939,64.3146811096952
"IBPFAHIO_01742",136.261230202104,109.355107519914,142.883889870276,110.57222402649,140.614765258258,119.724252527279
"IBPFAHIO_01743",69.2853712892055,77.829310757416,76.7734333631333,91.3820033276776,89.8120113585,86.0827270237459
"IBPFAHIO_01744",416.866983923386,436.435248930827,451.043921008408,306.12971114772,287.579874753985,292.879163207227
"IBPFAHIO_01745",2398.42860279466,2350.64222110373,2338.39082451877,1291.22770702009,1386.18942783624,1359.51341299571
"IBPFAHIO_01746",1129.35155201405,959.566438958522,940.474558698383,537.326179566744,432.730600181863,511.549078980191
"IBPFAHIO_01747",458.43820669691,406.879814465985,367.87270153168,259.524889450604,215.004512040045,257.258724438781
"IBPFAHIO_01748",1906.5024666413,1868.88863932681,1906.54026185114,934.837894042142,859.110856126257,817.291178409358
"IBPFAHIO_01749",1915.74051614653,1980.21410914438,1924.66732250633,1020.73697717016,1048.71399121642,980.551522764738
"IBPFAHIO_01750",1960.77600748452,1909.28106642876,1893.74468962396,1045.41011806863,888.141001211833,1025.0770712253
"IBPFAHIO_01751",472.295280954751,504.412748199962,590.728917821887,595.810661696458,752.062196123197,563.990280500404
"IBPFAHIO_01752",1236.74387751232,1172.36556710538,1337.13729774124,575.706620964369,592.39639815253,515.506905510019
"IBPFAHIO_01753",700.937006209129,590.123508148003,641.911206730642,174.539626355864,195.953479327636,154.355234663269
"IBPFAHIO_01754",76.2139084181261,69.9478615667916,77.8397310487324,413.96047507438,393.721342723121,446.244941238039
"IBPFAHIO_01755",503.473698034893,509.338653944102,526.751056685943,163.573785956543,185.067174920545,178.102193842233
"IBPFAHIO_01756",726.341642348504,682.730536137839,674.966434984214,420.357215307317,448.152864758576,427.445265221359
"IBPFAHIO_01757",33.4879294564493,47.2886951437465,36.2541213103685,122.451884459088,123.378116613697,106.86131630534
"IBPFAHIO_01758",0,1.9703622976561,0,4.56910016638388,1.81438406784848,0.98945663245685
"IBPFAHIO_01759",3.46426856446028,1.9703622976561,3.19889305679722,0.913820033276776,1.81438406784848,2.96836989737055
"IBPFAHIO_01760",177.832452975627,155.658621514832,174.872820438248,318.009371580318,279.415146448667,306.731556061623
"IBPFAHIO_01761",890.317021066291,874.840860159309,805.054752627301,1338.74634875048,1441.52814190562,1379.30254564485
"IBPFAHIO_01762",7218.38093214706,7492.30263683733,7863.94543129317,10241.1811129328,10284.8360885991,10416.9994265057
"IBPFAHIO_01763",353.355393574948,345.798583238646,365.740106160482,9619.78349030462,9802.20992655144,9614.55009758321
"IBPFAHIO_01764",177.832452975627,195.065867467954,185.535797294239,3265.9927989312,3199.6663036508,3430.4461447279
"IBPFAHIO_01765",39.2617103972165,47.2886951437465,42.651907423963,360.958913144327,351.083317128682,333.446885137958
"IBPFAHIO_01766",33.4879294564493,40.3924271019501,21.3259537119815,328.975211979639,265.807265939803,264.184920865979
"IBPFAHIO_01767",742.508228982652,704.404521412057,780.529905858522,2312.87850422352,2476.63425261318,2609.19713978871
"IBPFAHIO_01768",217.094163372844,220.680577337483,189.800988036635,337.19959227913,416.401143571227,394.793196350283
"IBPFAHIO_01769",60.0473217839781,33.4961590601537,45.8508004807602,60.3121221962672,61.6890583068485,57.3884846824973
"IBPFAHIO_01770",265.593923275288,260.087823290606,287.90037511175,235.765568585408,213.190127972197,222.627742302791
"IBPFAHIO_01771",827.960186906006,809.818904336658,894.623758217623,476.1002373372,459.946361199591,411.613959102049
"IBPFAHIO_01772",72.7496398536658,93.5922091386649,82.1049217911287,82.2438029949099,80.7400910192575,87.0721836562028
"IBPFAHIO_01773",4090.14641843943,3940.7245953122,3978.35666497014,2112.75191693591,2300.63899803188,2245.07709904459
"IBPFAHIO_01774",157.046841588866,155.658621514832,159.944652839861,142.555925191177,147.872301529651,139.513385176416
"IBPFAHIO_01775",585.461387393786,557.612530236677,543.811819655528,424.012495440424,391.906958655273,398.75102288011
"IBPFAHIO_01776",90.0709826759672,77.829310757416,74.6408379919352,66.7088624292047,69.8537866121666,84.1038137588322
"IBPFAHIO_01777",64.6663465365918,61.0812312273392,51.1822889087555,157.177045723606,170.552102377758,158.313061193096
"IBPFAHIO_01778",1250.60095177016,1287.63176151826,1300.88317643087,369.183293443818,418.215527639076,434.371461648557
"IBPFAHIO_01779",226.332212878071,294.569163499587,299.62964965334,697.24468539018,728.475203241166,728.240081488241
"IBPFAHIO_01780",88.9162264878137,106.39956407343,88.5027079047231,1661.32482049718,1631.13127699579,1841.3787930022
"IBPFAHIO_01781",282.915266097589,250.236011802325,275.104802884561,2855.68760398993,2727.9264460102,2852.6034713731
"IBPFAHIO_01782",92.380495052274,79.7996730550721,79.9723264199305,90.4681832944009,91.6263954263485,100.924576510599
"IBPFAHIO_01783",42.7259789616767,63.0515935249953,65.0441588215435,70.3641425623118,87.0904352567272,80.1459872290048
"IBPFAHIO_01784",140.880254954718,120.192100157022,132.220913014285,140.728285124624,171.459294411682,170.186540782578
"IBPFAHIO_01785",248.272580452986,204.917678956235,227.121407032603,278.715110149417,297.558987127151,310.689382591451
"IBPFAHIO_01786",166.284891094093,144.821628877724,149.28167598387,176.367266422418,180.531214750924,169.197084150121
"IBPFAHIO_01787",3192.90086024422,2933.86946120994,3091.19699055172,2498.38397097871,2420.38834650988,2395.47450717803
"IBPFAHIO_01788",376.450517338017,395.057640680049,376.403083016473,254.955789284221,228.612392548909,270.12166066072
"IBPFAHIO_01789",1789.87209163781,1802.88150235533,1788.18121874965,869.956671679491,821.008790701439,809.375525349703
"IBPFAHIO_01790",168.5944034704,169.451157598425,205.795453320621,751.16006735351,752.062196123197,708.450948839104
"IBPFAHIO_01791",20.7856113867617,21.6739852742171,19.1933583407833,218.40298795315,217.726088141818,217.680459140507
"IBPFAHIO_01792",348.736368822334,426.583437442546,325.220794107718,386.545874076076,409.143607299833,465.044617254719
"IBPFAHIO_01793",481.533330459978,482.738762925745,510.756591401956,562.913140498494,547.036796456318,609.505285593419
"IBPFAHIO_01794",1227.50582800709,1297.48357300654,1314.74504634366,1780.12142482316,1936.85499242826,1875.02031850573
"IBPFAHIO_01795",751.74627848788,756.619122299943,734.679105377762,1238.22614509003,1085.00167257339,1103.24414518939
"IBPFAHIO_01796",2013.89479213957,2103.36175274789,2014.23632809665,1050.89303826829,1150.31949901594,1074.54990284814
"IBPFAHIO_01797",151.273060648099,145.806810026552,133.287210699884,1109.37752039801,1052.34275935212,1183.39013241839
"IBPFAHIO_01798",450.354913379836,538.894088408944,584.331131708292,2453.60678934814,2608.1770975322,2637.89138212996
"IBPFAHIO_01799",2131.67992333122,2361.47921374084,2378.91013657153,6383.03293243828,6167.99863865092,5880.34076669106
"IBPFAHIO_01800",292.153315602817,287.672895457791,302.828542710137,561.085500431941,585.138861881136,580.811043252171
"IBPFAHIO_01801",16991.0825524895,16296.8665639136,16502.0229823313,7925.56114860948,8012.32004361891,8045.27187850664
"IBPFAHIO_01802",140.880254954718,137.925360835927,199.397667207027,21.0178607653659,27.2157610177273,18.7996760166801
"IBPFAHIO_01803",576.223337888559,507.368291646446,666.436053499421,31.0698811314104,50.8027538997576,43.5360918281014
"IBPFAHIO_01804",3210.22220306652,2858.995693899,3638.20770326404,1177.00020286049,1268.25446342609,1071.58153295077
"IBPFAHIO_01805",734.424935665578,754.648760002287,753.872463718545,1787.43198508937,1773.56042632189,1765.19063230302
"IBPFAHIO_01806",232.105993818838,255.161917546465,271.905909827764,465.134396937879,480.811777979848,536.285494791612
"IBPFAHIO_01807",90.0709826759672,97.5329337339771,108.762363931106,162.659965923266,178.716830683076,184.038933636974
"IBPFAHIO_01808",802.55555076663,792.085643657753,763.469142888937,1012.51259687067,984.303356807803,993.414458986677
"IBPFAHIO_01809",703.246518585436,706.374883709713,687.762007211403,4780.19259407082,4719.21296047391,4504.00659094358
"IBPFAHIO_01810",646.663465365918,668.938000054247,647.242695158638,379.235313809862,428.194640012242,360.162214214293
"IBPFAHIO_01811",78.5234207944329,102.458839478117,102.364577817511,373.752393610202,314.795635771712,313.657752488821
"IBPFAHIO_01812",294.462827979123,239.399019165216,286.834077426151,1000.63293643807,690.373137816348,840.048680955865
"IBPFAHIO_01813",564.675776007025,542.834813004256,578.999643280297,1317.72848798511,899.934497652848,1208.12654822981
"IBPFAHIO_01814",234.415506195145,205.902860105063,228.187704718202,395.684074408844,262.178497804106,320.583948916019
"IBPFAHIO_01815",3050.86584910135,2700.38152893769,3169.03672160045,4505.13276405451,2802.31619279198,3665.93682325263
"IBPFAHIO_01816",286.379534662049,217.725033890999,286.834077426151,775.833208251983,514.377883235045,666.893770275917
"IBPFAHIO_01817",899.555070571518,931.981366791336,894.623758217623,3935.82288332308,3587.94449417038,3905.38532830719
"IBPFAHIO_01818",642.044440613304,805.878179741346,775.198417430527,1026.21989736982,1168.46333969442,1063.66587989111
"IBPFAHIO_01819",3043.93731197243,2885.59558491736,2807.56180618236,2870.30872452235,2820.46003347047,2772.45748414409
"IBPFAHIO_01820",2763.33155825115,2587.08569682246,2529.258110241,253.128149217667,222.262048311439,200.85969638874
"IBPFAHIO_01821",1056.60191216038,1065.96600303195,1120.67886756463,76.7608827952492,97.0695476298939,101.914033143056
"IBPFAHIO_01822",1875.32404956116,1934.89577629829,1781.78343263605,141.6421051579,152.408261699273,151.386864765898
"IBPFAHIO_01823",4600.54865360325,4437.25589432154,4507.24031702729,8162.24053722817,8352.5170563405,8224.36352898133
"IBPFAHIO_01824",2525.45178349154,2246.21301932796,2539.92108709699,8429.07598694498,9344.98514145362,9103.99047523547
"IBPFAHIO_01825",1980.40686268312,1927.9995082565,2001.44075586946,6149.09500391943,7409.94453309321,6858.91337619088
"IBPFAHIO_01826",4450.4303491433,4732.81023896996,4418.73760912256,9544.85024757593,10546.1073943693,10268.5809316372
"IBPFAHIO_01827",6511.67014499716,6459.83279286553,7165.52044722578,640.58784332702,567.902213236576,539.253864688983
"IBPFAHIO_01828",5072.843934558,4527.89256001372,5032.92507602763,557.430220298834,511.656307133273,504.622882552993
"IBPFAHIO_01829",3463.11380827212,3099.37989421305,3759.76563942233,513.566858701548,490.790890353015,509.570165715278
"IBPFAHIO_01830",2684.80813745671,2288.57580872756,2588.97078063455,409.391374907996,411.865183401606,389.845913187999
"IBPFAHIO_01831",2680.1891127041,2404.82718428927,2758.5121126448,643.329303426851,494.419658488712,469.002443784547
"IBPFAHIO_01832",4698.70292959629,4066.8277823622,4674.64905366634,874.525771845875,795.60741375156,784.639109538282
"IBPFAHIO_01833",7343.09460046763,6238.16703437922,7277.48170421368,1536.13147593826,1444.24971800739,1289.26199209128
"IBPFAHIO_01834",3762.19566100386,3355.52699290834,3905.84842234941,809.644549483224,693.094713918121,738.13464781281
"IBPFAHIO_01835",5944.68485661383,5083.53472795274,5940.34440647244,1576.33955740244,1395.26134817548,1441.63831348963
"IBPFAHIO_01836",5377.6995682305,5094.37172058985,5206.73159878028,2893.15422535427,2981.03302347506,2745.74215506776
"IBPFAHIO_01837",0,0,0,0.913820033276776,0,0.98945663245685
"IBPFAHIO_01838",3.46426856446028,0.985181148828051,2.13259537119815,17.3625806322588,16.3294566106364,15.8313061193096
"IBPFAHIO_01839",639.734928236997,590.123508148003,593.927810878684,531.843259367084,496.23404255656,522.433101937217
"IBPFAHIO_01840",416.866983923386,349.739307833958,354.010831618893,467.87585703771,516.192267302894,480.875923374029
"IBPFAHIO_01841",1487.32597034161,1437.37929614013,1486.41897372511,1410.02431134607,1436.992181736,1446.58559665191
"IBPFAHIO_01842",210.165626243923,189.154780574986,224.988811661405,277.80129011614,260.364113736257,267.153290763349
"IBPFAHIO_01843",96.9995198048877,86.6959410968685,109.828661616705,243.076128851623,223.169240345364,192.944043329086
"IBPFAHIO_01844",26.5593923275288,45.3183328460903,38.3867166815667,1496.83721450736,1795.33303513608,1528.71049714583
"IBPFAHIO_01845",274.831972780515,239.399019165216,252.712551486981,252.21432918439,252.199385430939,234.501221892273
"IBPFAHIO_01846",422.640764864154,383.235466894112,410.524608955643,579.361901097476,607.818662729242,635.231158037298
"IBPFAHIO_01847",69.2853712892055,89.6514845433527,98.0993870751148,180.022546555525,163.294566106364,166.228714252751
"IBPFAHIO_01848",4064.74178230006,3525.9633316556,3748.03636488074,2078.02675567139,1947.74129683535,1926.47206339349
"IBPFAHIO_01849",3137.47256321286,3289.51985593686,3381.22996103466,1738.08570329243,1668.32615038668,1823.56857361797
"IBPFAHIO_01850",675.532370069754,699.478615667916,628.049336817855,847.111170847572,780.185149174848,806.407155452332
"IBPFAHIO_01851",662.830052000066,677.804630393699,669.634946556218,674.399184558261,681.301217477106,646.115180994323
"IBPFAHIO_01852",2284.10774016747,2480.68613274903,2205.10361381888,2552.29935294204,2332.39071921923,2099.62697407344
"IBPFAHIO_01853",2414.59518942881,2165.42816512406,2343.72231294676,1716.15402249379,1742.71589716847,1661.29768589505
"IBPFAHIO_01854",6661.78844945711,6183.98207119368,5925.41623887405,3776.81819753292,3631.48971179874,3543.24420082798
"IBPFAHIO_01855",4262.20509047429,4785.02483985784,4598.94191798881,7761.07354261966,8757.12470347071,9797.59957458772
"IBPFAHIO_01856",1008.10215225794,928.040642196024,1091.88883005345,466.962037004433,465.389513403136,446.244941238039
"IBPFAHIO_01857",338.343563128954,358.605938173411,360.408617732487,1246.45052538952,1281.86234393495,1278.37796913425
"IBPFAHIO_01858",61.2020779721315,79.7996730550721,78.9060287343315,390.201154209184,296.651795093227,396.772109615197
"IBPFAHIO_01859",827.960186906006,803.90781744369,815.717729483292,693.589405257073,645.92072815406,565.969193765318
"IBPFAHIO_01860",2630.5345966135,2585.11533452481,2764.9098987584,885.491612245196,893.584153415378,794.53367586285
"IBPFAHIO_01861",3683.67224020943,3452.07474549349,3774.69380702072,1325.03904825133,1397.07573224333,1232.86296404123
"IBPFAHIO_01862",244.808311888526,244.324924909357,248.447360744584,82.2438029949099,76.2041308496363,94.9878367158576
"IBPFAHIO_01863",11034.8501339941,9988.75166796761,8893.98899558188,1198.93188365913,1107.6814734215,1015.18250490073
"IBPFAHIO_01864",4012.77775383315,3631.3777145802,3420.68297540183,224.799728186087,185.97436695447,178.102193842233
"IBPFAHIO_01865",3109.75841469717,2769.34420935565,2614.56192508893,138.90064505807,129.728460851167,149.407951500984
"IBPFAHIO_01866",476.914305707365,484.709125223401,448.91132563721,1151.41324192874,1055.97152748782,1166.56936966663
"IBPFAHIO_01867",353.355393574948,351.709670131614,329.485984850114,225.713548219364,219.540472209667,198.880783123827
"IBPFAHIO_01868",360.283930703869,290.628438904275,349.745640876496,74.0194226954189,48.9883698319091,66.2935943746089
"IBPFAHIO_01869",19.6308551986082,20.6888041253891,10.6629768559907,28.3284210315801,20.8654167802576,22.7575025465075
"IBPFAHIO_01870",357.974418327562,381.265104596456,368.93899921728,758.470627619724,777.463573073076,658.978117216262
"IBPFAHIO_01871",315.248439365885,323.139416815601,304.961138081335,425.840135506978,430.916216114015,418.540155529247
"IBPFAHIO_01872",16.166586634148,31.5257967624976,35.1878236247694,20.1040407320891,28.1229530516515,20.7785892815938
"IBPFAHIO_01873",39.2617103972165,47.2886951437465,41.5856097383639,39.2942614309014,60.7818662729242,59.367397947411
"IBPFAHIO_01874",1280.62461266215,1044.29201775773,1144.13741664781,80.4161629283563,69.8537866121666,78.1670739640911
"IBPFAHIO_01875",747.127253735266,674.849086947215,724.016128521771,211.092427686935,188.695943056242,193.933499961543
"IBPFAHIO_01876",226.332212878071,208.858403551547,232.452895460598,62.1397622628208,55.3387140693788,70.2514209044363
"IBPFAHIO_01877",122.404155944263,108.369926371086,94.9004940183176,49.3462817969459,54.4315220354545,46.5044617254719
"IBPFAHIO_01878",94.6900074285809,92.6070279898368,79.9723264199305,46.6048216971156,41.7308335605151,43.5360918281014
"IBPFAHIO_01879",117.785131191649,132.014273942959,109.828661616705,86.8129031612938,70.7609786460909,61.3463112123247
"IBPFAHIO_01880",6.92853712892055,10.8369926371086,11.7292745415898,10.0520203660445,4.53596016962121,6.92619642719795
"IBPFAHIO_01881",65.8211027247452,68.9626804179636,72.508242620737,95.9511034940615,74.3897467817878,90.0405535535733
"IBPFAHIO_01882",3.46426856446028,11.8221737859366,14.928167598387,6.39674023293743,8.16472830531818,5.9367397947411
"IBPFAHIO_01883",2.30951237630685,2.95554344648415,3.19889305679722,6.39674023293743,3.62876813569697,2.96836989737055
"IBPFAHIO_01884",19.6308551986082,23.6443475718732,29.8563351967741,31.9837011646872,26.308568983803,20.7785892815938
"IBPFAHIO_01885",0,4.92590574414026,4.2651907423963,11.8796604325981,9.07192033924242,11.8734795894822
"IBPFAHIO_01886",2061.23979585386,2152.62081018929,2098.47384525898,2088.07877603743,2355.07052006733,2113.47936692783
"IBPFAHIO_01887",2017.35906070403,2019.6213550975,1867.08724748398,2080.76821577122,2073.84098955082,1970.99761185404
"IBPFAHIO_01888",1832.59807059949,1932.92541400064,1863.88835442718,9098.90607133686,10166.901124189,10835.539582035
"IBPFAHIO_01889",1249.44619558201,1267.9281385417,1374.45771673721,8205.19007879217,6468.27920187985,6627.38052419598
"IBPFAHIO_01890",8445.88676015415,7782.9310757416,7885.27138500515,4443.90682182496,4411.67486097359,4299.18906802501
"IBPFAHIO_01891",3406.5307550526,3529.90405625091,3509.18568330655,2253.48020206053,2395.89416159392,2314.33906331657
"IBPFAHIO_01892",756.365303240493,757.604303448771,800.789561884905,2086.25113597088,1748.15904937201,1586.09898182833
"IBPFAHIO_01893",227.486969066225,245.310106058185,235.651788517395,518.135958867932,503.491578827954,500.665056023166
"IBPFAHIO_01894",1582.01597777019,1388.12023869872,1410.71183804757,2847.46322369044,2675.30930804259,2640.85975202733
"IBPFAHIO_01895",1386.86218197226,1253.15042130928,1296.61798568847,1972.93745184456,1583.0500991978,1559.38365275199
"IBPFAHIO_01896",107.392325498269,75.8589484597599,102.364577817511,143.469745224454,144.243533393954,166.228714252751
"IBPFAHIO_01897",6474.71794697626,6478.55123469326,6598.25007848707,6277.02980857818,6709.59228290369,6645.1907435802
"IBPFAHIO_01898",2601.66569190967,2514.18229180919,2570.84371997937,1983.90329224388,1711.87136801504,1715.71780068018
"IBPFAHIO_01899",8726.49251387543,8233.15886075602,7999.36523736425,7176.22872132252,6167.99863865092,6545.25562370206
"IBPFAHIO_01900",1038.12581314993,996.01814146516,1059.89989948548,2809.99660232609,2827.71756974186,2796.20444332306
"IBPFAHIO_01901",1113.1849653799,1016.70694559055,1048.17062494389,1692.39470162859,1889.6810066642,1802.78998433638
"IBPFAHIO_01902",562.366263630718,484.709125223401,488.364340004376,387.459694109353,370.134349841091,363.130584111664
"IBPFAHIO_01903",837.198236411233,717.211876346821,810.386241055296,265.007809650265,273.971994245121,248.353614746669
"IBPFAHIO_01904",6146.76718954068,6553.4250020042,6731.53728918695,5409.81459699852,5860.4605391506,5768.53216722343
"IBPFAHIO_01905",2631.68935280166,2682.64826825878,2890.73302565909,95.9511034940615,97.0695476298939,96.9667499807713
"IBPFAHIO_01906",3515.07783673903,3205.77945828648,3722.44522042637,116.055144226151,105.234275935212,109.82968620271
"IBPFAHIO_01907",646.663465365918,663.026913161278,673.900137298615,130.676264758579,146.965109495727,139.513385176416
"IBPFAHIO_01908",893.781289630751,955.62571436321,901.021544331217,901.940372844178,879.976272906515,798.491502392678
"IBPFAHIO_01909",1282.93412503846,1093.55107519914,1053.50211337189,1251.01962555591,1157.57703528733,1223.95785434912
"IBPFAHIO_01910",7958.57964875341,7502.15444832561,7417.16670102716,5575.21602302161,5244.47714811604,5436.07473871793
"IBPFAHIO_01911",622.413585414696,602.930863082767,577.933345594698,1776.46614469005,1553.1127620783,1738.47530322668
"IBPFAHIO_01912",1868.39551243224,1731.94845963971,1781.78343263605,733.797486721251,860.018048160181,794.53367586285
"IBPFAHIO_01913",187.070502480855,194.080686319126,191.933583407833,1131.30920119665,1264.62569529039,1264.52557627985
"IBPFAHIO_01914",69.2853712892055,76.844129608588,67.1767541927417,126.107164592195,170.552102377758,160.29197445801
"IBPFAHIO_01915",1553.14707306636,1473.83099864676,1547.19794180426,1095.67021989885,1194.77190867823,1218.02111455438
"IBPFAHIO_01916",4520.87047662066,3983.08738471181,4276.92001693789,8585.33921263531,7885.31315886951,7254.69602917362
"IBPFAHIO_01917",568.140044571485,520.175646581211,527.817354371542,1148.67178182891,948.015675450833,993.414458986677
"IBPFAHIO_01918",1615.50390722664,1434.42375269364,1384.0543959076,2619.00821537124,2432.18184295089,2369.74863473416
"IBPFAHIO_01919",393.771860160318,386.191010340596,419.054990440436,1883.38308858344,2133.71566378982,2140.19469600417
"IBPFAHIO_01920",754.055790864187,663.026913161278,696.292388696195,2174.89167919873,1980.40021005662,1798.83215780655
"IBPFAHIO_01921",2725.22460404208,2571.32279844121,2499.40177504423,3066.78003167686,2786.89392821527,2933.73891523456
"IBPFAHIO_01922",1736.75330698275,1820.61476303424,1669.82217564815,1782.86288492299,1881.51627835888,1877.9886884031
"IBPFAHIO_01923",7743.79499775687,7159.31140853345,6913.8741934244,4128.63891034448,3906.36889807779,3819.30260128344
"IBPFAHIO_01924",4088.99166225128,3835.3102123876,3669.13033614641,1957.40251127885,1878.79470225711,1921.5247802312
"IBPFAHIO_01925",2309.51237630685,2257.05001196507,2311.73338237879,1599.18505823436,1607.54428411376,1425.80700737032
"IBPFAHIO_01926",9934.36748668392,10633.0601393012,9786.4801584283,5656.54600598325,5469.46077252926,5086.79654746066
"IBPFAHIO_01927",1687.09879089215,1759.5335318069,1722.0707622425,764.867367852662,872.718736635121,847.96433401552
"IBPFAHIO_01928",383.379054466937,376.339198852316,312.425221880529,366.441833343987,400.978878994515,410.624502469593
"IBPFAHIO_01929",70.4401274773589,73.8885861621038,70.3756472495389,132.503904825133,136.078805088636,122.692622424649
"IBPFAHIO_01930",349.891125010488,310.332061880836,372.137892274077,455.996196605111,478.997393912,454.160594297694
"IBPFAHIO_01931",307.165146048811,272.89517822537,333.75117559251,315.267911480488,305.72371543247,327.510145343217
"IBPFAHIO_01932",3.46426856446028,1.9703622976561,3.19889305679722,10.0520203660445,5.44315220354545,9.8945663245685
"IBPFAHIO_01933",24.2498799512219,34.4813402089818,17.0607629695852,62.1397622628208,68.9465945782424,56.3990280500404
"IBPFAHIO_01934",5.77378094076713,7.88144919062441,7.46408379919352,19.1902206988123,22.6798008481061,18.7996760166801
"IBPFAHIO_01935",10.3928056933808,15.7628983812488,19.1933583407833,60.3121221962672,60.7818662729242,72.23033416935
"IBPFAHIO_01936",1332.58864112905,1306.350203346,1194.25340787096,1925.41881011417,2023.03823565106,1912.61967053909
"IBPFAHIO_01937",1748.30086886429,1744.75581457448,1554.66202560345,2036.90485417393,1935.94780039433,2003.64968072512
"IBPFAHIO_01938",1404.18352479456,1458.06810026552,1461.89412695633,1500.49249464047,1673.76930259023,1612.81431090466
"IBPFAHIO_01939",7162.9526351157,6482.49195928858,6413.78057887843,5604.45826408647,5630.94095456777,5443.00093514513
"IBPFAHIO_01940",0,1.9703622976561,2.13259537119815,0,2.72157610177273,0.98945663245685
"IBPFAHIO_01941",257.510629958214,226.591664230452,232.452895460598,262.266349550435,261.271305770182,286.942423412486
"IBPFAHIO_01942",70.4401274773589,59.1108689296831,58.6463727079491,84.0714430614634,82.554475087106,96.9667499807713
"IBPFAHIO_01943",33.4879294564493,25.6147098695293,26.6574421399768,42.9495415640085,58.9674822050757,51.4517448877562
"IBPFAHIO_01944",138.570742578411,154.673440366004,105.563470874308,108.744583959936,117.027772376227,103.892946407969
"IBPFAHIO_01945",2239.07224882949,2322.07196778772,2179.51246936451,13167.2328594851,14339.9844802405,13806.8778493029
"IBPFAHIO_01946",272.522460404208,250.236011802325,234.585490831796,87.7267231945705,108.863044070909,102.903489775512
"IBPFAHIO_01947",2338.38128101069,2294.48689562053,2073.9489984902,1241.88142522314,1104.95989731973,1018.1508747981
"IBPFAHIO_01948",138.570742578411,128.073549347647,132.220913014285,97.7787435606151,91.6263954263485,77.1776173316343
"IBPFAHIO_01949",33.4879294564493,32.5109779113257,35.1878236247694,5.48292019966066,19.9582247463333,10.8840229570253
"IBPFAHIO_01950",25.4046361393754,41.3776082507781,35.1878236247694,15.5349405657052,22.6798008481061,18.7996760166801
"IBPFAHIO_01951",144.344523519178,139.895723133583,159.944652839861,105.089303826829,126.09969271547,112.798056100081
"IBPFAHIO_01952",437.652595310148,403.924271019501,451.043921008408,308.87117124755,371.948733908939,375.004063701146
"IBPFAHIO_01953",114.320862627189,130.043911645303,130.088317643087,243.989948884899,199.582247463333,274.079487190547
"IBPFAHIO_01954",25.4046361393754,24.6295287207013,28.790037511175,28.3284210315801,45.3596016962121,41.5571785631877
"IBPFAHIO_01955",935.352512404274,920.1591930054,913.817116558406,477.927877403754,507.120346963651,518.475275407389
"IBPFAHIO_01956",3174.42476123377,3008.74322852087,2964.30756596543,1214.46682422484,1314.52125715623,1343.6821068764
"IBPFAHIO_01957",3541.63722906655,3349.61590601537,3970.89258117095,882.750152145366,971.602668332863,756.93432382949
"IBPFAHIO_01958",1.15475618815343,0.985181148828051,3.19889305679722,1.82764006655355,0.907192033924242,0.98945663245685
"IBPFAHIO_01959",282.915266097589,270.924815927714,297.497054282142,142.555925191177,126.09969271547,116.755882629908
"IBPFAHIO_01960",296.77234035543,322.154235666773,326.287091793317,339.941052378961,303.909331364621,294.858076472141
"IBPFAHIO_01961",869.531409679529,1013.75140214406,949.004940183176,464.220576904602,523.449803574288,477.907553476658
"IBPFAHIO_01962",1080.85179211161,1122.12132851515,1075.89436476947,574.792800931092,508.9347310315,501.654512655623
"IBPFAHIO_01963",404.164665853699,357.620757024583,373.204189959676,122.451884459088,136.078805088636,126.650448954477
"IBPFAHIO_01964",101.618544557501,119.206919008194,130.088317643087,3626.03789204225,3311.25092382348,3690.67323906405
"IBPFAHIO_01965",267.903435651595,265.013729034746,272.972207513363,4887.1095379642,4848.03422929115,4810.7381470052
"IBPFAHIO_01966",472.295280954751,462.049958800356,435.049455724422,6250.52902761315,5792.42113660629,5874.40402689632
"IBPFAHIO_01967",608.556511156855,577.316153213238,522.485865943546,637.84638322719,710.331362562682,688.661816189967
"IBPFAHIO_01968",1426.12389236948,1444.27556418192,1244.36939909412,1327.78050835116,1311.79968105445,1398.10222166153
"IBPFAHIO_01969",300.236608919891,228.562026528108,277.237398255759,578.448081064199,564.273445100879,615.44202538816
"IBPFAHIO_01970",336.034050752647,324.124597964429,319.889305679722,632.363463027529,652.27107239153,660.957030481176
"IBPFAHIO_01971",303.700877484351,330.035684857397,282.568886683755,1011.59877683739,956.180403756151,1034.97163754986
"IBPFAHIO_01972",1182.47033666911,1185.17292204015,1198.51859861336,1474.90553370872,1669.23334242061,1592.03572162307
"IBPFAHIO_01973",113.166106439036,129.058730496475,118.359043101497,84.0714430614634,78.9257069514091,88.0616402886596
"IBPFAHIO_01974",5301.48565981238,4926.89092528908,4858.05225558938,924.785873676098,838.245439346,848.953790647977
"IBPFAHIO_01975",694.008469080208,693.567528774948,810.386241055296,3604.10621124361,3420.11396789439,3474.97169318846
"IBPFAHIO_01976",1622.43244435556,1537.86777332059,1589.84984922822,5418.95279733128,4728.28488081315,4742.46563936568
"IBPFAHIO_01977",874.150434432143,866.959410968685,907.419330444812,1413.67959147917,1294.56303240989,1364.460696158
"IBPFAHIO_01978",49.6545160905973,53.1997820367148,47.9833958519583,103.261663760276,79.8328989853333,93.9983800834007
"IBPFAHIO_01979",26.5593923275288,27.5850721671854,21.3259537119815,41.1219014974549,38.1020654248182,32.652068871076
"IBPFAHIO_01980",87.7614702996603,70.9330427156197,63.9778611359444,112.399864093043,120.656540511924,140.502841808873
"IBPFAHIO_01981",105.082813121962,100.488477180461,108.762363931106,114.227504159597,148.779493563576,116.755882629908
"IBPFAHIO_01982",2026.59711020926,2118.13946998031,1997.17556512707,1559.89079680346,1592.12201953704,1509.91082112915
"IBPFAHIO_01983",3525.47064243241,3324.00119614584,3194.62786605483,605.862682062503,628.6840795095,642.157354464495
"IBPFAHIO_01984",2615.52276616751,2861.95123734549,2722.25799133444,172.711986289311,137.893189156485,148.418494868527
"IBPFAHIO_01985",2295.65530204901,2075.7766805807,2182.7113624213,580.275721130753,587.860437982909,509.570165715278
"IBPFAHIO_01986",4090.14641843943,4480.60386486998,4050.86490759088,4531.63354501953,4538.68174572298,4183.42264202756
"IBPFAHIO_01987",908.793120076746,912.277743814775,902.087842016817,536.412359533468,503.491578827954,469.002443784547
"IBPFAHIO_01988",2645.5464270595,2474.77504585606,2711.59501447845,744.763327120573,703.073826291288,713.398232001389
"IBPFAHIO_01989",1450.3737723207,1319.15755828076,1310.47985560126,1093.8425798323,1083.18728850554,1105.2230584543
"IBPFAHIO_01990",88.9162264878137,88.6663033945246,93.8341963327185,89.5543632611241,87.9976272906515,91.0300101860302
"IBPFAHIO_01991",196.308551986082,184.228874830846,202.596560263824,275.05983001631,236.777120854227,262.206007601065
"IBPFAHIO_01992",623.56834160285,598.004957338627,634.447122931449,789.540508751135,630.498463577348,632.262788139927
"IBPFAHIO_01993",705.556030961743,694.552709923776,676.032732669813,1463.9396933094,1236.50274223874,1253.64155332283
"IBPFAHIO_01994",4203.31252487847,3955.50231254463,3993.28483256853,4527.97826488643,4266.52413554571,4041.93034358623
"IBPFAHIO_01995",1021.95922651578,1063.9956407343,1019.38058743271,927.527333775928,971.602668332863,923.163038082241
"IBPFAHIO_01996",1562.38512257158,1684.65976449597,1632.50175665218,1539.78675607137,1741.80870513454,1702.85486445824
"IBPFAHIO_01997",91.2257388641206,97.5329337339771,87.4364102191241,165.401426023097,219.540472209667,191.954586696629
"IBPFAHIO_01998",1579.70646539389,1586.14164961316,1617.5735890538,4044.56746728301,3849.21579994056,3692.65215232896
"IBPFAHIO_01999",2864.95010280865,2814.66254220174,2797.96512701197,4406.44020046062,4142.23882689809,4134.93926703717
"IBPFAHIO_02000",1861.46697530332,1788.10378512291,1851.09278219999,2382.32882675256,2557.37434363244,2630.96518570276
"IBPFAHIO_02001",359.129174515715,318.213511071461,360.408617732487,1574.51191733589,1569.44221868894,1532.66832367566
"IBPFAHIO_02002",584.306631205633,596.034595040971,585.397429393892,2340.29310522182,2267.07289277668,2325.2230862736
"IBPFAHIO_02003",198.618064362389,194.080686319126,174.872820438248,498.94573816912,488.976506285166,460.097334092435
"IBPFAHIO_02004",594.699436899014,557.612530236677,540.61292659873,1226.34648465743,1024.21980630047,1086.42338243762
"IBPFAHIO_02005",963.066660919957,938.877634833133,1039.6402434591,1364.33330968223,1535.87611343374,1385.23928543959
"IBPFAHIO_02006",4155.96752116418,3931.85796497275,3948.50032977337,4821.31449556827,4528.70263334982,4445.62864962863
"IBPFAHIO_02007",739.043960418192,722.137782090962,663.237160442624,483.410797603415,486.254930183394,488.791576433684
"IBPFAHIO_02008",3042.78255578428,3060.95782940876,3030.41802247257,2483.76285044628,2369.58559261012,2378.65374442627
"IBPFAHIO_02009",500.009429470433,504.412748199962,495.828423803569,503.514838335504,526.17137967606,557.064084073206
"IBPFAHIO_02010",2131.67992333122,2015.68063050219,2021.70041189584,6512.79537716358,6660.60391307179,6506.66681503624
"IBPFAHIO_02011",362.593443080175,388.161372638252,408.392013584445,492.548997936182,378.299078146409,327.510145343217
"IBPFAHIO_02012",988.471297059332,969.418250446802,921.2812003576,711.865805922609,560.644676965182,570.916476927602
"IBPFAHIO_02013",1256.37473271093,1250.1948778628,1193.18711018536,625.966722794592,625.962503407727,652.051920789064
"IBPFAHIO_02014",1403.02876860641,1359.54998538271,1313.67874865806,951.286654641124,887.233809177909,982.530436029652
"IBPFAHIO_02015",1207.87497280848,1217.68389995147,1085.49104393986,575.706620964369,566.995021202651,566.958650397775
"IBPFAHIO_02016",2431.91653225111,2332.90896042483,2294.67261940921,6043.09188005932,5479.43988490242,5268.85656783272
"IBPFAHIO_02017",69.2853712892055,44.3331516972623,69.3093495639398,34.7251612645175,31.7517211873485,27.7047857087918
"IBPFAHIO_02018",121.24939975611,120.192100157022,126.88942458629,102.347843726999,143.33634136003,112.798056100081
"IBPFAHIO_02019",2071.63260154724,1870.85900162447,1875.61762896877,731.056026621421,771.113228835606,718.345515163673
"IBPFAHIO_02020",399.545641101085,408.850176763641,397.729036728455,400.253174575228,401.886071028439,390.835369820456
"IBPFAHIO_02021",759.829571804954,784.204194467129,994.855740663936,903.768012910732,812.844062396121,781.670739640911
"IBPFAHIO_02022",3337.2453837634,3226.46826241187,3237.27977347879,1730.77514302621,1698.26348750618,1820.6002037206
"IBPFAHIO_02023",1495.40926365869,1426.54230350302,1403.24775424838,914.733853310053,825.54475087106,848.953790647977
"IBPFAHIO_02024",625.877853979156,605.886406529251,555.541094197118,420.357215307317,449.967248826424,422.497982059075
"IBPFAHIO_02025",826.805430717852,850.211331438608,881.828185990434,699.986145490011,632.312847645197,681.735619762769
"IBPFAHIO_02026",1408.80254954718,1470.87545520028,1380.8555028508,1140.44740152942,1102.23832121795,993.414458986677
"IBPFAHIO_02027",1118.95874632067,1174.33592940304,1117.47997450783,730.142206588144,776.556381039151,756.93432382949
"IBPFAHIO_02028",123.558912132416,124.132824752334,100.231982446313,573.878980897816,508.027538997576,534.306581526699
"IBPFAHIO_02029",762.139084181261,723.12296323979,677.099030355412,1410.93813137934,1059.60029562351,1068.6131630534
"IBPFAHIO_02030",502.31894184674,483.723944074573,479.833958519583,668.9162643586,557.015908829485,603.568545798678
"IBPFAHIO_02031",630.49687873177,655.145463970654,638.712313673845,975.959795539597,811.936870362197,838.069767690952
"IBPFAHIO_02032",1416.88584286425,1662.00059807292,1539.73385800506,2200.47864013048,1981.30740209054,1944.28228277771
"IBPFAHIO_02033",3676.74370308051,3640.24434491965,3534.77682776093,7786.66050355141,8216.43825125186,7718.75118979588
"IBPFAHIO_02034",5244.90260659286,4429.37444513092,5086.23996030758,165.401426023097,146.057917461803,136.545015279045
"IBPFAHIO_02035",1740.21757554721,1623.57853326863,1820.17014931762,74.0194226954189,63.5034423746969,54.4201147851267
"IBPFAHIO_02036",1617.81341960295,1606.83045373855,1910.80545259354,121.538064425811,137.893189156485,106.86131630534
"IBPFAHIO_02037",309.474658425118,276.835902820682,338.016366334906,124.279524525642,116.120580342303,113.787512732538
"IBPFAHIO_02038",142.035011142871,132.014273942959,131.154615328686,265.921629683542,283.043914584364,274.079487190547
"IBPFAHIO_02039",72.7496398536658,81.7700353527282,62.9115634503454,233.937928518855,209.5613598365,231.532851994903
"IBPFAHIO_02040",61.2020779721315,79.7996730550721,72.508242620737,240.334668751792,205.932591700803,175.133823944862
"IBPFAHIO_02041",301.391365108044,276.835902820682,298.563351967741,401.166994608505,518.006651370742,516.496362142476
"IBPFAHIO_02042",11.5475618815343,16.7480795300769,5.33148842799537,61.225942229544,68.9465945782424,67.2830510070658
"IBPFAHIO_02043",62.356834160285,60.0960500785111,75.7071356775343,162.659965923266,189.603135090167,170.186540782578
"IBPFAHIO_02044",19.6308551986082,20.6888041253891,17.0607629695852,33.8113412312407,37.1948733908939,48.4833749903856
"IBPFAHIO_02045",383.379054466937,400.968727573017,360.408617732487,511.739218634995,473.554241708454,473.949726946831
"IBPFAHIO_02046",956.138123791036,1000.9440472093,966.065703152761,1673.20448092978,1684.65560699732,1687.02355833893
"IBPFAHIO_02047",1.15475618815343,1.9703622976561,2.13259537119815,3.65528013310711,2.72157610177273,4.94728316228425
"IBPFAHIO_02048",7682.59291978474,7542.54687542756,9531.63501157012,8209.75917895856,8141.14131243615,8017.56709279785
"IBPFAHIO_02049",43892.2827117117,43023.8459504698,50184.2342750348,36412.0730459464,36343.0200710391,36443.6666866507
"IBPFAHIO_02050",254.046361393754,279.791446267167,274.038505198962,328.061391946363,321.145980009182,356.204387684466
"IBPFAHIO_02051",1429.58816093394,1370.38697801982,1394.71737276359,7212.7815226536,6853.83581629765,6844.07152670403
"IBPFAHIO_02052",39198.198806868,43362.7482656667,39706.7932163383,183645.842987467,200454.966199968,190322.972709707
"IBPFAHIO_02053",4338.41899889242,4066.8277823622,4420.87020449376,5421.69425743111,4833.51915674836,4367.46157566453
"IBPFAHIO_02054",2218.28663744273,2127.99128146859,2221.09807910287,2715.87313889858,2472.09829244356,2299.49721382972
"IBPFAHIO_02055",5923.89924522707,5973.15330534447,5949.94108564283,22272.5356710549,27744.6539735051,26817.243109478
"IBPFAHIO_02056",19.6308551986082,12.8073549347647,15.9944652839861,9.13820033276776,13.6078805088636,6.92619642719795
"IBPFAHIO_02057",35.7974418327562,44.3331516972623,29.8563351967741,28.3284210315801,20.8654167802576,18.7996760166801
"IBPFAHIO_02058",61.2020779721315,71.9182238644477,76.7734333631333,29.2422410648568,32.6589132212727,40.5677219307308
"IBPFAHIO_02059",151.273060648099,143.836447728895,172.74022506705,74.9332427286957,65.3178264425454,69.2619642719795
"IBPFAHIO_02060",2687.11764983302,2977.21743175837,2691.33535845206,456.910016638388,410.050799333757,377.972433598517
"IBPFAHIO_02061",101.618544557501,112.310650966398,94.9004940183176,356.389812977943,473.554241708454,365.109497376578
"IBPFAHIO_02062",2.30951237630685,0.985181148828051,4.2651907423963,41.1219014974549,50.8027538997576,34.6309821359897
"IBPFAHIO_02063",324.486488871112,353.68003242927,360.408617732487,600.379761862842,613.261814932788,601.589632533765
"IBPFAHIO_02064",7346.55886903209,6899.22358524284,6713.41022853177,2568.74811354102,2604.5483293965,2544.88245867902
"IBPFAHIO_02065",6153.6957266696,6019.45681933939,6235.70886538338,2189.51279973116,2014.87350734574,1943.29282614525
"IBPFAHIO_02066",9419.34622676749,9536.55352065553,9271.45837628395,2617.18057530469,2756.04939906185,2684.39584385543
"IBPFAHIO_02067",4919.26136153359,4540.69991494849,4613.87008558719,7626.74199772798,7409.03734105929,7653.44705205373
"IBPFAHIO_02068",839.50774878754,903.411113475323,910.618223501609,1177.00020286049,1340.82982614003,1301.13547168076
"IBPFAHIO_02069",3404.2212426763,3167.35739348218,3048.54508312775,4325.11021749898,4164.01143571227,4189.3593818223
"IBPFAHIO_02070",4525.48950137327,4164.36071609617,4263.0581470251,5136.58240704876,5063.0387413312,4957.17772860882
"IBPFAHIO_02071",1950.38320179113,1961.49566731665,1781.78343263605,1378.04061018138,1377.117507497,1543.55234663269
"IBPFAHIO_02072",1911.12149139392,1795.98523431354,1826.56793543121,3102.41901297466,3189.68719127764,3343.37396107169
"IBPFAHIO_02073",5526.66311650229,6110.09348503157,5768.67047909099,5173.13520837983,4996.81372285473,5316.35048619065
"IBPFAHIO_02074",1071.61374260638,1032.4698439718,984.192763807945,724.659286388484,782.906725276621,940.973257466464
"IBPFAHIO_02075",601.627974027934,619.678942612844,619.518955333062,1201.67334375896,1279.14076783318,1238.79970383598
"IBPFAHIO_02076",2188.26297655074,2098.43584700375,2100.60644063018,1022.56461723671,982.488972739954,922.173581449784
"IBPFAHIO_02077",603.937486404241,597.019776189799,745.342082233753,1406.36903121296,1266.44007935824,1349.61884667114
"IBPFAHIO_02078",6362.70659672537,5951.47932007026,6751.79694521334,7874.38722674598,7301.98868105622,7499.09181739046
"IBPFAHIO_02079",1203.25594805587,1188.12846548663,1179.32524027258,569.309880731432,503.491578827954,565.969193765318
"IBPFAHIO_02080",5638.67446675317,5442.14066612615,5299.4994974274,2547.73025277565,2510.20035786838,2653.72268824927
"IBPFAHIO_02081",526.568821797962,563.523617129645,556.607391882717,2364.05242608702,2815.01688126692,2555.76648163604
"IBPFAHIO_02082",988.471297059332,1179.26183514718,1006.58501520553,2903.20624572032,2902.10731652365,3006.95870603637
"IBPFAHIO_02083",377.60527352617,405.894633317157,350.811938562095,1161.46526229478,1371.67435529345,1143.81186712012
"IBPFAHIO_02084",918.031169581973,1029.51430052531,835.977385509674,1830.38152665338,1809.84810767886,1905.69347411189
"IBPFAHIO_02085",497.699917094126,512.294197390587,480.900256205182,1140.44740152942,1051.4355673182,955.815106953317
"IBPFAHIO_02086",4747.20268949873,4783.05447756019,4618.13527632959,3145.36855453866,3161.56423822598,3129.65132846102
"IBPFAHIO_02087",3855.73091224429,3989.98365275361,3764.03083016473,2280.89480305883,1988.56493836194,2086.7640378515
"IBPFAHIO_02088",3060.10389860658,2869.83268653611,2679.60608391047,2077.11293563811,2078.37694972044,2159.9838286533
"IBPFAHIO_02089",6207.96926751281,5836.21312565737,5671.63738970147,3796.92223826501,3624.23217552735,3709.47291508073
"IBPFAHIO_02090",570.449556947792,532.983001515976,553.408498825919,1530.6485557386,1683.74841496339,1622.70887722923
"IBPFAHIO_02091",73.9043960418192,72.9034050132758,66.1104565071426,170.884346222757,207.746975768651,195.912413226456
"IBPFAHIO_02092",1023.11398270393,1063.01045958547,1010.85020594792,2378.67354661945,2498.40686142736,2568.62941785798
"IBPFAHIO_02094",56.5830532195178,59.1108689296831,53.3148842799537,174.539626355864,194.139095259788,205.806979551025
"IBPFAHIO_02095",591.235168334554,553.671805641365,654.706778957831,4773.79585383788,4712.86261623644,4344.70407311803
"IBPFAHIO_02096",541.580652243956,519.190465432383,465.972088606795,307.957351214274,324.774748144879,339.383624932699
"IBPFAHIO_02097",11858.1912961475,11311.8499508437,11243.0427969566,58896.6149647215,65708.8262091668,60397.4223017986
"IBPFAHIO_02098",4974.68965856496,4496.36676325123,4631.99714624238,20047.3838900259,21993.0564784254,20861.7036387202
"IBPFAHIO_02099",19003.8225884409,17287.9587996346,16819.7796926398,64001.2136706056,57850.728811315,56736.4327617082
"IBPFAHIO_02100",11980.5954520918,11753.2111055187,12215.506286223,7022.70695573203,7309.24621732762,7066.69926900682
"IBPFAHIO_02101",12719.63941251,11521.6935355441,11225.982033987,4847.8152765333,4858.01334166432,4831.5167362868
"IBPFAHIO_02102",37042.2690035856,33559.2106536787,33779.2443820931,11504.0803989213,11850.6495391524,10991.8737299631
"IBPFAHIO_02103",8540.57676758273,8310.00299036461,8537.84556859179,4975.75008119205,4731.00645691492,4942.33587912196
"IBPFAHIO_02104",7011.6795744676,7436.14731135413,7050.36029718108,5018.69962275606,4861.64210980001,5382.64408056526
"IBPFAHIO_02105",727.496398536658,698.493434519088,674.966434984214,363.700373244157,362.876813569697,435.360918281014
"IBPFAHIO_02106",633.96114729623,578.301334362066,631.248229874652,763.953547819385,666.786144934318,699.545839146993
"IBPFAHIO_02107",10821.2202391857,10432.0831849402,10593.6675064268,5972.72773749701,5927.592749661,5535.02040196362
"IBPFAHIO_02108",20112.3885290682,18727.3084580724,19874.7225618811,9469.91700484723,10397.3279008057,9449.31083996291
"IBPFAHIO_02109",5071.68917836984,5904.19062492651,5636.4495660767,2979.05330848229,3565.26469332227,3526.42343807621
"IBPFAHIO_02110",2995.43755206998,2957.51380878181,2994.1639011622,1654.01426023097,1565.81345055324,1639.529639981
"IBPFAHIO_02111",4721.79805335936,4366.32285160592,4356.89234335782,2462.74498968091,2426.73869074735,2525.09332602988
"IBPFAHIO_02112",461.90247526137,398.013184126533,363.607510789284,339.027232345684,339.289820687667,388.856456555542
"IBPFAHIO_02113",2389.19055328944,2363.44957603849,2223.23067447407,1744.48244352537,1707.33540784542,1784.97976495216
"IBPFAHIO_02114",2982.7352340003,2850.12906355955,2692.40165613766,2083.50967587105,2189.0543778592,2161.96274191822
"IBPFAHIO_02115",1879.94307431378,1806.82222695065,1522.67309503548,1550.75259647069,1466.9295188555,1503.97408133441
"IBPFAHIO_02116",11534.8595634646,11203.4800244726,10971.1368871289,8127.51537596365,8003.24812327966,7836.49652905825
"IBPFAHIO_02117",118.939887379803,118.221737859366,118.359043101497,77.674702828526,59.874674239,71.2408775368932
"IBPFAHIO_02118",1019.64971413947,982.225605381567,1070.56287634147,467.87585703771,531.614531879606,488.791576433684
"IBPFAHIO_02119",93.5352512404274,112.310650966398,117.292745415898,111.486044059767,104.327083901288,122.692622424649
"IBPFAHIO_02120",4057.81324517114,4279.62691050905,3997.55002331093,3407.6349040891,3001.89844025532,3038.62131827499
"IBPFAHIO_02121",8709.17117105313,8943.47446906105,9834.46355428026,6518.27829736325,6265.06818628082,5979.28642993674
"IBPFAHIO_02122",1841.83612010471,1815.6888572901,1821.23644700322,859.904651313447,1024.21980630047,1006.27739520862
"IBPFAHIO_02123",7149.09556085786,6800.70547036004,7095.14479997624,13030.1598544936,11559.4408962627,10935.4747019131
"IBPFAHIO_02124",2692.89143077379,2739.78877489081,2579.37410146416,4703.43171127557,4569.52627487641,4484.21745829444
"IBPFAHIO_02125",1803.72916589565,1835.39248026666,1654.89400804976,3907.4944622915,3925.4199307902,3800.50292526676
"IBPFAHIO_02126",2194.03675749151,2131.9320060639,2025.96560263824,3419.5145645217,2931.13746160923,3022.79001215568
"IBPFAHIO_02127",5591.32946303888,5554.45131709255,5105.43331864837,6945.94607293678,7287.47360851344,7454.56626892991
"IBPFAHIO_02128",16256.6576168239,16662.3687701288,16288.7634452115,26684.4587917151,25047.5720566483,24162.5309645963
"IBPFAHIO_02129",16984.1540153606,16007.2233061582,16130.9513877428,19224.0320400435,17176.7739703216,18111.0142004902
"IBPFAHIO_02130",6151.3862142933,5795.82069855543,5869.9687592229,4142.34621084363,3756.68221248029,3972.66837931425
"IBPFAHIO_02131",12940.1978444473,12854.6436299084,12646.290551205,8998.38586767642,8951.2637987305,8207.54276622957
"IBPFAHIO_02132",19268.2617555281,19118.4253741572,19359.7007797368,14442.0118059062,13891.8316154819,12999.4812372181
"IBPFAHIO_02133",20968.0628644899,18726.3232769236,17844.4917685005,16851.755233657,17123.2496403201,15514.6799969234
"IBPFAHIO_02134",2735.61740973546,2848.1587012619,2751.04802884561,12634.4757800847,12726.0898518893,12831.2736097004
"IBPFAHIO_02135",3240.24586395851,3245.1867042396,3280.99797858835,5736.9621689116,5703.51631728171,5688.38617999443
"IBPFAHIO_02136",633.96114729623,605.886406529251,571.535559481104,1421.90397177866,1569.44221868894,1774.09574199513
"IBPFAHIO_02137",352.200637386795,334.961590601537,329.485984850114,312.526451380658,269.4360340755,284.963510147573
"IBPFAHIO_02138",1451.52852850886,1383.19433295458,1376.5903121084,1516.94125523945,1767.21008208442,1773.10628536267
"IBPFAHIO_02139",2083.18016342878,2127.99128146859,2120.86609665656,2127.37303746834,2251.65062819997,2339.07547912799
"IBPFAHIO_02140",3039.31828721981,2885.59558491736,2889.66672797349,3218.47415720081,3252.28344161841,3116.78839223908
"IBPFAHIO_02141",3733.32675630002,3825.45840089932,3823.74350055828,2015.88699340857,2098.33517446677,1883.92542819784
"IBPFAHIO_02142",3189.43659167976,2737.81841259315,3595.55579584008,73.1056026621421,72.5753627139394,65.3041377421521
"IBPFAHIO_02143",4933.11843579143,4991.91288111174,6487.35511918477,117.882784292704,132.450036952939,93.9983800834007
"IBPFAHIO_02144",6452.77757940134,6084.47877516204,8925.97792614985,174.539626355864,163.294566106364,144.4606683387
"IBPFAHIO_02145",200.927576738696,164.525251854285,222.856216290206,6.39674023293743,4.53596016962121,1.9789132649137
"IBPFAHIO_02146",62.356834160285,39.407245953122,56.5137773367509,1.82764006655355,0.907192033924242,0.98945663245685
"IBPFAHIO_02147",61.2020779721315,59.1108689296831,71.441944935138,5.48292019966066,3.62876813569697,3.9578265298274
"IBPFAHIO_02148",506.937966599354,531.01263921832,547.010712712325,297.905330848229,268.528842041576,235.49067852473
"IBPFAHIO_02149",1371.85035152627,1900.41443608931,1589.84984922822,236.679388618685,269.4360340755,316.626122386192
"IBPFAHIO_02151",904.174095324132,987.151511125707,920.214902672001,511.739218634995,561.551868999106,558.053540705663
"IBPFAHIO_02152",196.308551986082,229.547207676936,243.115872316589,122.451884459088,132.450036952939,131.597732116761
"IBPFAHIO_02153",690.544200515748,770.411658383536,724.016128521771,612.25942229544,645.013536120136,634.241701404841
"IBPFAHIO_02154",669.758589128987,749.722854258147,647.242695158638,1064.60033876744,1001.54000545236,990.446089089306
"IBPFAHIO_02155",242.498799512219,245.310106058185,224.988811661405,342.682512478791,327.496324246651,321.573405548476
"IBPFAHIO_02156",437.652595310148,414.76126365661,420.121288126035,418.529575240764,429.101832046167,438.329288178384
"IBPFAHIO_02157",987.316540871179,1039.36611201359,1037.5076480879,1041.75483793553,1211.10136528886,1207.13709159736
"IBPFAHIO_02158",2107.43004338,2187.10215039827,2089.94346377418,95.0372834607847,114.306196274455,111.808599467624
"IBPFAHIO_02159",191.689527233469,244.324924909357,190.867285722234,10.9658403993213,15.4222645767121,15.8313061193096
"IBPFAHIO_02160",330.26026981188,420.672350549578,313.491519566128,38.3804413976246,32.6589132212727,34.6309821359897
"IBPFAHIO_02161",131.64220544949,117.236556710538,132.220913014285,11.8796604325981,4.53596016962121,10.8840229570253
"IBPFAHIO_02162",1079.69703592345,1197.98027697491,1176.12634721578,188.246926855016,183.252790852697,196.901869858913
"IBPFAHIO_02163",1102.79215968652,1156.60266872413,1113.21478376543,127.020984625472,124.285308647621,117.745339262365
"IBPFAHIO_02164",360.283930703869,373.383655405831,334.817473278109,35.6389812977943,51.7099459336818,30.6731556061623
"IBPFAHIO_02165",0,0,0,0,0,0
"IBPFAHIO_02166",564.675776007025,560.568073683161,517.154377515551,65.7950423959279,69.8537866121666,83.1143571263754
"IBPFAHIO_02167",159.356353965173,147.777172324208,208.994346377418,21.0178607653659,21.7726088141818,10.8840229570253
"IBPFAHIO_02168",17.3213428223014,14.7777172324208,37.3204189959676,5.48292019966066,3.62876813569697,2.96836989737055
"IBPFAHIO_02169",47.3450037142904,40.3924271019501,38.3867166815667,6.39674023293743,6.35034423746969,5.9367397947411
"IBPFAHIO_02170",189.380014857162,165.510433003113,179.138011180644,34.7251612645175,29.0301450855757,21.7680459140507
"IBPFAHIO_02171",63.5115903484384,81.7700353527282,59.7126703935481,11.8796604325981,13.6078805088636,8.90510969211165
"IBPFAHIO_02172",178.987209163781,183.243693682018,182.336904237442,25.5869609317497,32.6589132212727,15.8313061193096
"IBPFAHIO_02173",81.9876893588932,84.7255787992124,68.2430518783407,14.6211205324284,11.7934964410151,16.8207627517664
"IBPFAHIO_02174",0,0,0,0,0,0
"IBPFAHIO_02175",1.15475618815343,0,1.06629768559907,0,0,0
"IBPFAHIO_02176",0,0,0,0,0,0
"IBPFAHIO_02177",0,0,0,0,0,0
"IBPFAHIO_02178",0,0,0,0,0,0
"IBPFAHIO_02179",0,0,0,0,0,0
"IBPFAHIO_02180",10.3928056933808,14.7777172324208,22.3922513975806,16.448760598982,26.308568983803,21.7680459140507
"IBPFAHIO_02181",72.7496398536658,74.8737673109319,84.2375171623268,5.48292019966066,4.53596016962121,1.9789132649137
"IBPFAHIO_02182",85.4519579233535,67.9774992691355,71.441944935138,15.5349405657052,13.6078805088636,13.8523928543959
"IBPFAHIO_02183",64.6663465365918,78.8144919062441,95.9667917039167,21.0178607653659,27.2157610177273,12.862936221939
"IBPFAHIO_02184",62.356834160285,54.1849631855428,57.58007502235,13.7073004991516,7.25753627139394,12.862936221939
"IBPFAHIO_02185",466.521500013984,516.234921985899,500.093614545966,85.899083128017,106.141467969136,100.924576510599
"IBPFAHIO_02186",309.474658425118,341.857858643334,291.099268168547,28.3284210315801,30.8445291534242,27.7047857087918
"IBPFAHIO_02187",232.105993818838,186.199237128502,165.276141267856,2.74146009983033,0.907192033924242,4.94728316228425
"IBPFAHIO_02188",456.128694320603,457.124053056216,404.126822842049,43.8633615972853,44.4524096622879,40.5677219307308
"IBPFAHIO_02189",378.760029714323,336.931952899194,360.408617732487,11.8796604325981,14.5150725427879,17.8102193842233
"IBPFAHIO_02190",102.773300745655,128.073549347647,111.961256987903,1.82764006655355,3.62876813569697,1.9789132649137
"IBPFAHIO_02191",45.0354913379836,40.3924271019501,34.1215259391704,1.82764006655355,0,0.98945663245685
"IBPFAHIO_02192",15.0118304459945,16.7480795300769,11.7292745415898,0,0,0
"IBPFAHIO_02193",145.499279707332,162.554889556628,151.414271355069,4.56910016638388,5.44315220354545,8.90510969211165
"IBPFAHIO_02194",345.272100257874,323.139416815601,332.684877906911,21.0178607653659,10.8863044070909,19.789132649137
"IBPFAHIO_02195",58.8925655958247,61.0812312273392,62.9115634503454,1.82764006655355,0.907192033924242,1.9789132649137
"IBPFAHIO_02196",1127.04203963774,1205.86172616553,1123.87776062142,74.9332427286957,66.2250184764697,93.0089234509439
"IBPFAHIO_02197",0,0,0,0.913820033276776,0,0
"IBPFAHIO_02198",79.6781769825863,79.7996730550721,76.7734333631333,12.7934804658749,9.97911237316666,7.9156530596548
"IBPFAHIO_02199",249.42733664114,286.687714308963,277.237398255759,66.7088624292047,58.9674822050757,84.1038137588322
"IBPFAHIO_02200",460.747719073217,429.53898088903,459.574302493201,131.590084791856,184.159982886621,135.555558646588
"IBPFAHIO_02201",243.653555700373,221.665758486312,194.066178779031,87.7267231945705,87.9976272906515,76.1881606991774
"IBPFAHIO_02202",0,0,0,0,0,0
"IBPFAHIO_02203",0,0,0,0,0,0
"IBPFAHIO_02204",0,0,0,0,0,0
"IBPFAHIO_02205",0,0,0,0,0,0
"IBPFAHIO_02206",0,0,0,0,0,0
"IBPFAHIO_02208",0,0,0,0,0,0
"IBPFAHIO_02209",0,0,0,0,0,0
"IBPFAHIO_02210",0,0,0,0,0,0
"IBPFAHIO_02211",0,0,0,0,0,0
"IBPFAHIO_02212",0,0,0,0,0,0
"IBPFAHIO_02213",0,0,0,0,0,0
"IBPFAHIO_02214",28.8689047038356,32.5109779113257,33.0552282535713,42.0357215307317,40.8236415265909,30.6731556061623
"IBPFAHIO_02215",94.6900074285809,63.0515935249953,88.5027079047231,63.9674023293743,70.7609786460909,80.1459872290048
"IBPFAHIO_02216",0,0,1.06629768559907,0,0.907192033924242,0
"IBPFAHIO_02217",38.106954209063,52.2146008878867,30.9226328823731,28.3284210315801,19.0510327124091,24.7364158114212
"IBPFAHIO_02218",560.056751254411,554.656986790193,501.159912231565,201.954227354168,198.675055429409,219.659372405421
"IBPFAHIO_02219",543.890164620263,529.042276920663,473.436172405989,384.718234009523,439.080944419333,404.687762674852
"IBPFAHIO_02220",490.771379965206,513.279378539415,448.91132563721,402.080814641782,365.59838967147,380.940803495887
"IBPFAHIO_02221",3959.65896917809,4219.53086043054,3701.11926671439,5402.5040367323,5254.45626048921,5316.35048619065
"IBPFAHIO_02222",5889.25655958247,5894.33881343823,5460.51044795286,5164.91082808034,4639.38006148857,4496.09093788393
"IBPFAHIO_02223",421.486008676,405.894633317157,426.51907423963,298.819150881506,258.549729668409,257.258724438781
"IBPFAHIO_02224",49.6545160905973,37.4368836554659,44.7845027951611,53.001561930053,46.2667937301363,40.5677219307308
"IBPFAHIO_02225",30.0236608919891,34.4813402089818,34.1215259391704,35.6389812977943,26.308568983803,25.7258724438781
"IBPFAHIO_02226",48.4997599024439,52.2146008878867,42.651907423963,44.777181630562,51.7099459336818,45.5150050930151
"IBPFAHIO_02227",40.4164665853699,37.4368836554659,41.5856097383639,32.8975211979639,29.9373371195,24.7364158114212
"IBPFAHIO_02228",9.2380495052274,21.6739852742171,19.1933583407833,11.8796604325981,20.8654167802576,15.8313061193096
"IBPFAHIO_02229",235.570262383299,218.710215039827,223.922513975806,177.281086455695,163.294566106364,147.429038236071
"IBPFAHIO_02230",165.13013490594,186.199237128502,153.546866726267,112.399864093043,118.842156444076,145.450124971157
"IBPFAHIO_02231",788.698476508789,827.552165015563,837.043683195273,844.369710747741,813.751254430045,822.238461571642
"IBPFAHIO_02232",257.510629958214,211.813946998031,231.386597774999,134.331544891686,127.914076783318,153.365778030812
"IBPFAHIO_02233",20.7856113867617,25.6147098695293,22.3922513975806,42.0357215307317,30.8445291534242,38.5888086658171
"IBPFAHIO_02234",4.6190247526137,2.95554344648415,2.13259537119815,2.74146009983033,7.25753627139394,0.98945663245685
"IBPFAHIO_02235",38.106954209063,40.3924271019501,45.8508004807602,46.6048216971156,42.6380255944394,30.6731556061623
"IBPFAHIO_02236",326.796001247419,298.5098880949,307.093733452533,247.645229018006,198.675055429409,192.944043329086
"IBPFAHIO_02237",1316.4220544949,1268.91331969053,1290.22019957488,1537.95911600481,849.131743753091,880.616402886596
"IBPFAHIO_02238",923.80495052274,930.996185642508,832.778492452877,1238.22614509003,1057.78591155567,1219.01057118684
"IBPFAHIO_02239",108.547081686422,90.6366656921807,98.0993870751148,60.3121221962672,48.0811777979848,49.4728316228425
"IBPFAHIO_02240",1159.37521290604,1076.80299566906,1153.7340958182,977.787435606151,831.89509510853,837.080311058495
"IBPFAHIO_02241",1412.26681811164,1344.77226815029,1323.27542782845,702.727605589841,866.368392397651,763.860520256688
"IBPFAHIO_02242",3428.47112262752,3225.48308126304,3371.63328186427,1580.90865756882,1465.11513478765,1470.33255583088
"IBPFAHIO_02243",1314.1125421186,1469.89027405145,1378.7229074796,3551.10464931355,4074.19942435377,3792.5872722071
"IBPFAHIO_02244",158.201597777019,166.495614151941,192.999881093432,106.003123860106,120.656540511924,117.745339262365
"IBPFAHIO_02245",154.737329212559,128.073549347647,169.541332010253,466.962037004433,442.70971255503,469.002443784547
"IBPFAHIO_02246",445.735888627222,463.035139949184,427.585371925229,842.542070681188,886.326617143985,985.498805927022
"IBPFAHIO_02247",25.4046361393754,24.6295287207013,25.5911444543778,33.8113412312407,20.8654167802576,32.652068871076
"IBPFAHIO_02248",919.185925770126,902.425932326495,872.231506820042,1412.7657714459,1332.66509783471,1248.69427016054
"IBPFAHIO_02249",4916.95184915728,4736.75096356527,4773.81473842705,2661.04393690197,2564.63187990383,2515.19875970531
"IBPFAHIO_02250",642.044440613304,657.11582626831,617.386359961864,558.34404033211,538.872068151,536.285494791612
"IBPFAHIO_02251",4190.61020680878,4511.14448048365,4248.12997942671,4111.27632971222,4106.85833757504,4140.87600683192
"IBPFAHIO_02252",103.928056933808,111.32546981757,113.027554673502,44.777181630562,48.0811777979848,55.4095714175836
"IBPFAHIO_02253",348.736368822334,351.709670131614,315.624114937326,217.489167919873,238.591504922076,216.69100250805
"IBPFAHIO_02254",204.391845303156,217.725033890999,186.602094979838,203.781867420721,200.489439497258,204.817522918568
"IBPFAHIO_02255",109.701837874575,103.444020626945,89.5690055903222,98.6925635938918,89.8120113585,92.019466818487
"IBPFAHIO_02256",13.8570742578411,16.7480795300769,15.9944652839861,44.777181630562,59.874674239,54.4201147851267
"IBPFAHIO_02257",12.7023180696877,11.8221737859366,13.861869912788,37.4666213643478,31.7517211873485,27.7047857087918
"IBPFAHIO_02258",25.4046361393754,30.5406156136696,45.8508004807602,3.65528013310711,7.25753627139394,11.8734795894822
"IBPFAHIO_02259",5.77378094076713,0.985181148828051,2.13259537119815,1.82764006655355,0,3.9578265298274
"IBPFAHIO_02260",19.6308551986082,19.703622976561,12.7955722271889,32.8975211979639,28.1229530516515,34.6309821359897
"IBPFAHIO_02261",1169.76801859942,1149.70640068234,1136.67333284861,1592.78831800142,1627.50250886009,1601.93028794764
"IBPFAHIO_02262",1366.0765705855,1399.94241248466,1451.23115010034,2966.25982801642,3089.89606754597,3173.18742028912
"IBPFAHIO_02263",851.055310669074,813.75962893197,793.325478085711,549.205839999343,514.377883235045,507.591252450364
"IBPFAHIO_02264",721.722617595891,640.367746738233,616.320062276265,376.493853710032,381.020654248182,396.772109615197
"IBPFAHIO_02265",3583.20845184008,3382.1268839267,3336.4454582395,1856.88230761841,1862.46524564647,1803.77944096884
"IBPFAHIO_02266",3588.98223278085,3368.33434784311,3316.18580221312,2104.52753663642,2352.34894396556,2268.82405822356
"IBPFAHIO_02267",657.056271059299,610.812312273392,602.458192363477,452.340916472004,464.482321369212,476.918096844202
"IBPFAHIO_02268",88.9162264878137,104.429201775773,86.370112533525,63.0535822960976,73.4825547478636,91.0300101860302
"IBPFAHIO_02269",1916.89527233469,2128.97646261742,2201.90472076209,1491.3542943077,1536.78330546767,1520.79484408618
"IBPFAHIO_02270",34.6426856446028,18.718441827733,26.6574421399768,40.2080814641782,31.7517211873485,35.6204387684466
"IBPFAHIO_02271",65.8211027247452,66.0071369714794,72.508242620737,58.4844821297137,48.9883698319091,75.1987040667206
"IBPFAHIO_02272",732.115423289272,752.678397704631,710.154258608983,2080.76821577122,2209.91979463945,2304.444496992
"IBPFAHIO_02273",3038.16353103166,2981.15815635368,2813.95959229596,6075.98940125729,5976.58111949291,5597.3561698084
"IBPFAHIO_02274",400.700397289239,406.879814465985,384.933464501266,1524.25181550566,1360.78805088636,1457.46961960894
"IBPFAHIO_02275",742.508228982652,739.871042769866,633.38082524585,2566.92047347446,2472.09829244356,2520.1460428676
"IBPFAHIO_02276",146.654035895485,201.96213550975,137.552401442281,222.058268086257,291.208642889682,367.088410641491
"IBPFAHIO_02277",8560.20762278134,8914.90421574503,8808.68518073395,5518.55918095845,5007.70002726182,4888.90522096929
"IBPFAHIO_02278",7770.3543900844,7377.03644242445,7239.09498753211,1551.66641650397,1817.10564395026,1572.24658897393
"IBPFAHIO_02279",5474.69908803539,5490.41454241873,5378.40552616173,3109.72957324087,2992.82651991607,2906.03412952577
"IBPFAHIO_02280",1474.62365227192,1749.68172031862,1625.03767285299,322.578471746702,366.505581705394,375.004063701146
"IBPFAHIO_02282",1988.4901560002,2213.70204141663,2160.31911102372,441.375076072683,489.883698319091,492.749402963511
"IBPFAHIO_02283",31.1784170801425,50.2442385902306,39.4530143671657,133.417724858409,147.872301529651,153.365778030812
"IBPFAHIO_02284",419.176496299693,498.501661306994,488.364340004376,246.73140898473,292.115834923606,215.701545875593
"IBPFAHIO_02285",2800.28375627206,2768.35902820682,2600.70005517614,6303.5305895432,6502.75249916897,5988.19153962885
"IBPFAHIO_02286",428.414545804921,470.916589139808,467.038386292394,270.490729849926,253.106577464864,278.037313720375
"IBPFAHIO_02287",139.725498766564,128.073549347647,132.220913014285,243.076128851623,280.322338482591,260.227094336151
"IBPFAHIO_02288",118.939887379803,149.747534621864,106.629768559907,205.609507487275,213.190127972197,226.585568832619
"IBPFAHIO_02289",439.962107686455,426.583437442546,435.049455724422,811.472189549777,861.83243222803,846.974877383063
"IBPFAHIO_02290",2269.09590972148,2003.85845671626,2125.13128739895,1673.20448092978,1574.88537089248,1465.38527266859
"IBPFAHIO_02291",5284.16431699007,4994.86842455822,4883.64340004376,6944.11843287022,6107.216772378,6197.95634570971
"IBPFAHIO_02292",1431.89767331025,1351.66853619209,1521.60679734988,3255.94077856515,3401.06293518198,3320.61645852519
"IBPFAHIO_02293",4248.34801621645,4649.06984131957,4591.47783418961,415.788115140933,392.814150689197,406.666675939765
"IBPFAHIO_02294",479.223818083671,398.013184126533,427.585371925229,201.954227354168,235.869928820303,195.912413226456
"IBPFAHIO_02295",146744.106878161,143829.551460854,139270.207013781,1049.06539820174,835.523863244227,773.755086581256
"IBPFAHIO_02296",7975.90099157571,7440.08803594944,7450.22192928073,80.4161629283563,82.554475087106,85.0932703912891
"IBPFAHIO_02297",12620.3303803288,13864.4543074572,13312.7266047044,117.882784292704,100.698315765591,93.9983800834007
"IBPFAHIO_02298",11324.6939372206,12257.6238537186,11188.6616149911,137.986825024793,130.635652885091,150.397408133441
"IBPFAHIO_02299",23349.1701244623,24044.3311182974,22442.3673888037,381.062953876416,333.846668484121,359.172757581836
"IBPFAHIO_02300",20903.3965179533,20872.0478190711,18814.8226623957,366.441833343987,323.867556110954,332.457428505501
"IBPFAHIO_02301",28464.7400379819,29075.6512453623,26697.9614520296,536.412359533468,508.027538997576,462.076247357349
"IBPFAHIO_02302",4597.08438503879,4986.98697536759,4853.78706484698,2069.8023753719,2086.54167802576,2110.51099703046
"IBPFAHIO_02303",260.974898522674,428.553799740202,422.253883497233,184.591646721909,310.259675602091,284.963510147573
"IBPFAHIO_02304",12733.4964867678,12213.2907020213,11967.0589254784,18904.1950283967,18152.0054067902,18213.9176902657
"IBPFAHIO_02305",605.092242592395,629.530754101125,668.568648870619,474.272597270647,430.009024080091,521.44364530476
"IBPFAHIO_02306",1400.7192562301,1432.45339039599,1403.24775424838,2101.78607653659,1794.42584310215,1960.11358889702
"IBPFAHIO_02307",692.853712892055,610.812312273392,640.844909045043,1084.70437949953,1261.90411918862,1234.84187730615
"IBPFAHIO_02308",788.698476508789,661.056550863622,632.314527560251,1049.97921823502,969.788284265015,1009.24576510599
"IBPFAHIO_02309",1515.04011885729,1471.86063634911,1425.64000564596,2424.36454828329,2484.7989809185,2432.08440257894
"IBPFAHIO_02310",17610.0318693397,19510.5274713907,20015.4738563802,426.753955540255,399.164494926667,305.742099429167
"IBPFAHIO_02311",2172.09638991659,2219.6131283096,2403.43498334031,424.012495440424,454.503208996045,457.128964195065
"IBPFAHIO_02312",718.25834903143,671.893543500731,700.557579438592,144.383565257731,144.243533393954,143.471211706243
"IBPFAHIO_02313",182876.428005482,156984.675341155,173777.732715138,12060.5967991869,11605.7076899928,10910.7382861017
"IBPFAHIO_02314",2166.32260897583,2052.13233300883,2002.50705355506,1810.27748592129,1717.31452021859,1801.80052770392
"IBPFAHIO_02315",1904.192954265,1922.08842136353,1873.48503359757,1945.52285084626,2163.65300090932,2179.77296130244
"IBPFAHIO_02316",40.4164665853699,43.3479705484342,43.718205109562,10.9658403993213,11.7934964410151,15.8313061193096
"IBPFAHIO_02317",107.392325498269,123.147643603506,114.093852359101,109.658403993213,119.749348478,108.840229570253
"IBPFAHIO_02318",28.8689047038356,21.6739852742171,41.5856097383639,0,2.72157610177273,3.9578265298274
"IBPFAHIO_02319",31.1784170801425,35.4665213578098,53.3148842799537,10.0520203660445,4.53596016962121,4.94728316228425
"IBPFAHIO_02320",21.9403675749151,15.7628983812488,15.9944652839861,1.82764006655355,8.16472830531818,9.8945663245685
"IBPFAHIO_02321",12.7023180696877,7.88144919062441,12.7955722271889,9.13820033276776,18.1438406784848,10.8840229570253
"IBPFAHIO_02322",12.7023180696877,26.5998910183574,13.861869912788,53.001561930053,46.2667937301363,32.652068871076
"IBPFAHIO_02323",50.8092722787507,43.3479705484342,24.5248467687787,58.4844821297137,66.2250184764697,60.3568545798678
"IBPFAHIO_02324",2344.15506195145,2353.59776455021,2246.68922355725,2853.85996392337,2778.72919990995,2749.69998159759
"IBPFAHIO_02325",4.6190247526137,11.8221737859366,4.2651907423963,1.82764006655355,2.72157610177273,3.9578265298274
"IBPFAHIO_02326",3132.85353846024,2855.05496930369,2869.40707194711,3240.40583799945,2825.90318567401,2793.23607342569
"IBPFAHIO_02327",528.878334174269,484.709125223401,533.148842799537,641.501663360297,632.312847645197,611.484198858333
"IBPFAHIO_02328",12.7023180696877,9.85181148828051,8.53038148479259,96.8649235273383,102.512699833439,90.0405535535733
"IBPFAHIO_02329",6953.94176505993,6946.51228038659,6844.56484386046,9393.15612205199,8946.72783856088,8648.84042430532
"IBPFAHIO_02330",4054.34897660668,4207.70868664461,3891.98655243662,6073.24794115746,5297.09428608365,5325.25559588276
"IBPFAHIO_02331",18929.9181923991,15888.01638715,15808.9294866919,2317.4476043899,2097.42798243285,2486.50451736406
"IBPFAHIO_02332",17.3213428223014,17.7332606789049,17.0607629695852,21.9316807986426,23.5869928820303,20.7785892815938
"IBPFAHIO_02333",18.4760990104548,6.89626804179636,18.1270606551843,23.7593208651962,33.566105255197,23.7469591789644
"IBPFAHIO_02334",15948.337714587,14921.5536801497,15310.9684675171,12065.1658993533,11399.775098292,11076.9670003544
"IBPFAHIO_02335",88.9162264878137,68.9626804179636,86.370112533525,81.3299829616331,88.9048193245757,89.0510969211165
"IBPFAHIO_02336",1450.3737723207,1238.37270407686,1349.93286996843,1219.9497444245,1165.74176359265,1043.87674724198
"IBPFAHIO_02337",1375.31462009073,1253.15042130928,1320.07653477165,1180.6554829936,1036.01330274148,1005.28793857616
"IBPFAHIO_02338",2067.01357679463,1953.61421812603,1853.22537757119,1602.84033836747,1561.27749038362,1470.33255583088
"IBPFAHIO_02339",3109.75841469717,3092.48362617125,3017.62245024538,4169.76081184193,4255.63783113862,4252.68460629954
"IBPFAHIO_02340",6231.06439127588,6004.67910210697,6049.10677040355,4996.76794195741,5050.33805285626,5322.28722598539
"IBPFAHIO_02341",27.7141485156822,31.5257967624976,44.7845027951611,142.555925191177,116.120580342303,154.355234663269
"IBPFAHIO_02342",18.4760990104548,18.718441827733,20.2596560263824,86.8129031612938,97.0695476298939,104.882403040426
"IBPFAHIO_02343",543.890164620263,533.968182664804,472.36987472039,1802.0531056218,1700.98506360795,1740.4542164916
"IBPFAHIO_02344",5252.98589990993,5529.82178837185,4903.90305607014,943.97609437491,829.173519006757,1062.67642325866
"IBPFAHIO_02345",311.784170801425,383.235466894112,348.679343190897,217.489167919873,249.477809329167,248.353614746669
"IBPFAHIO_02346",540.425896055803,527.071914623007,453.176516379606,941.23463427508,963.437940027545,958.783476850687
"IBPFAHIO_02347",135.106474013951,119.206919008194,143.950187555875,41.1219014974549,28.1229530516515,58.3779413149541
"IBPFAHIO_02348",1234.43436513601,1100.44734324093,1189.98821712857,1027.1337174031,963.437940027545,941.962714098921
"IBPFAHIO_02349",1819.8957525298,1829.48139337369,1708.20889232972,2470.05554994713,2383.19347311898,2503.32528011583
"IBPFAHIO_02350",2866.1048589968,2757.52203556972,2868.34077426151,2555.04081304187,2549.20961532712,2593.3658336694
"IBPFAHIO_02351",844.126773540154,828.537346164391,823.181813282485,852.594091047232,890.862577313606,934.047061039266
"IBPFAHIO_02352",1168.61326241127,1134.92868344991,1064.16509022788,452.340916472004,426.380255944394,422.497982059075
"IBPFAHIO_02353",1101.63740349837,1074.8326333714,1114.28108145103,510.825398601718,478.997393912,521.44364530476
"IBPFAHIO_02354",4391.53778354748,4176.18288988211,4273.72112388109,7358.99272797788,6193.4000156008,5883.30913658843
"IBPFAHIO_02355",1209.02972899664,1318.17237713193,1193.18711018536,996.977656304963,1050.52837528427,1012.21413500336
"IBPFAHIO_02356",530.033090362422,546.775537599568,500.093614545966,853.507911080509,773.834804937379,850.932703912891
"IBPFAHIO_02357",10783.1132849767,10831.0815502156,9922.96626218498,1910.79768958174,1826.1775642895,1904.70401747944
"IBPFAHIO_02359",1.15475618815343,4.92590574414026,0,2.74146009983033,0,0
"IBPFAHIO_02360",2.30951237630685,3.9407245953122,4.2651907423963,0,0.907192033924242,0
"IBPFAHIO_02361",817.567381212625,903.411113475323,799.723264199305,106.003123860106,114.306196274455,134.566102014132
"IBPFAHIO_02362",176.677696787474,161.5697084078,182.336904237442,61.225942229544,76.2041308496363,75.1987040667206
"IBPFAHIO_02365",654.746758682992,601.945681933939,580.065940965896,150.780305490668,128.821268817242,141.492298441329
"IBPFAHIO_02366",11254.2538097433,12067.4838919948,11609.8492008027,1868.76196805101,1848.85736513761,1713.73888741526
"IBPFAHIO_02367",699.782250020976,640.367746738233,677.099030355412,360.958913144327,321.145980009182,309.699925958994
"IBPFAHIO_02368",1187.08936142172,1109.31397358039,1213.44676621175,930.268793875758,897.212921551075,890.510969211165
"IBPFAHIO_02369",788.698476508789,762.530209192912,860.502232278453,1885.21072864999,1728.20082462568,1726.6018236372
"IBPFAHIO_02370",1959.62125129636,2098.43584700375,1900.14247573755,746.590967187126,736.639931546485,761.881606991774
"IBPFAHIO_02371",2182.48919560997,2102.37657159906,2063.28602163421,895.543632611241,713.960130698379,808.386068717246
"IBPFAHIO_02372",1595.87305202803,1654.1191488823,1631.43545896658,816.955109749438,857.296472058409,779.691826375997
"IBPFAHIO_02373",22231.3661343297,20710.4781106633,21066.8433743809,29401.245750647,29236.9848693105,29717.340499209
"IBPFAHIO_02374",961.911904731803,915.23328726126,995.922038349535,2407.00196765103,2537.41611888611,2406.35853013506
"IBPFAHIO_02375",342.962587881567,407.864995614813,367.87270153168,646.070763526681,665.878952900394,662.935943746089
"IBPFAHIO_02376",2082.02540724063,1952.6290369772,1896.94358268075,2893.15422535427,2765.12131940109,2549.8297418413
"IBPFAHIO_02377",643.199196801458,765.485752639396,671.767541927417,117.882784292704,122.470924579773,135.555558646588
"IBPFAHIO_02378",9831.59418593826,9655.76043966373,9042.20437388015,17805.783348398,17845.3744993238,17312.5226980975
"IBPFAHIO_02379",2751.78399636961,2582.15979107832,2386.37422037073,2311.05086415697,2413.13081023848,2267.8346015911
"IBPFAHIO_02380",1527.74243692698,1528.01596183231,1385.1206935932,949.459014574571,900.841689686772,890.510969211165
"IBPFAHIO_02381",92.380495052274,102.458839478117,100.231982446313,328.975211979639,309.352483568167,301.784272899339
"IBPFAHIO_02382",28126.396474853,30252.9427182118,30439.6000307968,33907.2923347348,34094.0910189409,33121.0713148606
"IBPFAHIO_02383",9695.33295573616,9103.07381517119,9365.29257261667,11121.1898049784,11739.0649189797,11496.4966125161
"IBPFAHIO_02384",1257.52948889908,1411.7645862706,1382.988098222,1861.45140778479,2355.97771210126,2346.00167555519
"IBPFAHIO_02385",1475.77840846008,1493.53462162333,1577.05427700103,1746.31008359192,1629.31689292794,1809.71618076358
"IBPFAHIO_02386",2339.53603719884,2223.55385290491,2363.98196897315,2693.02763806666,2781.45077601173,2624.03898927557
"IBPFAHIO_02387",817.567381212625,768.44129608588,849.839255422462,535.498539500191,459.946361199591,479.886466741572
"IBPFAHIO_02388",773.686646062795,709.330427156197,648.308992844237,519.963598934486,588.767630016833,537.274951424069
"IBPFAHIO_02389",1945.76417703852,1949.67349353071,2062.21972394861,3809.71571873088,3986.20179706312,3947.93196350283
"IBPFAHIO_02390",691.698956703902,763.51539034174,717.618342408177,1134.05066129648,1225.61643783165,1315.97732116761
"IBPFAHIO_02391",727.496398536658,797.011549401893,762.402845203338,961.338675007169,888.141001211833,865.774553399743
"IBPFAHIO_02392",1391.48120672488,1318.17237713193,1280.62352040449,1123.08482089716,1143.06196274455,1099.28631865956
"IBPFAHIO_02393",2922.68791221632,2779.19602084393,2665.74421399768,1564.45989696984,1505.93877631424,1464.39581603614
"IBPFAHIO_02394",28.8689047038356,12.8073549347647,18.1270606551843,15.5349405657052,11.7934964410151,8.90510969211165
"IBPFAHIO_02395",357.974418327562,355.650394726926,372.137892274077,87.7267231945705,55.3387140693788,61.3463112123247
"IBPFAHIO_02396",767.912865122028,778.29310757416,793.325478085711,357.30363301122,364.691197637545,321.573405548476
"IBPFAHIO_02397",72.7496398536658,73.8885861621038,76.7734333631333,68.5365024957582,61.6890583068485,54.4201147851267
"IBPFAHIO_02398",33.4879294564493,19.703622976561,29.8563351967741,21.0178607653659,9.07192033924242,17.8102193842233
"IBPFAHIO_02399",11.5475618815343,14.7777172324208,20.2596560263824,12.7934804658749,25.4013769498788,17.8102193842233
"IBPFAHIO_02400",16.166586634148,13.7925360835927,17.0607629695852,25.5869609317497,21.7726088141818,21.7680459140507
"IBPFAHIO_02401",129.332693073184,104.429201775773,97.0330893895157,84.9852630947402,102.512699833439,78.1670739640911
"IBPFAHIO_02402",135.106474013951,113.295832115226,115.1601500447,88.6405432278473,85.2760511888788,98.945663245685
"IBPFAHIO_02403",199.772820550543,235.458294569904,235.651788517395,149.866485457391,141.521957292182,123.682079057106
"IBPFAHIO_02404",4798.01196177748,4647.09947902192,4656.52199301116,2825.53154289179,3000.99124822139,2738.81595864056
"IBPFAHIO_02405",3733.32675630002,3424.48967332631,3517.71606479134,3105.16047307449,3198.75911161688,3050.49479786447
"IBPFAHIO_02406",346.426856446028,406.879814465985,352.944533933293,68.5365024957582,68.0394025443182,92.019466818487
"IBPFAHIO_02407",68.1306151010521,60.0960500785111,55.4474796511518,76.7608827952492,64.4106344086212,80.1459872290048
"IBPFAHIO_02408",88.9162264878137,78.8144919062441,78.9060287343315,92.2958233609544,125.192500681545,112.798056100081
"IBPFAHIO_02409",5.77378094076713,7.88144919062441,6.39778611359444,9.13820033276776,14.5150725427879,22.7575025465075
"IBPFAHIO_02410",142.035011142871,180.288150235533,147.149080612672,165.401426023097,175.088062547379,160.29197445801
"IBPFAHIO_02411",418.02174011154,403.924271019501,355.077129304492,335.371952212577,358.340853400076,357.193844316923
"IBPFAHIO_02412",356.819662139408,394.07245953122,363.607510789284,180.022546555525,189.603135090167,229.553938729989
"IBPFAHIO_02413",791.007988885096,826.566983866735,855.170743850457,503.514838335504,499.862810692257,484.833749903856
"IBPFAHIO_02415",1093.55411018129,1015.72176444172,1010.85020594792,2981.79476858212,3030.02139330697,2921.86543564508
"IBPFAHIO_02416",7226.46422546413,6383.97384440577,6441.50431870401,2354.00040572098,2243.48589989465,2348.97004545256
"IBPFAHIO_02417",12488.6881748793,11610.3598389386,12135.5339598031,4644.94722914585,3989.83056519882,3878.66999923085
"IBPFAHIO_02418",19347.9399325106,18288.9028468439,18603.695720647,6766.83734641453,6138.06130153142,5775.45836365063
"IBPFAHIO_02419",2088.95394436955,2199.90950533304,2207.23620919008,1414.59341151245,1374.39593139523,1449.55396654928
"IBPFAHIO_02420",752.901034676033,813.75962893197,816.784027168891,806.903089383394,762.948500530288,829.16465799884
"IBPFAHIO_02421",2.30951237630685,2.95554344648415,5.33148842799537,9.13820033276776,11.7934964410151,3.9578265298274
"IBPFAHIO_02422",5.77378094076713,5.91108689296831,6.39778611359444,10.0520203660445,11.7934964410151,9.8945663245685
"IBPFAHIO_02423",0,1.9703622976561,0,1.82764006655355,0,1.9789132649137
"IBPFAHIO_02424",8.08329331707398,7.88144919062441,6.39778611359444,6.39674023293743,4.53596016962121,17.8102193842233
"IBPFAHIO_02425",1.15475618815343,0.985181148828051,1.06629768559907,6.39674023293743,3.62876813569697,3.9578265298274
"IBPFAHIO_02426",4.6190247526137,3.9407245953122,4.2651907423963,17.3625806322588,9.97911237316666,9.8945663245685
"IBPFAHIO_02427",25.4046361393754,22.6591664230452,41.5856097383639,62.1397622628208,55.3387140693788,47.4939183579288
"IBPFAHIO_02428",136.261230202104,121.17728130585,118.359043101497,159.004685790159,161.480182038515,152.376321398355
"IBPFAHIO_02429",31.1784170801425,28.5702533160135,28.790037511175,58.4844821297137,49.8955618658333,62.3357678447815
"IBPFAHIO_02430",30.0236608919891,31.5257967624976,38.3867166815667,39.2942614309014,47.1739857640606,43.5360918281014
"IBPFAHIO_02431",0,0.985181148828051,1.06629768559907,2.74146009983033,2.72157610177273,3.9578265298274
"IBPFAHIO_02432",5.77378094076713,8.86663033945246,1.06629768559907,21.0178607653659,17.2366486445606,20.7785892815938
"IBPFAHIO_02433",0,0.985181148828051,5.33148842799537,3.65528013310711,6.35034423746969,0.98945663245685
"IBPFAHIO_02434",19.6308551986082,21.6739852742171,19.1933583407833,47.5186417303924,40.8236415265909,49.4728316228425
"IBPFAHIO_02435",122.404155944263,113.295832115226,108.762363931106,289.680950548738,267.621650007651,269.132204028263
"IBPFAHIO_02436",32.3331732682959,49.2590574414026,39.4530143671657,88.6405432278473,104.327083901288,117.745339262365
"IBPFAHIO_02437",3.46426856446028,4.92590574414026,3.19889305679722,3.65528013310711,5.44315220354545,6.92619642719795
"IBPFAHIO_02438",1908.81197901761,2030.45834773461,2006.77224429746,2669.26831720146,2652.62950719448,2648.77540508699
"IBPFAHIO_02439",242.498799512219,283.732170862479,260.176635286174,180.936366588802,176.902446615227,156.334147928182
"IBPFAHIO_02440",717.103592843277,692.58234762612,603.524490049076,333.544312146023,279.415146448667,280.016226985288
"IBPFAHIO_02441",38.106954209063,44.3331516972623,40.5193120527648,36.5528013310711,33.566105255197,35.6204387684466
"IBPFAHIO_02442",43.8807351498302,40.3924271019501,53.3148842799537,30.1560610981336,29.0301450855757,48.4833749903856
"IBPFAHIO_02443",418.02174011154,450.227785014419,404.126822842049,173.625806322588,205.932591700803,180.081107107147
"IBPFAHIO_02444",262.129654710827,209.843584700375,364.673808474883,157.177045723606,166.016142208136,139.513385176416
"IBPFAHIO_02445",11.5475618815343,16.7480795300769,13.861869912788,5.48292019966066,5.44315220354545,3.9578265298274
"IBPFAHIO_02446",11.5475618815343,4.92590574414026,7.46408379919352,10.9658403993213,15.4222645767121,11.8734795894822
"IBPFAHIO_02447",2.30951237630685,4.92590574414026,7.46408379919352,8.22438029949099,9.07192033924242,7.9156530596548
"IBPFAHIO_02448",193.999039609775,179.302969086705,213.259537119815,247.645229018006,256.73534560056,231.532851994903
"IBPFAHIO_02449",588.925655958247,598.004957338627,590.728917821887,357.30363301122,396.442918824894,386.877543290628
"IBPFAHIO_02450",375.295761149863,368.457749661691,346.546747819699,309.784991280827,307.538099500318,325.531232078304
"IBPFAHIO_02451",360.283930703869,315.257967624976,339.082664020505,452.340916472004,404.607647130212,372.035693803775
"IBPFAHIO_02452",439.962107686455,425.598256293718,384.933464501266,346.337792611898,363.784005603621,319.594492283562
"IBPFAHIO_02453",460.747719073217,434.464886633171,442.513539523616,783.143768518197,707.609786460909,732.197908018069
"IBPFAHIO_02454",113.166106439036,111.32546981757,129.022019957488,104.175483793553,107.955852036985,120.713709159736
"IBPFAHIO_02455",556.592482689951,535.93854496246,521.419568257947,631.449642994252,603.282702559621,578.832129987257
"IBPFAHIO_02456",584.306631205633,569.434704022614,518.22067520115,1124.91246096371,1276.41919173141,1292.23036198865
"IBPFAHIO_02457",479.223818083671,533.968182664804,483.03285157638,644.243123460127,645.013536120136,658.978117216262
"IBPFAHIO_02458",11959.809840705,11287.220422123,11104.4240978288,12509.2824355258,11863.3502276273,11392.6036661082
"IBPFAHIO_02459",2030.06137877372,2057.05823875297,2048.35785403582,1934.55701044694,1863.37243768039,1900.74619094961
"IBPFAHIO_02460",2501.20190354032,2335.86450387131,2342.65601526117,1966.54071161162,2093.79921429715,1970.00815522159
"IBPFAHIO_02461",2960.79486642538,2872.7882299826,2799.03142469757,1945.52285084626,1781.72515462721,1847.31553279694
"IBPFAHIO_02462",6423.9086746975,6449.98098137725,6541.73630115032,2901.37860565377,2968.33233500012,2884.26608361172
"IBPFAHIO_02463",2012.74003595142,1896.473711494,2072.8827008046,1891.60746888293,1896.93854293559,1879.96760166801
"IBPFAHIO_02464",1728.67001366568,1589.09719305965,1706.07629695852,1044.49629803536,1147.59792291417,1157.66425997451
"IBPFAHIO_02465",1503.49255697576,1517.1789691952,1436.30298250195,1725.29222282655,1481.44459139829,1483.19549205282
"IBPFAHIO_02466",7793.44951384747,7415.45850722874,7143.1281958282,7426.61541044036,7193.12563698532,6938.06990678743
"IBPFAHIO_02467",877.614702996603,884.69267164759,873.297804505642,741.108046987466,655.899840527227,784.639109538282
"IBPFAHIO_02468",2030.06137877372,1922.08842136353,1905.47396416555,1635.73785956543,1739.08712903277,1717.69671394509
"IBPFAHIO_02469",6221.82634177065,5757.39863375113,5836.91353096933,4525.2368047866,3995.27371740236,3940.01631044318
"IBPFAHIO_02470",1603.95634534511,1513.23824459989,1488.55156909631,1262.8992859885,1176.62806799974,1171.51665282891
"IBPFAHIO_02471",10357.0082515481,10164.113912459,10127.69541782,10469.636121252,9325.93410874121,9297.92397519702
"IBPFAHIO_02472",14156.1561105728,13503.8780069861,13377.770763526,11300.2985315006,9960.06134045425,9572.99291902002
"IBPFAHIO_02473",7964.35342969417,7280.4886898393,7388.37666351598,5421.69425743111,4813.56093200203,5022.48186635097
"IBPFAHIO_02474",6000.1131536452,5891.38326999175,5792.12902817417,5815.5506917734,4641.19444555642,5017.53458318868
"IBPFAHIO_02475",64.6663465365918,73.8885861621038,79.9723264199305,164.48760598982,164.201758140288,188.986216799258
"IBPFAHIO_02476",27.7141485156822,27.5850721671854,37.3204189959676,148.952665424115,134.264421020788,129.618818851847
"IBPFAHIO_02477",102.773300745655,104.429201775773,105.563470874308,190.074566921569,170.552102377758,165.239257620294
"IBPFAHIO_02478",4930.80892341513,5712.08030090504,5534.08498825919,1607.40943853385,1651.08950174212,1734.51747669686
"IBPFAHIO_02479",384.533810655091,356.635575875755,379.60197607327,332.630492112747,269.4360340755,281.005683617745
"IBPFAHIO_02480",1323.35059162383,1266.94295739287,1304.08206948767,2087.16495600416,1967.69952158168,1792.89541801181
"IBPFAHIO_02481",1629.36098148448,1557.57139629715,1619.70618442499,1578.16719746899,1581.23571512995,1499.02679817213
"IBPFAHIO_02482",175.522940599321,183.243693682018,210.060644063018,383.804413976246,373.763117976788,362.141127479207
"IBPFAHIO_02483",526.568821797962,475.842494883949,473.436172405989,550.119660032619,478.090201878076,502.64396928808
"IBPFAHIO_02484",8194.1499111367,7997.70056618612,7622.96215434778,19157.3231776143,16700.4981525114,17174.988226186
"IBPFAHIO_02485",158.201597777019,157.628983812488,154.613164411866,91.3820033276776,78.9257069514091,87.0721836562028
"IBPFAHIO_02486",404.164665853699,417.716807103094,384.933464501266,242.162308818346,294.837411025379,251.32198464404
"IBPFAHIO_02487",563.521019818871,595.049413892143,551.275903454721,349.079252711729,383.742230349954,379.95134686343
"IBPFAHIO_02489",2837.23595429297,2783.13674543924,2690.26906076646,577.534261030923,648.642304255833,655.020290686434
"IBPFAHIO_02490",1998.88296169358,2133.90236836156,2394.90460185552,6891.11687094017,6571.69909374721,6908.38620781372
"IBPFAHIO_02491",59787.5016416436,62336.3520109461,63117.358903666,135789.087844763,159222.181066078,163352.363822199
"IBPFAHIO_02492",37350.5889058225,37488.113075205,37783.1921915176,62815.0752674123,58714.3756276109,59255.5893479434
"IBPFAHIO_02493",23739.4777160581,21732.110961998,22881.6820352705,65404.8412417187,61396.9424719249,57148.0467208103
"IBPFAHIO_02494",52587.596808507,52485.5257038144,51834.8630923422,98742.8236957221,97561.2457122808,102378.088303678
"IBPFAHIO_02495",1.15475618815343,1.9703622976561,0,0,0.907192033924242,0
"IBPFAHIO_02496",0,0.985181148828051,0,0,0,0.98945663245685
"IBPFAHIO_02497",2.30951237630685,3.9407245953122,5.33148842799537,4.56910016638388,2.72157610177273,4.94728316228425
"IBPFAHIO_02498",2473.48775502464,2310.24979400178,2384.24162499953,1174.25874276066,1223.8020537638,1167.55882629908
"IBPFAHIO_02499",1640.90854336602,1886.62190000572,1822.30274468882,3121.60923367347,2325.13318294783,2616.12333621591
"IBPFAHIO_02500",5837.29253111556,5390.9112463871,5558.60983502797,9411.43252271752,7435.34591004309,7552.52247554313
"IBPFAHIO_02501",1608.57537009772,1496.49016506981,1437.36928018755,945.803734441464,916.263954263484,910.300101860302
"IBPFAHIO_02502",1795.64587257858,1649.19324313816,1583.45206311462,699.072325456734,828.266326972833,764.849976889145
"IBPFAHIO_02503",2222.90566219534,2476.74540815372,2351.18639674596,1426.47307194505,1583.95729123173,1785.96922158461
"IBPFAHIO_02504",1179.00606810465,1073.84745222258,1136.67333284861,717.348726122269,729.382395275091,677.777793232942
"IBPFAHIO_02505",10046.3788369348,9671.52333804498,9647.86145930042,6933.1525924709,6489.1446186601,6090.10557277191
"IBPFAHIO_02506",1254.06522033462,1386.14987640107,1292.35279494608,985.097995872365,1082.28009647162,1101.26523192447
"IBPFAHIO_02507",4910.02331202836,5049.05338774376,4965.74832183489,5214.25710987729,5278.95044540516,5594.38779991103
"IBPFAHIO_02508",1577.39695301758,1466.93473060497,1453.36374547154,1716.15402249379,1704.61383174365,1701.86540782578
"IBPFAHIO_02509",3720.62443823034,3412.66749954037,3331.11396981151,4771.96821377133,4236.58679842621,4490.15419808918
"IBPFAHIO_02510",2751.78399636961,2727.96660110487,2335.19193146197,2883.10220498823,2935.67342177885,3178.1347034514
"IBPFAHIO_02511",18173.5528891586,17674.1498099752,16860.2990046926,17532.5511584482,17876.2190284772,17397.6159684888
"IBPFAHIO_02512",9408.95342107411,9726.69348237935,8731.91174737082,12344.794829536,12937.4655957936,11260.0164773589
"IBPFAHIO_02513",15038.3898383221,14295.9636506438,13705.1241530049,14780.1252182186,15610.9605197684,15732.3604560639
"IBPFAHIO_02514",8396.23224406355,7347.48100795961,7232.69720141852,6575.84895945968,6304.98463577348,5862.53054730683
"IBPFAHIO_02515",1684.78927851585,1552.64549055301,1609.043207569,1201.67334375896,1032.38453460579,1207.13709159736
"IBPFAHIO_02516",16909.0948631306,15482.1217538328,16643.8405745159,14423.7354052406,15050.3158428032,14753.7878465641
"IBPFAHIO_02517",891.471777254444,752.678397704631,886.09337673283,760.298267686278,613.261814932788,653.041377421521
"IBPFAHIO_02518",578.532850264866,507.368291646446,598.19300162108,413.96047507438,390.999766621348,402.708849409938
"IBPFAHIO_02519",468.831012390291,459.094415353872,476.635065462786,374.666213643478,290.301450855757,309.699925958994
"IBPFAHIO_02520",172.05867203486,182.258512533189,163.143545896658,153.521765590498,146.965109495727,124.671535689563
"IBPFAHIO_02521",168.5944034704,172.406701044909,180.204308866243,577.534261030923,463.575129335288,558.053540705663
"IBPFAHIO_02524",5033.58222416078,5957.39040696323,6261.30000983776,936.665534108696,1114.03181765897,1062.67642325866
"IBPFAHIO_02525",983.852272306718,1044.29201775773,999.120931406332,694.50322529035,664.064568832545,709.440405471561
"IBPFAHIO_02526",710.175055714356,682.730536137839,645.11009978744,424.012495440424,494.419658488712,484.833749903856
"IBPFAHIO_02527",137.415986390258,146.79199117538,141.817592184677,141.6421051579,128.821268817242,132.587188749218
"IBPFAHIO_02528",493.080892341513,546.775537599568,614.187466905067,369.183293443818,374.670310010712,381.930260128344
"IBPFAHIO_02529",36.9521980209096,30.5406156136696,36.2541213103685,81.3299829616331,89.8120113585,75.1987040667206
"IBPFAHIO_02530",42.7259789616767,36.4517025066379,43.718205109562,83.1576230281866,102.512699833439,106.86131630534
"IBPFAHIO_02531",41014.6302908334,41135.2536881664,42377.868918764,7292.28386554868,8005.96969938144,7212.14939397798
"IBPFAHIO_02532",20959.9795711728,20345.9610855969,19872.5899665099,14098.4154733941,13366.5674278398,13006.4074336453
"IBPFAHIO_02533",2520.83275873893,2328.96823582951,2301.0704055228,3111.55721330742,2740.62713448514,2742.77378517039
"IBPFAHIO_02534",4772.60732563811,4893.39476622893,4821.79813427901,3414.94546435531,3074.47380296926,3007.94816266882
"IBPFAHIO_02535",6891.58493089964,6053.93815954837,5962.73665787002,2983.62240864867,3010.97036059456,3077.2101269408
"IBPFAHIO_02536",1674.39647282247,1696.4819382819,1694.34702241693,1187.05222322653,1173.90649189797,1166.56936966663
"IBPFAHIO_02537",1570.46841588866,1477.77172324208,1349.93286996843,1073.73853910021,1033.29172663971,970.656956440169
"IBPFAHIO_02538",3048.55633672504,3059.97264825993,3024.02023635897,1328.69432838443,1261.90411918862,1249.683726793
"IBPFAHIO_02539",2338.38128101069,2103.36175274789,2093.14235683098,832.490050315143,742.990275783954,751.987040667206
"IBPFAHIO_02540",4368.44265978441,4562.3739002227,4348.36196187302,1950.09195101264,1944.11252869965,2023.43881337426
"IBPFAHIO_02541",3545.10149763102,3453.05992664232,3327.91507675471,1880.64162848361,1745.43747327024,1771.12737209776
"IBPFAHIO_02542",5187.16479718519,5123.92715505469,5041.45545751242,2305.56794395731,2795.96584855451,2715.0689994616
"IBPFAHIO_02543",189.380014857162,211.813946998031,216.458430176612,228.455008319194,213.190127972197,229.553938729989
"IBPFAHIO_02544",41.5712227735233,65.0219558226514,52.2485865943546,95.0372834607847,89.8120113585,108.840229570253
"IBPFAHIO_02545",11191.896975583,10530.601299823,10572.3415527148,7473.22023213748,7321.03971376863,7739.52977907748
"IBPFAHIO_02546",2100.50150625108,2251.1389250721,2402.36868565471,1483.12991400821,1483.25897546614,1472.31146909579
"IBPFAHIO_02547",254.046361393754,235.458294569904,248.447360744584,148.952665424115,143.33634136003,161.281431090466
"IBPFAHIO_02548",0,0,0,0.913820033276776,0.907192033924242,2.96836989737055
"IBPFAHIO_02549",2767.95058300376,2372.31620637795,2456.74986762027,2027.76665384117,1857.02209344292,1671.19225221962
"IBPFAHIO_02550",1389.17169434857,1459.05328141434,1471.49080612672,1155.98234209512,1239.22431834051,1199.2214385377
"IBPFAHIO_02551",7175.65495318538,6949.46782383307,6886.15045359882,4122.24217011154,3896.38978570462,3846.01793035977
"IBPFAHIO_02552",9151.44279111589,8544.47610378569,8520.7848056222,4826.79741576793,4817.18970013773,4646.48834601737
"IBPFAHIO_02553",1802.5744097075,1777.2667924858,1789.24751643525,687.192665024136,694.909097985969,697.566925882079
"IBPFAHIO_02554",17877.9353049913,17000.2859041768,17483.0168530824,5314.77731353773,5139.24287218083,4752.36020569025
"IBPFAHIO_02555",4234.49094195861,4313.12306956921,4026.3400608221,3782.30111773258,3716.76576298762,3922.20609105895
"IBPFAHIO_02556",10284.2586116944,10143.4251083336,10075.4468312256,12983.5550327964,12929.3008674883,12957.9240586549
"IBPFAHIO_02557",18921.834899082,18997.2480928513,19027.0159018299,8308.45174255245,8489.50305346306,8201.60602643483
"IBPFAHIO_02558",541.580652243956,531.997820367148,474.502470091588,3308.94234049521,3327.58038043412,3234.53373150144
"IBPFAHIO_02559",1.15475618815343,0,0,0.913820033276776,0.907192033924242,0.98945663245685
"IBPFAHIO_02560",415.712227735233,434.464886633171,473.436172405989,405.736094774889,469.925473572757,485.823206536313
"IBPFAHIO_02561",2563.5587377006,2509.25638606505,2569.77742229377,3648.88339287417,4683.83247115086,4043.90925685114
"IBPFAHIO_02562",1423.81437999317,1298.46875415537,1437.36928018755,1639.39313969854,1439.71375783777,1512.87919102652
"IBPFAHIO_02563",3405.37599886445,3324.00119614584,3390.82664020505,923.872053642821,860.018048160181,872.700749826941
"IBPFAHIO_02564",3299.13842955434,3312.17902235991,3293.79355081554,923.872053642821,910.820802059939,893.479339108535
"IBPFAHIO_02565",57.7378094076713,36.4517025066379,46.9170981663593,25.5869609317497,17.2366486445606,16.8207627517664
"IBPFAHIO_02566",88.9162264878137,86.6959410968685,120.491638472695,114.227504159597,125.192500681545,102.903489775512
"IBPFAHIO_02567",84.2972017352,86.6959410968685,90.6353032759213,84.9852630947402,118.842156444076,109.82968620271
"IBPFAHIO_02568",923.80495052274,939.862815981961,901.021544331217,212.920067753489,185.97436695447,182.06002037206
"IBPFAHIO_02569",840.662504975694,778.29310757416,737.877998434559,313.440271413934,324.774748144879,295.847533104598
"IBPFAHIO_02570",3363.80477609093,3104.30579995719,3309.78801609953,4109.44868964566,3794.7842779051,3855.91249668434
"IBPFAHIO_02571",9122.57388641206,8219.36632467243,8672.19907697727,13103.2654571557,11995.8002645803,11125.4503753448
"IBPFAHIO_02572",239.034530947759,255.161917546465,236.718086202994,405.736094774889,405.514839164136,448.223854502953
"IBPFAHIO_02573",546.19967699657,563.523617129645,598.19300162108,560.171680398664,595.117974254303,613.463112123247
"IBPFAHIO_02574",244.808311888526,194.080686319126,249.513658430183,604.948862029226,544.315220354545,533.317124894242
"IBPFAHIO_02575",43716.7597711124,47894.5815502757,44725.8564224532,42744.8458765545,46808.3873743891,47122.8721207575
"IBPFAHIO_02576",36948.7337523451,31870.6101645875,33593.7085847988,29885.5703682837,30400.0050568014,31342.0282897032
"IBPFAHIO_02577",163.975378717786,164.525251854285,198.331369521428,180.022546555525,185.067174920545,177.112737209776
"IBPFAHIO_02578",3364.95953227908,3121.05387948727,2966.44016133662,2336.63782508872,2184.51841768958,2068.95381846727
"IBPFAHIO_02579",10697.6613270533,9844.91522023872,9592.41397964927,7396.45934934223,7492.49900818032,7030.08937360592
"IBPFAHIO_02580",1840.68136391656,1808.7925892483,1846.8275914576,1205.32862389207,1226.52362986558,1239.78916046843
"IBPFAHIO_02581",1006.94739606979,867.944592117513,935.143070270388,823.351849982375,699.445058155591,744.071387607551
"IBPFAHIO_02582",6332.68293583338,6106.15276043626,5865.70356848051,6019.33255919413,5665.41425185689,5293.59298364415
"IBPFAHIO_02583",718.25834903143,752.678397704631,674.966434984214,902.854192877455,906.284841890318,836.090854426038
"IBPFAHIO_02584",282.915266097589,271.909997076542,294.298161225344,2762.4779605957,2773.28604770641,2673.51182089841
"IBPFAHIO_02585",2879.96193325464,2985.09888094899,2694.53425150886,11594.5485822157,11610.2436501625,11330.2678982634
"IBPFAHIO_02586",420.331252487847,425.598256293718,389.198655243662,1149.58560186218,1129.45408223568,1188.33741558068
"IBPFAHIO_02587",1441.13572281547,1514.22342574871,1394.71737276359,3028.39959027924,3104.41114008876,2813.02520607482
"IBPFAHIO_02588",1042.74483790254,1070.89190877609,1054.56841105748,1880.64162848361,1930.50464819079,1876.00977513819
"IBPFAHIO_02589",854.519579233535,791.100462508925,848.772957736863,1457.54295307646,1252.83219884938,1243.74698699826
"IBPFAHIO_02590",396.081372536625,389.14655378708,348.679343190897,1087.44583959936,1157.57703528733,1071.58153295077
"IBPFAHIO_02591",876.45994680845,854.15205603392,853.038148479259,2098.13079640348,1961.34917734421,1964.07141542685
"IBPFAHIO_02592",579.687606453019,593.079051594487,556.607391882717,1278.43422655421,1018.77665409692,992.42500235422
"IBPFAHIO_02593",535.806871303189,520.175646581211,476.635065462786,950.372834607847,962.530747993621,854.890530442718
"IBPFAHIO_02594",1531.20670549144,1534.9122298741,1355.26435839642,2575.14485377396,2394.98696956,2422.18983625437
"IBPFAHIO_02595",853.364823045381,776.322745276504,765.601738260135,1420.99015174539,1518.63946478918,1379.30254564485
"IBPFAHIO_02596",520.795040857195,456.138871907388,422.253883497233,1352.45364924963,1375.30312342915,1251.66264005791
"IBPFAHIO_02597",172.05867203486,187.18441827733,171.673927381451,623.225262694761,704.888210359136,597.631806003937
"IBPFAHIO_02598",385.688566843244,394.07245953122,394.530143671657,1189.79368332636,1130.36127426961,1061.6869666262
"IBPFAHIO_02599",297.927096543584,284.717352011307,242.04957463099,697.24468539018,635.941615780894,663.925400378546
"IBPFAHIO_02600",450.354913379836,519.190465432383,447.845027951611,1068.25561890055,1085.90886460732,994.403915619134
"IBPFAHIO_02601",312.938926989578,357.620757024583,342.281557077303,622.311442661485,531.614531879606,533.317124894242
"IBPFAHIO_02602",254.046361393754,232.50275112342,238.850681574193,618.656162528378,481.718970013773,488.791576433684
"IBPFAHIO_02603",532.342602738729,566.479160576129,581.132238651495,829.748590215313,766.577268665985,782.660196273368
"IBPFAHIO_02604",5.77378094076713,14.7777172324208,15.9944652839861,10.9658403993213,11.7934964410151,19.789132649137
"IBPFAHIO_02605",384.533810655091,365.502206215207,339.082664020505,720.0901862221,651.363880357606,651.062464156607
"IBPFAHIO_02606",830.269699282313,751.693216555803,777.331012801725,1119.42954076405,1421.56991715929,1225.93676761404
"IBPFAHIO_02607",33.4879294564493,46.3035139949184,46.9170981663593,14.6211205324284,9.07192033924242,8.90510969211165
"IBPFAHIO_02608",46.190247526137,53.1997820367148,71.441944935138,11.8796604325981,8.16472830531818,9.8945663245685
"IBPFAHIO_02609",28.8689047038356,27.5850721671854,31.9889305679722,15.5349405657052,20.8654167802576,12.862936221939
"IBPFAHIO_02610",6.92853712892055,5.91108689296831,6.39778611359444,3.65528013310711,4.53596016962121,7.9156530596548
"IBPFAHIO_02611",16.166586634148,20.6888041253891,12.7955722271889,16.448760598982,19.0510327124091,20.7785892815938
"IBPFAHIO_02612",1327.96961637644,1302.40947875068,1332.87210699884,5318.43259367084,5363.31930456012,5732.91172845499
"IBPFAHIO_02613",2844.16449142189,2777.22565854628,2688.13646539527,394.770254375567,304.816523398545,310.689382591451
"IBPFAHIO_02614",1192.86314236249,1182.21737859366,1001.25352677753,805.989269350117,633.220039679121,641.167897832039
"IBPFAHIO_02615",8806.17069085802,8389.80266341968,8713.78468671563,2588.85215427311,2426.73869074735,2480.56777756932
"IBPFAHIO_02616",5830.36399398664,5765.28008294176,5717.48819018223,4725.36339207421,4664.78143843845,4460.47049911548
"IBPFAHIO_02617",270.212948027901,226.591664230452,255.911444543778,588.500101430244,466.29670543706,509.570165715278
"IBPFAHIO_02618",1673.24171663431,1678.748677603,1650.62881730737,1110.29134043128,1188.42156444076,1128.97001763327
"IBPFAHIO_02619",3082.04426618149,3334.83818878295,3163.70523317245,6855.47788964238,6770.37414917662,6761.94662621011
"IBPFAHIO_02620",56.5830532195178,67.9774992691355,61.8452657647463,25.5869609317497,44.4524096622879,41.5571785631877
"IBPFAHIO_02621",11881.2864199106,11167.028321966,11089.4959302304,1913.53914968157,1761.76692988088,1507.93190786424
"IBPFAHIO_02622",26.5593923275288,39.407245953122,31.9889305679722,35.6389812977943,43.5452176283636,43.5360918281014
"IBPFAHIO_02623",93.5352512404274,57.140506632027,97.0330893895157,99.6063836271686,52.617137967606,95.9772933483144
"IBPFAHIO_02624",9296.94207082323,9928.6556178891,10175.678813672,14291.2315004155,12082.890699837,15008.0782011055
"IBPFAHIO_02625",2143.22748521276,2043.26570266938,2017.43522115345,2954.38016758382,3003.71282432317,2950.55967798633
"IBPFAHIO_02626",1198.63692330326,1110.29915472921,1106.81699765184,1610.15089863368,1192.95752461038,1276.39905586934
"IBPFAHIO_02627",4541.65608800742,4119.04238325008,4074.32345667406,6276.1159885449,5703.51631728171,5674.53378714003
"IBPFAHIO_02628",5873.08997294832,6285.45572952297,5656.70922210309,8166.80963739455,8216.43825125186,8461.83312077098
"IBPFAHIO_02629",524.259309421655,516.234921985899,547.010712712325,432.236875739915,402.793263062364,391.824826452912
"IBPFAHIO_02630",385.688566843244,370.428111959347,412.657204326842,278.715110149417,255.828153566636,282.984596882659
"IBPFAHIO_02631",133.951717825797,149.747534621864,146.082782927073,90.4681832944009,70.7609786460909,80.1459872290048
"IBPFAHIO_02632",1673.24171663431,1603.87491029207,1580.25317005783,1021.65079720344,929.871834772348,954.82565032086
"IBPFAHIO_02633",3642.1010174359,4088.50176763641,3658.46735929042,7822.29948484921,8391.52631379924,8791.32217937911
"IBPFAHIO_02634",2.30951237630685,0.985181148828051,0,1.82764006655355,0,2.96836989737055
"IBPFAHIO_02635",105.082813121962,110.340288668742,98.0993870751148,23.7593208651962,28.1229530516515,27.7047857087918
"IBPFAHIO_02636",270.212948027901,263.04336673709,286.834077426151,357.30363301122,372.855925942864,310.689382591451
"IBPFAHIO_02637",155.892085400712,131.029092794131,130.088317643087,114.227504159597,118.842156444076,92.019466818487
"IBPFAHIO_02638",1853.38368198625,1719.14110470495,1829.76682848801,1476.73317377527,1596.65797970667,1476.26929562562
"IBPFAHIO_02639",3314.15026000033,3382.1268839267,3287.39576470194,1792.91490528904,2006.70877904042,1956.15576236719
"IBPFAHIO_02640",48.4997599024439,51.2294197390587,56.5137773367509,33.8113412312407,20.8654167802576,38.5888086658171
"IBPFAHIO_02641",172.05867203486,134.969817389443,126.88942458629,80.4161629283563,80.7400910192575,88.0616402886596
"IBPFAHIO_02642",45.0354913379836,36.4517025066379,30.9226328823731,10.0520203660445,10.8863044070909,13.8523928543959
"IBPFAHIO_02643",13.8570742578411,15.7628983812488,17.0607629695852,3.65528013310711,6.35034423746969,6.92619642719795
"IBPFAHIO_02644",128.17793688503,84.7255787992124,101.298280131912,21.9316807986426,28.1229530516515,34.6309821359897
"IBPFAHIO_02645",45.0354913379836,47.2886951437465,73.5745403063361,36.5528013310711,27.2157610177273,33.6415255035329
"IBPFAHIO_02646",23.0951237630685,23.6443475718732,26.6574421399768,14.6211205324284,20.8654167802576,17.8102193842233
"IBPFAHIO_02647",2042.76369684341,2266.90182345335,2133.66166888375,1791.08726522248,1836.15667666267,1806.74781086621
"IBPFAHIO_02648",63.5115903484384,73.8885861621038,81.0386241055296,97.7787435606151,89.8120113585,89.0510969211165
"IBPFAHIO_02649",65.8211027247452,66.9923181203075,81.0386241055296,88.6405432278473,135.171613054712,109.82968620271
"IBPFAHIO_02650",0,0.985181148828051,0,0,2.72157610177273,0.98945663245685
"IBPFAHIO_02651",0,0,0,0,0,0.98945663245685
"IBPFAHIO_02652",1.15475618815343,3.9407245953122,0,1.82764006655355,1.81438406784848,0.98945663245685
"IBPFAHIO_02653",0,0,0,0.913820033276776,0,0
"IBPFAHIO_02654",1.15475618815343,2.95554344648415,0,0,0,0.98945663245685
"IBPFAHIO_02655",84.2972017352,78.8144919062441,71.441944935138,246.73140898473,270.343226109424,260.227094336151
"IBPFAHIO_02656",491.926136153359,526.086733474179,445.712432580413,100.520203660445,91.6263954263485,91.0300101860302
"IBPFAHIO_02657",8.08329331707398,17.7332606789049,3.19889305679722,7.31056026621421,33.566105255197,26.7153290763349
"IBPFAHIO_02658",3956.19470061363,4015.59836262314,3905.84842234941,2992.76060898144,2850.39737058997,2798.18335658797
"IBPFAHIO_02659",5.77378094076713,7.88144919062441,3.19889305679722,10.9658403993213,18.1438406784848,10.8840229570253
"IBPFAHIO_02660",10.3928056933808,13.7925360835927,8.53038148479259,14.6211205324284,25.4013769498788,19.789132649137
"IBPFAHIO_02661",61.2020779721315,50.2442385902306,59.7126703935481,49.3462817969459,50.8027538997576,59.367397947411
"IBPFAHIO_02662",199.772820550543,214.769490444515,222.856216290206,201.040407320891,220.447664243591,215.701545875593
"IBPFAHIO_02663",146.654035895485,163.540070705456,153.546866726267,488.893717803075,427.287447978318,553.106257543379
"IBPFAHIO_02664",807.174575519244,846.270606843296,813.585134112093,268.663089783372,217.726088141818,240.437961687014
"IBPFAHIO_02665",1.15475618815343,0.985181148828051,0,0,0,0
"IBPFAHIO_02666",56.5830532195178,80.7848542039002,50.1159912231565,61.225942229544,82.554475087106,74.2092474342637
"IBPFAHIO_02667",339.498319317107,335.946771750365,297.497054282142,837.972970514804,808.3081022265,785.628566170739
"IBPFAHIO_02668",6502.43209549194,6061.819608739,6084.29459402832,2449.95150921504,2287.93830955694,2371.72754799907
"IBPFAHIO_02669",1853.38368198625,1875.78490736861,1765.78896735207,784.971408584751,860.018048160181,806.407155452332
"IBPFAHIO_02670",1639.75378717786,1732.93364078854,1746.59560901128,1497.75103454064,1228.33801393342,1229.89459414386
"IBPFAHIO_02671",859.138603986148,837.403976503843,879.695590619236,758.470627619724,702.166634257363,681.735619762769
"IBPFAHIO_02672",5915.81595191,6352.44804764327,6040.57638891875,4835.02179606742,4515.09475284095,4469.37560880759
"IBPFAHIO_02673",323.331732682959,313.28760532732,329.485984850114,421.271035340594,403.700455096288,358.18330094938
"IBPFAHIO_02674",316.403195554038,347.768945536302,351.878236247694,413.046655041103,387.370998485651,370.056780538862
"IBPFAHIO_02675",839.50774878754,805.878179741346,819.982920225688,559.257860365387,545.222412388469,508.580709082821
"IBPFAHIO_02676",4605.16767835586,4224.45676617468,4449.66024200494,15624.4949289663,18147.4694466205,21804.6558094516
"IBPFAHIO_02677",506.937966599354,613.767855719876,569.402964109905,3980.60006495364,3055.42277025685,3465.07712686389
"IBPFAHIO_02678",370.676736397249,330.035684857397,329.485984850114,347.251612645175,399.164494926667,365.109497376578
"IBPFAHIO_02679",713.639324278817,704.404521412057,669.634946556218,911.992393210223,1126.73250613391,1217.03165792192
"IBPFAHIO_02680",2348.77408670407,2210.74649797015,2223.23067447407,2621.74967547107,2453.04725973115,2439.01059900613
"IBPFAHIO_02681",4308.39533800043,5094.37172058985,4514.70440082648,13860.8222647421,17451.6531566006,17735.0206801566
"IBPFAHIO_02682",73.9043960418192,84.7255787992124,73.5745403063361,266.835449716819,221.354856277515,233.511765259817
"IBPFAHIO_02683",12.7023180696877,19.703622976561,15.9944652839861,19.1902206988123,8.16472830531818,18.7996760166801
"IBPFAHIO_02684",0,0,0,1.82764006655355,0,0.98945663245685
"IBPFAHIO_02685",3.46426856446028,1.9703622976561,0,0.913820033276776,0.907192033924242,0
"IBPFAHIO_02686",1.15475618815343,0.985181148828051,1.06629768559907,0,0,0
"IBPFAHIO_02687",33.4879294564493,35.4665213578098,30.9226328823731,34.7251612645175,29.9373371195,37.5993520333603
"IBPFAHIO_02688",0,0,0,0,0,0
"IBPFAHIO_02689",21.9403675749151,37.4368836554659,30.9226328823731,52.0877418967763,29.0301450855757,33.6415255035329
"IBPFAHIO_02690",6.92853712892055,2.95554344648415,2.13259537119815,8.22438029949099,9.97911237316666,9.8945663245685
"IBPFAHIO_02691",0,0,1.06629768559907,0,0.907192033924242,0
"IBPFAHIO_02692",4.6190247526137,2.95554344648415,2.13259537119815,0.913820033276776,2.72157610177273,1.9789132649137
"IBPFAHIO_02693",0,0,0,0.913820033276776,0.907192033924242,0
"IBPFAHIO_02694",0,0,0,0,0,0
"IBPFAHIO_02695",5.77378094076713,1.9703622976561,3.19889305679722,2.74146009983033,8.16472830531818,7.9156530596548
"IBPFAHIO_02696",1900.72868570054,1833.422117969,1775.38564652246,928.441153809205,840.967015447772,924.152494714698
"IBPFAHIO_02697",881.078971561063,827.552165015563,805.054752627301,349.993072745005,303.002139330697,313.657752488821
"IBPFAHIO_02698",5.77378094076713,6.89626804179636,3.19889305679722,8.22438029949099,14.5150725427879,13.8523928543959
"IBPFAHIO_02699",24.2498799512219,18.718441827733,21.3259537119815,35.6389812977943,56.245906103303,48.4833749903856
"IBPFAHIO_02700",0,1.9703622976561,0,0,0,0
"IBPFAHIO_02701",15.0118304459945,20.6888041253891,10.6629768559907,29.2422410648568,31.7517211873485,42.5466351956445
"IBPFAHIO_02702",5.77378094076713,2.95554344648415,6.39778611359444,16.448760598982,6.35034423746969,5.9367397947411
"IBPFAHIO_02703",4.6190247526137,6.89626804179636,6.39778611359444,15.5349405657052,13.6078805088636,10.8840229570253
"IBPFAHIO_02704",19.6308551986082,18.718441827733,18.1270606551843,35.6389812977943,64.4106344086212,52.441201520213
"IBPFAHIO_02705",57.7378094076713,61.0812312273392,60.7789680791472,111.486044059767,120.656540511924,127.639905586934
"IBPFAHIO_02706",41.5712227735233,55.1701443343709,40.5193120527648,51.1739218634995,47.1739857640606,51.4517448877562
"IBPFAHIO_02707",34.6426856446028,37.4368836554659,44.7845027951611,64.8812223626511,73.4825547478636,48.4833749903856
"IBPFAHIO_02708",54.273540843211,63.0515935249953,74.6408379919352,633.277283060806,671.322105103939,706.472035574191
"IBPFAHIO_02709",114.320862627189,117.236556710538,120.491638472695,436.805975906299,432.730600181863,407.656132572222
"IBPFAHIO_02710",241.344043324066,212.799128146859,254.845146858179,972.30451540649,924.428682568803,931.078691141896
"IBPFAHIO_02711",1811.81245921272,1570.37875123191,1541.86645337626,2739.63245976378,2366.86401650835,2397.45342044295
"IBPFAHIO_02712",110.856594062729,122.162462454678,105.563470874308,136.15918495824,146.057917461803,128.62936221939
"IBPFAHIO_02713",34.6426856446028,36.4517025066379,35.1878236247694,26.5007809650265,38.1020654248182,22.7575025465075
"IBPFAHIO_02714",10.3928056933808,5.91108689296831,7.46408379919352,15.5349405657052,10.8863044070909,9.8945663245685
"IBPFAHIO_02715",28.8689047038356,22.6591664230452,31.9889305679722,31.0698811314104,24.4941849159545,23.7469591789644
"IBPFAHIO_02716",12.7023180696877,18.718441827733,18.1270606551843,34.7251612645175,28.1229530516515,25.7258724438781
"IBPFAHIO_02717",2.30951237630685,1.9703622976561,5.33148842799537,6.39674023293743,2.72157610177273,1.9789132649137
"IBPFAHIO_02718",16.166586634148,11.8221737859366,13.861869912788,10.0520203660445,12.7006884749394,7.9156530596548
"IBPFAHIO_02719",27.7141485156822,25.6147098695293,26.6574421399768,15.5349405657052,13.6078805088636,11.8734795894822
"IBPFAHIO_02720",8.08329331707398,13.7925360835927,17.0607629695852,9.13820033276776,9.97911237316666,6.92619642719795
"IBPFAHIO_02721",11.5475618815343,5.91108689296831,12.7955722271889,11.8796604325981,19.9582247463333,8.90510969211165
"IBPFAHIO_02722",41.5712227735233,57.140506632027,39.4530143671657,53.9153819633298,57.1530981372273,39.578265298274
"IBPFAHIO_02723",30.0236608919891,29.5554344648415,35.1878236247694,39.2942614309014,31.7517211873485,37.5993520333603
"IBPFAHIO_02724",0,0.985181148828051,0,0,0,0.98945663245685
"IBPFAHIO_02725",0,0,0,0,0,0
"IBPFAHIO_02726",1542.75426737298,1637.37106935222,1650.62881730737,463.306756871326,554.294332727712,566.958650397775
"IBPFAHIO_02727",6.92853712892055,6.89626804179636,6.39778611359444,8.22438029949099,9.07192033924242,4.94728316228425
"IBPFAHIO_02728",3.46426856446028,1.9703622976561,3.19889305679722,0.913820033276776,1.81438406784848,0.98945663245685
"IBPFAHIO_02729",55.4282970313644,63.0515935249953,67.1767541927417,64.8812223626511,52.617137967606,66.2935943746089
"IBPFAHIO_02730",77.3686646062795,69.9478615667916,45.8508004807602,63.0535822960976,68.0394025443182,60.3568545798678
"IBPFAHIO_02731",1199.79167949141,1196.99509582608,1225.17604075334,642.415483393574,656.807032561151,646.115180994323
"IBPFAHIO_02732",150.118304459945,154.673440366004,168.475034324654,58.4844821297137,66.2250184764697,69.2619642719795
"IBPFAHIO_02733",49.6545160905973,39.407245953122,45.8508004807602,66.7088624292047,61.6890583068485,64.3146811096952
"IBPFAHIO_02734",12.7023180696877,5.91108689296831,7.46408379919352,12.7934804658749,7.25753627139394,9.8945663245685
"IBPFAHIO_02735",12.7023180696877,13.7925360835927,7.46408379919352,15.5349405657052,19.9582247463333,24.7364158114212
"IBPFAHIO_02736",8.08329331707398,10.8369926371086,14.928167598387,10.9658403993213,18.1438406784848,19.789132649137
"IBPFAHIO_02737",46.190247526137,42.3627893996062,39.4530143671657,55.7430220298834,48.9883698319091,49.4728316228425
"IBPFAHIO_02738",42.7259789616767,51.2294197390587,47.9833958519583,67.6226824624814,48.9883698319091,66.2935943746089
"IBPFAHIO_02739",0,0,0,0.913820033276776,0,0
"IBPFAHIO_02740",317.557951742192,338.90231519685,331.618580221312,746.590967187126,746.619043919651,783.649652905825
"IBPFAHIO_02741",33.4879294564493,35.4665213578098,46.9170981663593,59.3983021629905,70.7609786460909,59.367397947411
"IBPFAHIO_02742",226.332212878071,221.665758486312,182.336904237442,282.370390282524,197.767863395485,195.912413226456
"IBPFAHIO_02743",145.499279707332,148.762353473036,145.016485241474,128.848624692025,108.863044070909,109.82968620271
"IBPFAHIO_02744",366.057711644636,372.398474257003,413.723502012441,272.318369916479,320.238787975257,246.374701481756
"IBPFAHIO_02745",352.200637386795,323.139416815601,315.624114937326,275.973650049586,278.507954414742,254.29035454141
"IBPFAHIO_02746",0,0,0,0,0,0
"IBPFAHIO_02747",9.2380495052274,9.85181148828051,13.861869912788,18.2764006655355,18.1438406784848,19.789132649137
"IBPFAHIO_02748",4.6190247526137,7.88144919062441,2.13259537119815,7.31056026621421,8.16472830531818,7.9156530596548
"IBPFAHIO_02749",21.9403675749151,17.7332606789049,25.5911444543778,9.13820033276776,18.1438406784848,10.8840229570253
"IBPFAHIO_02750",361.438686892022,391.116916084736,357.20972467569,2513.91891154441,2536.50892685218,2319.28634647886
"IBPFAHIO_02751",33.4879294564493,55.1701443343709,43.718205109562,340.854872412238,215.004512040045,231.532851994903
"IBPFAHIO_02752",185.915746292701,177.332606789049,198.331369521428,676.226824624815,713.052938664454,647.10463762678
"IBPFAHIO_02753",0,0.985181148828051,0,0,0,0
"IBPFAHIO_02754",2.30951237630685,1.9703622976561,3.19889305679722,0.913820033276776,2.72157610177273,1.9789132649137
"IBPFAHIO_02755",63.5115903484384,67.9774992691355,50.1159912231565,68.5365024957582,50.8027538997576,53.4306581526699
"IBPFAHIO_02756",46.190247526137,40.3924271019501,42.651907423963,53.001561930053,42.6380255944394,44.5255484605582
"IBPFAHIO_02757",60.0473217839781,45.3183328460903,47.9833958519583,62.1397622628208,53.5243300015303,50.4622882552993
"IBPFAHIO_02758",19.6308551986082,19.703622976561,17.0607629695852,10.9658403993213,10.8863044070909,9.8945663245685
"IBPFAHIO_02759",11.5475618815343,5.91108689296831,9.59667917039167,2.74146009983033,9.97911237316666,5.9367397947411
"IBPFAHIO_02760",78.5234207944329,86.6959410968685,97.0330893895157,43.8633615972853,30.8445291534242,45.5150050930151
"IBPFAHIO_02761",57.7378094076713,46.3035139949184,54.3811819655528,52.0877418967763,52.617137967606,45.5150050930151
"IBPFAHIO_02762",124.71366832057,119.206919008194,118.359043101497,17.3625806322588,26.308568983803,28.6942423412486
"IBPFAHIO_02763",16275.1337158344,15173.7600542496,15501.8357532393,1776.46614469005,1918.71115174977,1806.74781086621
"IBPFAHIO_02764",2921.53315602817,2749.64058637909,2852.34630897752,2059.75035500585,2046.62522853309,1978.9132649137
"IBPFAHIO_02765",2246.00078595841,2263.94628000686,2249.88811661405,1946.43667087953,1983.12178615839,1760.24334914074
"IBPFAHIO_02766",8.08329331707398,5.91108689296831,15.9944652839861,9.13820033276776,22.6798008481061,20.7785892815938
"IBPFAHIO_02767",191.689527233469,208.858403551547,174.872820438248,133.417724858409,154.222645767121,138.523928543959
"IBPFAHIO_02768",90.0709826759672,85.7107599480404,97.0330893895157,45.6910016638388,34.4732972891212,47.4939183579288
"IBPFAHIO_02769",554.282970313644,566.479160576129,603.524490049076,411.219014974549,431.823408147939,479.886466741572
"IBPFAHIO_02770",366.057711644636,373.383655405831,331.618580221312,276.887470082863,275.78637831297,269.132204028263
"IBPFAHIO_02771",309.474658425118,358.605938173411,327.353389478916,225.713548219364,210.468551870424,241.427418319471
"IBPFAHIO_02772",190.534771045315,186.199237128502,178.071713495045,191.902206988123,177.809638649151,182.06002037206
"IBPFAHIO_02773",3.46426856446028,3.9407245953122,8.53038148479259,2.74146009983033,4.53596016962121,4.94728316228425
"IBPFAHIO_02774",9.2380495052274,3.9407245953122,5.33148842799537,7.31056026621421,23.5869928820303,17.8102193842233
"IBPFAHIO_02775",70.4401274773589,83.7403976503844,77.8397310487324,31.9837011646872,30.8445291534242,28.6942423412486
"IBPFAHIO_02776",51.9640284669041,46.3035139949184,60.7789680791472,74.0194226954189,91.6263954263485,98.945663245685
"IBPFAHIO_02777",38959.1642759203,37238.8622445515,35054.5364140696,945.803734441464,899.934497652848,834.111941161124
"IBPFAHIO_02778",11663.0375003496,11388.6940804523,10318.5627035422,518.135958867932,516.192267302894,451.192224400323
"IBPFAHIO_02779",3200.98415356129,3043.22456872985,2850.21371360632,196.471307154507,158.758605936742,183.049477004517
"IBPFAHIO_02780",230.951237630685,234.473113421076,186.602094979838,45.6910016638388,45.3596016962121,33.6415255035329
"IBPFAHIO_02781",303.700877484351,299.495069243728,301.762245024538,57.5706620964369,55.3387140693788,66.2935943746089
"IBPFAHIO_02782",48.4997599024439,49.2590574414026,50.1159912231565,9.13820033276776,9.07192033924242,11.8734795894822
"IBPFAHIO_02783",36.9521980209096,61.0812312273392,61.8452657647463,21.0178607653659,23.5869928820303,20.7785892815938
"IBPFAHIO_02784",879.92421537291,881.737128201106,825.314408653683,665.260984225493,680.394025443182,656.009747318891
"IBPFAHIO_02785",18.4760990104548,17.7332606789049,17.0607629695852,18.2764006655355,31.7517211873485,26.7153290763349
"IBPFAHIO_02786",517.330772292734,470.916589139808,426.51907423963,386.545874076076,315.702827805636,364.120040744121
"IBPFAHIO_02787",2.30951237630685,2.95554344648415,3.19889305679722,2.74146009983033,2.72157610177273,0
"IBPFAHIO_02788",147.808792083638,166.495614151941,158.878355154262,103.261663760276,123.378116613697,92.019466818487
"IBPFAHIO_02789",91.2257388641206,122.162462454678,95.9667917039167,198.29894722106,156.03702983497,163.26034435538
"IBPFAHIO_02790",627.03261016731,616.72339916636,631.248229874652,607.690322129056,593.303590186454,609.505285593419
"IBPFAHIO_02791",56.5830532195178,55.1701443343709,61.8452657647463,119.710424359258,163.294566106364,157.323604560639
"IBPFAHIO_02792",435.343082933841,418.701988251922,413.723502012441,540.981459699852,548.851180524166,554.095714175836
"IBPFAHIO_02793",8.08329331707398,10.8369926371086,4.2651907423963,33.8113412312407,55.3387140693788,71.2408775368932
"IBPFAHIO_02794",367.212467832789,405.894633317157,347.613045505298,455.082376571835,469.018281538833,504.622882552993
"IBPFAHIO_02795",503.473698034893,485.694306372229,467.038386292394,453.254736505281,446.338480690727,461.086790724892
"IBPFAHIO_02796",21.9403675749151,27.5850721671854,42.651907423963,14.6211205324284,22.6798008481061,22.7575025465075
"IBPFAHIO_02797",143.189767331025,145.806810026552,156.745759783064,117.882784292704,110.677428138758,77.1776173316343
"IBPFAHIO_02798",271.367704216055,250.236011802325,247.381063058985,253.128149217667,265.807265939803,255.279811173867
"IBPFAHIO_02799",230.951237630685,198.021410914438,198.331369521428,314.354091447211,244.941849159545,258.248181071238
"IBPFAHIO_02800",1719.43196416045,1654.1191488823,1597.31393302741,2290.0330033916,2266.16570074276,2270.80297148847
"IBPFAHIO_02801",24.2498799512219,24.6295287207013,23.4585490831796,39.2942614309014,30.8445291534242,25.7258724438781
"IBPFAHIO_02802",0,0,1.06629768559907,1.82764006655355,1.81438406784848,1.9789132649137
"IBPFAHIO_02803",68.1306151010521,93.5922091386649,94.9004940183176,38.3804413976246,46.2667937301363,44.5255484605582
"IBPFAHIO_02804",9.2380495052274,16.7480795300769,15.9944652839861,31.9837011646872,35.3804893230454,32.652068871076
"IBPFAHIO_02805",2.30951237630685,3.9407245953122,5.33148842799537,3.65528013310711,0.907192033924242,0.98945663245685
"IBPFAHIO_02806",30.0236608919891,24.6295287207013,39.4530143671657,6.39674023293743,6.35034423746969,0
"IBPFAHIO_02807",237.879774759606,180.288150235533,197.265071835829,170.884346222757,117.934964410151,153.365778030812
"IBPFAHIO_02808",222.867944313611,209.843584700375,221.789918604607,75.8470627619724,68.9465945782424,69.2619642719795
"IBPFAHIO_02809",720.567861407737,792.085643657753,767.734333631333,207.437147553828,217.726088141818,224.606655567705
"IBPFAHIO_02810",1112.03020919175,1106.3584301339,1033.2424573455,303.38825104789,310.259675602091,311.678839223908
"IBPFAHIO_02811",377.60527352617,359.591119322239,361.474915418086,131.590084791856,130.635652885091,138.523928543959
"IBPFAHIO_02812",204.391845303156,151.71789691952,152.480569040668,48.4324617636691,48.0811777979848,49.4728316228425
"IBPFAHIO_02813",132.796961637644,145.806810026552,146.082782927073,36.5528013310711,41.7308335605151,53.4306581526699
"IBPFAHIO_02814",142.035011142871,122.162462454678,126.88942458629,53.001561930053,39.9164494926667,68.2725076395226
"IBPFAHIO_02815",260.974898522674,248.265649504669,246.314765373386,131.590084791856,117.934964410151,111.808599467624
"IBPFAHIO_02816",15.0118304459945,14.7777172324208,20.2596560263824,21.0178607653659,28.1229530516515,19.789132649137
"IBPFAHIO_02817",219.403675749151,165.510433003113,247.381063058985,131.590084791856,136.985997122561,133.576645381675
"IBPFAHIO_02818",698.627493832822,684.700898435496,901.021544331217,144.383565257731,119.749348478,113.787512732538
"IBPFAHIO_02819",15.0118304459945,15.7628983812488,20.2596560263824,16.448760598982,14.5150725427879,11.8734795894822
"IBPFAHIO_02820",13.8570742578411,26.5998910183574,13.861869912788,21.9316807986426,20.8654167802576,20.7785892815938
"IBPFAHIO_02821",71.5948836655124,94.5773902874929,97.0330893895157,74.0194226954189,64.4106344086212,88.0616402886596
"IBPFAHIO_02822",38.106954209063,34.4813402089818,35.1878236247694,49.3462817969459,43.5452176283636,42.5466351956445
"IBPFAHIO_02823",55.4282970313644,67.9774992691355,61.8452657647463,63.0535822960976,65.3178264425454,74.2092474342637
"IBPFAHIO_02824",138.570742578411,144.821628877724,146.082782927073,120.624244392534,135.171613054712,142.481755073786
"IBPFAHIO_02825",219.403675749151,204.917678956235,223.922513975806,243.076128851623,276.693570346894,243.406331584385
"IBPFAHIO_02826",133.951717825797,117.236556710538,134.353508385483,243.989948884899,236.777120854227,236.480135157187
"IBPFAHIO_02827",170.903915846707,158.614164961316,165.276141267856,548.292019966066,541.593644252772,595.652892739024
"IBPFAHIO_02828",195.153795797929,182.258512533189,185.535797294239,420.357215307317,378.299078146409,434.371461648557
"IBPFAHIO_02829",57.7378094076713,71.9182238644477,62.9115634503454,166.315246056373,186.881558988394,183.049477004517
"IBPFAHIO_02830",658.211027247452,715.241514049165,699.491281752992,1514.19979513962,1397.07573224333,1438.66994359226
"IBPFAHIO_02831",391.462347784011,418.701988251922,370.005296902879,802.33398921701,752.062196123197,765.839433521602
"IBPFAHIO_02832",35.7974418327562,40.3924271019501,28.790037511175,48.4324617636691,65.3178264425454,70.2514209044363
"IBPFAHIO_02833",2666.33203844626,2800.87000611815,2679.60608391047,6469.84583559958,5838.68793033642,5453.88495810215
"IBPFAHIO_02834",1785.2530668852,1893.51816804751,1836.16461460161,3672.64271373936,4233.86522232444,4088.4348053117
"IBPFAHIO_02835",72.7496398536658,109.355107519914,67.1767541927417,175.453446389141,144.243533393954,176.123280577319
"IBPFAHIO_02836",3.46426856446028,2.95554344648415,2.13259537119815,3.65528013310711,6.35034423746969,2.96836989737055
"IBPFAHIO_02837",117.785131191649,123.147643603506,102.364577817511,154.435585623775,153.315453733197,137.534471911502
"IBPFAHIO_02838",175.522940599321,170.436338747253,159.944652839861,212.920067753489,212.282935938273,227.575025465075
"IBPFAHIO_02839",1.15475618815343,0.985181148828051,0,1.82764006655355,0,0
"IBPFAHIO_02840",0,0.985181148828051,1.06629768559907,0.913820033276776,0,0
"IBPFAHIO_02841",5.77378094076713,2.95554344648415,8.53038148479259,3.65528013310711,2.72157610177273,3.9578265298274
"IBPFAHIO_02842",23.0951237630685,34.4813402089818,29.8563351967741,15.5349405657052,16.3294566106364,6.92619642719795
"IBPFAHIO_02843",237.879774759606,245.310106058185,208.994346377418,136.15918495824,134.264421020788,139.513385176416
"IBPFAHIO_02844",480.378574271825,558.597711385505,518.22067520115,442.28889610596,446.338480690727,408.645589204679
"IBPFAHIO_02845",84.2972017352,91.6218468410088,87.4364102191241,90.4681832944009,103.419891867364,93.9983800834007
"IBPFAHIO_02846",65.8211027247452,61.0812312273392,69.3093495639398,30.1560610981336,39.9164494926667,32.652068871076
"IBPFAHIO_02847",329.105513623726,352.694851280442,360.408617732487,438.633615972853,425.47306391047,439.318744810841
"IBPFAHIO_02848",267.903435651595,325.109779113257,308.160031138132,132.503904825133,190.510327124091,155.344691295725
"IBPFAHIO_02849",16.166586634148,11.8221737859366,7.46408379919352,17.3625806322588,14.5150725427879,19.789132649137
"IBPFAHIO_02850",1269.07705078061,1255.12078360694,1214.51306389735,296.077690781676,313.888443737788,350.267647889725
"IBPFAHIO_02851",55.4282970313644,43.3479705484342,34.1215259391704,13.7073004991516,21.7726088141818,15.8313061193096
"IBPFAHIO_02852",451.509669567989,439.390792377311,383.867166815667,440.461256039406,519.821035438591,489.781033066141
"IBPFAHIO_02853",1817.58624015349,1797.95559661119,1798.84419560564,1158.72380219495,1204.75102105139,1169.537739564
"IBPFAHIO_02854",974.614222801491,887.648215094074,885.027079047231,475.186417303924,455.41040102997,437.339831545928
"IBPFAHIO_02855",369.521980209096,430.524162037858,395.596441357256,272.318369916479,325.681940178803,276.058400455461
"IBPFAHIO_02856",355.664905951255,377.324380001144,345.4804501341,585.758641330414,601.468318491772,659.967573848719
"IBPFAHIO_02857",31.1784170801425,37.4368836554659,31.9889305679722,56.6568420631601,80.7400910192575,74.2092474342637
"IBPFAHIO_02858",681.306151010521,699.478615667916,700.557579438592,837.059150481527,961.623555959697,877.648032989226
"IBPFAHIO_02859",2131.67992333122,1935.88095744712,1935.33029936232,962.252495040446,1074.1153681663,997.372285516504
"IBPFAHIO_02860",0,1.9703622976561,0,0,0,0
"IBPFAHIO_02861",86.6067141115069,128.073549347647,104.497173188709,129.762444725302,138.800381190409,144.4606683387
"IBPFAHIO_02862",0,0,0,0,0,0
"IBPFAHIO_02863",233.260750006992,265.998910183574,223.922513975806,470.61731713754,396.442918824894,425.466351956445
"IBPFAHIO_02864",84.2972017352,89.6514845433527,61.8452657647463,279.628930182694,272.157610177273,309.699925958994
"IBPFAHIO_02865",286.379534662049,283.732170862479,296.430756596543,548.292019966066,514.377883235045,524.41201520213
"IBPFAHIO_02866",99.3090321811946,99.5032960316332,75.7071356775343,129.762444725302,106.141467969136,117.745339262365
"IBPFAHIO_02867",2.30951237630685,0,1.06629768559907,0,1.81438406784848,1.9789132649137
"IBPFAHIO_02868",12.7023180696877,10.8369926371086,6.39778611359444,11.8796604325981,6.35034423746969,11.8734795894822
"IBPFAHIO_02869",38.106954209063,40.3924271019501,43.718205109562,34.7251612645175,49.8955618658333,37.5993520333603
"IBPFAHIO_02870",147.808792083638,174.377063342565,185.535797294239,119.710424359258,107.955852036985,120.713709159736
"IBPFAHIO_02871",282.915266097589,320.183873369117,310.29262650933,165.401426023097,173.27367847953,214.712089243136
"IBPFAHIO_02872",414.55747154708,487.664668669885,425.45277655403,2688.45853790028,2588.21887278586,2674.50127753086
"IBPFAHIO_02873",1083.16130448791,1099.46216209211,1107.88329533744,7531.70471426719,8106.66801514703,7790.98152396523
"IBPFAHIO_02874",193.999039609775,202.947316658579,228.187704718202,4153.31205124295,4711.04823216859,4642.53051948754
"IBPFAHIO_02875",175.522940599321,161.5697084078,185.535797294239,168.142886122927,222.262048311439,156.334147928182
"IBPFAHIO_02876",170.903915846707,163.540070705456,158.878355154262,905.595652977285,832.802287142454,800.470415657591
"IBPFAHIO_02877",2.30951237630685,0,1.06629768559907,0.913820033276776,0,0
"IBPFAHIO_02878",296.77234035543,346.783764387474,375.336785330874,30.1560610981336,44.4524096622879,37.5993520333603
"IBPFAHIO_02879",279.450997533129,259.102642141777,249.513658430183,171.798166256034,217.726088141818,197.89132649137
"IBPFAHIO_02880",140.880254954718,120.192100157022,107.696066245506,166.315246056373,196.860671361561,182.06002037206
"IBPFAHIO_02881",12.7023180696877,14.7777172324208,11.7292745415898,6.39674023293743,3.62876813569697,10.8840229570253
"IBPFAHIO_02882",12.7023180696877,5.91108689296831,7.46408379919352,9.13820033276776,6.35034423746969,8.90510969211165
"IBPFAHIO_02883",6833.84712149197,7134.68187981275,6837.10076006126,2883.10220498823,3102.59675602091,3139.54589478558
"IBPFAHIO_02884",301.391365108044,303.43579383904,260.176635286174,451.427096438728,389.1853825535,349.278191257268
"IBPFAHIO_02885",525.414065609808,528.057095771835,500.093614545966,788.626688717858,830.080711040682,694.598555984708
"IBPFAHIO_02886",125.868424508723,126.103187049991,119.425340787096,261.352529517158,262.178497804106,274.079487190547
"IBPFAHIO_02887",28.8689047038356,23.6443475718732,28.790037511175,33.8113412312407,42.6380255944394,42.5466351956445
"IBPFAHIO_02888",312.938926989578,338.90231519685,387.066059872464,818.782749815992,684.022793578879,667.883226908373
"IBPFAHIO_02889",96.9995198048877,112.310650966398,105.563470874308,138.90064505807,140.614765258258,141.492298441329
"IBPFAHIO_02890",1264.458026028,1322.11310172724,1342.46878616923,926.613513742651,954.366019688303,898.42662227082
"IBPFAHIO_02891",4.6190247526137,3.9407245953122,6.39778611359444,2.74146009983033,4.53596016962121,0.98945663245685
"IBPFAHIO_02892",35.7974418327562,66.0071369714794,49.0496935375574,169.97052618948,188.695943056242,209.764806080852
"IBPFAHIO_02893",11.5475618815343,24.6295287207013,14.928167598387,52.0877418967763,46.2667937301363,53.4306581526699
"IBPFAHIO_02894",20.7856113867617,26.5998910183574,25.5911444543778,16.448760598982,17.2366486445606,15.8313061193096
"IBPFAHIO_02895",19.6308551986082,20.6888041253891,26.6574421399768,10.9658403993213,12.7006884749394,13.8523928543959
"IBPFAHIO_02896",17.3213428223014,14.7777172324208,23.4585490831796,8.22438029949099,6.35034423746969,5.9367397947411
"IBPFAHIO_02897",31.1784170801425,31.5257967624976,25.5911444543778,11.8796604325981,11.7934964410151,7.9156530596548
"IBPFAHIO_02898",5.77378094076713,0.985181148828051,3.19889305679722,0.913820033276776,3.62876813569697,4.94728316228425
"IBPFAHIO_02899",3.46426856446028,1.9703622976561,3.19889305679722,0.913820033276776,0.907192033924242,0
"IBPFAHIO_02900",2.30951237630685,5.91108689296831,6.39778611359444,3.65528013310711,1.81438406784848,0.98945663245685
"IBPFAHIO_02901",5.77378094076713,4.92590574414026,9.59667917039167,4.56910016638388,6.35034423746969,1.9789132649137
"IBPFAHIO_02902",69.2853712892055,65.0219558226514,50.1159912231565,22.8455008319194,17.2366486445606,16.8207627517664
"IBPFAHIO_02903",821.031649777085,719.182238644477,764.535440574536,349.993072745005,269.4360340755,279.026770352832
"IBPFAHIO_02904",155.892085400712,142.851266580067,147.149080612672,88.6405432278473,94.3479715281212,95.9772933483144
"IBPFAHIO_02905",1419.19535524056,1331.96491321553,1295.55168800287,702.727605589841,703.981018325212,672.830510070658
"IBPFAHIO_02906",862.602872550609,807.848542039002,803.988454941702,394.770254375567,349.268933060833,383.909173393258
"IBPFAHIO_02907",47.3450037142904,54.1849631855428,47.9833958519583,12.7934804658749,19.9582247463333,22.7575025465075
"IBPFAHIO_02908",219.403675749151,256.147098695293,244.182170002188,113.31368412632,91.6263954263485,87.0721836562028
"IBPFAHIO_02909",241.344043324066,266.984091332402,245.248467687787,83.1576230281866,88.9048193245757,100.924576510599
"IBPFAHIO_02910",356.819662139408,410.820539061297,391.33125061486,128.848624692025,141.521957292182,137.534471911502
"IBPFAHIO_02911",19.6308551986082,28.5702533160135,23.4585490831796,7.31056026621421,6.35034423746969,3.9578265298274
"IBPFAHIO_02912",75.0591522299726,78.8144919062441,74.6408379919352,39.2942614309014,39.9164494926667,25.7258724438781
"IBPFAHIO_02913",63.5115903484384,65.0219558226514,51.1822889087555,20.1040407320891,24.4941849159545,19.789132649137
"IBPFAHIO_02914",308.319902236964,267.96927248123,265.508123714169,95.0372834607847,98.8839316977424,89.0510969211165
"IBPFAHIO_02915",32.3331732682959,38.422064804294,51.1822889087555,20.1040407320891,13.6078805088636,15.8313061193096
"IBPFAHIO_02916",39.2617103972165,48.2738762925745,28.790037511175,11.8796604325981,23.5869928820303,21.7680459140507
"IBPFAHIO_02917",40.4164665853699,36.4517025066379,51.1822889087555,17.3625806322588,28.1229530516515,19.789132649137
"IBPFAHIO_02918",236.725018571452,232.50275112342,235.651788517395,116.968964259427,114.306196274455,98.945663245685
"IBPFAHIO_02919",23.0951237630685,13.7925360835927,11.7292745415898,6.39674023293743,6.35034423746969,7.9156530596548
"IBPFAHIO_02920",153.582573024406,131.029092794131,156.745759783064,63.9674023293743,58.0602901711515,57.3884846824973
"IBPFAHIO_02921",112.011350250882,116.25137556171,98.0993870751148,42.9495415640085,48.0811777979848,36.6098954009034
"IBPFAHIO_02922",60.0473217839781,58.125687780855,47.9833958519583,34.7251612645175,24.4941849159545,34.6309821359897
"IBPFAHIO_02923",1.15475618815343,0,0,0,0,0
"IBPFAHIO_02924",0,0,0,0,0,0
"IBPFAHIO_02925",0,0,0,0,0,0
"IBPFAHIO_02926",0,0,0,0,0,0
"IBPFAHIO_02927",45.0354913379836,58.125687780855,44.7845027951611,25.5869609317497,16.3294566106364,16.8207627517664
"IBPFAHIO_02928",161.66586634148,170.436338747253,167.408736639055,71.2779625955886,72.5753627139394,60.3568545798678
"IBPFAHIO_02929",1.15475618815343,0,3.19889305679722,0.913820033276776,0.907192033924242,1.9789132649137
"IBPFAHIO_02930",590.0804121464,609.827131124564,525.684759000343,156.263225690329,196.860671361561,172.165454047492
"IBPFAHIO_02931",663.984808188219,576.33097206441,628.049336817855,238.507028685239,228.612392548909,225.596112200162
"IBPFAHIO_02932",122.404155944263,115.266194412882,105.563470874308,35.6389812977943,22.6798008481061,34.6309821359897
"IBPFAHIO_02933",124.71366832057,132.014273942959,141.817592184677,95.0372834607847,94.3479715281212,68.2725076395226
"IBPFAHIO_02934",1013.87593319871,988.136692274535,988.457954550341,967.735415240106,1006.07596562198,1114.12816814641
"IBPFAHIO_02935",1660.53939856463,1747.71135802096,1717.80557150011,528.187979233977,509.841923065424,524.41201520213
"IBPFAHIO_02936",135.106474013951,137.925360835927,164.209843582257,37.4666213643478,45.3596016962121,48.4833749903856
"IBPFAHIO_02937",928.423975275354,882.722309349934,881.828185990434,148.038845390838,155.129837801045,133.576645381675
"IBPFAHIO_02938",815.257868836318,681.745354989011,859.435934592854,201.954227354168,150.593877631424,183.049477004517
"IBPFAHIO_02939",938.816780968735,937.892453684305,1009.78390826232,345.423972578621,308.445291534242,323.55231881339
"IBPFAHIO_02940",1292.17217454368,1249.20969671397,1338.20359542684,551.033480065896,499.862810692257,484.833749903856
"IBPFAHIO_02941",326.796001247419,332.006047155053,327.353389478916,152.607945557222,132.450036952939,137.534471911502
"IBPFAHIO_02942",368.367224020943,389.14655378708,405.193120527648,238.507028685239,286.67268272006,235.49067852473
"IBPFAHIO_02943",336.034050752647,368.457749661691,405.193120527648,164.48760598982,179.624022717,181.070563739603
"IBPFAHIO_02944",444.581132439069,423.627893996062,503.292507602763,170.884346222757,147.872301529651,134.566102014132
"IBPFAHIO_02945",70.4401274773589,86.6959410968685,91.7016009615204,30.1560610981336,29.0301450855757,31.6626122386192
"IBPFAHIO_02946",254.046361393754,247.280468355841,258.044039914976,88.6405432278473,95.2551635620454,104.882403040426
"IBPFAHIO_02947",456.128694320603,398.013184126533,417.988692754837,133.417724858409,103.419891867364,125.66099232202
"IBPFAHIO_02948",677.841882446061,633.471478696437,622.717848389859,1126.74010103027,1298.19180054559,1254.63100995529
"IBPFAHIO_02949",0,0.985181148828051,2.13259537119815,2.74146009983033,2.72157610177273,2.96836989737055
"IBPFAHIO_02950",0,0.985181148828051,0,0,0,0
"IBPFAHIO_02951",0,0,0,0,3.62876813569697,3.9578265298274
"IBPFAHIO_02952",0,0.985181148828051,1.06629768559907,0.913820033276776,0,0
"IBPFAHIO_02953",0,0,0,0,0,0
"IBPFAHIO_02954",48.4997599024439,51.2294197390587,37.3204189959676,71.2779625955886,47.1739857640606,66.2935943746089
"IBPFAHIO_02955",42.7259789616767,44.3331516972623,47.9833958519583,95.0372834607847,84.3688591549545,100.924576510599
"IBPFAHIO_02956",75.0591522299726,84.7255787992124,87.4364102191241,137.073004991516,134.264421020788,139.513385176416
"IBPFAHIO_02957",6.92853712892055,2.95554344648415,3.19889305679722,2.74146009983033,4.53596016962121,5.9367397947411
"IBPFAHIO_02958",159.356353965173,151.71789691952,138.61869912788,286.939490448908,251.292193397015,270.12166066072
"IBPFAHIO_02959",474.604793331058,419.68716940075,417.988692754837,424.012495440424,535.243300015303,467.023530519633
"IBPFAHIO_02960",346.426856446028,327.080141410913,312.425221880529,358.217453044496,303.002139330697,301.784272899339
"IBPFAHIO_02961",676.687126257907,633.471478696437,618.452657647463,184.591646721909,192.324711191939,203.828066286111
"IBPFAHIO_02962",19.6308551986082,17.7332606789049,15.9944652839861,15.5349405657052,19.0510327124091,17.8102193842233
"IBPFAHIO_02963",15.0118304459945,13.7925360835927,12.7955722271889,8.22438029949099,5.44315220354545,6.92619642719795
"IBPFAHIO_02964",35.7974418327562,39.407245953122,28.790037511175,25.5869609317497,21.7726088141818,22.7575025465075
"IBPFAHIO_02965",92.380495052274,112.310650966398,109.828661616705,82.2438029949099,92.5335874602727,84.1038137588322
"IBPFAHIO_02966",530.033090362422,576.33097206441,519.286972886749,425.840135506978,470.832665606682,502.64396928808
"IBPFAHIO_02967",8.08329331707398,17.7332606789049,22.3922513975806,15.5349405657052,12.7006884749394,15.8313061193096
"IBPFAHIO_02968",46.190247526137,60.0960500785111,51.1822889087555,64.8812223626511,59.874674239,59.367397947411
"IBPFAHIO_02969",8291.14943094159,10058.6995295344,9162.69601235284,2131.94213763472,2567.35345600561,2395.47450717803
"IBPFAHIO_02970",7259.95215492058,7182.95575610532,7466.21639456472,1158.72380219495,1348.08736241142,1093.34957886482
"IBPFAHIO_02971",206.701357679463,227.57684537928,250.579956115782,194.643667087953,206.839783734727,203.828066286111
"IBPFAHIO_02972",1109.72069681544,1164.48411791476,1090.82253236785,892.802172511411,734.825547478636,699.545839146993
"IBPFAHIO_02973",282.915266097589,289.643257755447,274.038505198962,296.077690781676,243.127465091697,199.870239756284
"IBPFAHIO_02974",18.4760990104548,16.7480795300769,8.53038148479259,16.448760598982,20.8654167802576,17.8102193842233
"IBPFAHIO_02975",183.606233916395,190.139961723814,147.149080612672,184.591646721909,149.6866855975,168.207627517664
"IBPFAHIO_02976",4.6190247526137,7.88144919062441,5.33148842799537,12.7934804658749,9.97911237316666,15.8313061193096
"IBPFAHIO_02977",152.427816836252,126.103187049991,150.347973669469,332.630492112747,353.804893230454,383.909173393258
"IBPFAHIO_02978",254.046361393754,268.954453630058,252.712551486981,369.183293443818,388.278190519576,443.276571340669
"IBPFAHIO_02979",6.92853712892055,9.85181148828051,10.6629768559907,34.7251612645175,39.9164494926667,40.5677219307308
"IBPFAHIO_02980",226.332212878071,243.339743760529,234.585490831796,678.968284724645,668.600529002166,642.157354464495
"IBPFAHIO_02981",665.139564376373,758.589484597599,700.557579438592,1060.94505863434,1309.07810495268,1162.6115431368
"IBPFAHIO_02982",27.7141485156822,28.5702533160135,31.9889305679722,53.9153819633298,57.1530981372273,46.5044617254719
"IBPFAHIO_02983",33.4879294564493,36.4517025066379,52.2485865943546,65.7950423959279,53.5243300015303,54.4201147851267
"IBPFAHIO_02984",2.30951237630685,2.95554344648415,6.39778611359444,6.39674023293743,2.72157610177273,2.96836989737055
"IBPFAHIO_02985",3.46426856446028,1.9703622976561,3.19889305679722,10.0520203660445,8.16472830531818,11.8734795894822
"IBPFAHIO_02986",3.46426856446028,4.92590574414026,7.46408379919352,13.7073004991516,4.53596016962121,7.9156530596548
"IBPFAHIO_02987",50.8092722787507,48.2738762925745,37.3204189959676,86.8129031612938,69.8537866121666,70.2514209044363
"IBPFAHIO_02988",0,0,0,0,0,0
"IBPFAHIO_02989",34.6426856446028,48.2738762925745,43.718205109562,63.0535822960976,71.6681706800151,76.1881606991774
"IBPFAHIO_02990",39.2617103972165,34.4813402089818,38.3867166815667,63.9674023293743,58.0602901711515,52.441201520213
"IBPFAHIO_02991",4.6190247526137,7.88144919062441,17.0607629695852,29.2422410648568,18.1438406784848,28.6942423412486
"IBPFAHIO_02992",236.725018571452,203.932497807407,203.662857949423,33.8113412312407,35.3804893230454,26.7153290763349
"IBPFAHIO_02993",120.094643567956,86.6959410968685,104.497173188709,23.7593208651962,19.0510327124091,22.7575025465075
"IBPFAHIO_02994",8.08329331707398,9.85181148828051,14.928167598387,0.913820033276776,3.62876813569697,2.96836989737055
"IBPFAHIO_02995",15.0118304459945,16.7480795300769,17.0607629695852,14.6211205324284,13.6078805088636,11.8734795894822
"IBPFAHIO_02996",10.3928056933808,12.8073549347647,12.7955722271889,24.673140898473,23.5869928820303,26.7153290763349
"IBPFAHIO_02997",19.6308551986082,27.5850721671854,10.6629768559907,29.2422410648568,29.0301450855757,28.6942423412486
"IBPFAHIO_02998",17.3213428223014,12.8073549347647,19.1933583407833,32.8975211979639,27.2157610177273,31.6626122386192
"IBPFAHIO_02999",17.3213428223014,40.3924271019501,38.3867166815667,84.9852630947402,56.245906103303,72.23033416935
"IBPFAHIO_03000",21.9403675749151,22.6591664230452,25.5911444543778,46.6048216971156,29.9373371195,39.578265298274
"IBPFAHIO_03001",0,0,0,0,0,0
"IBPFAHIO_03002",0,0,0,0,0,0
"IBPFAHIO_03003",0,0,0,0,0,0
"IBPFAHIO_03004",0,0,0,0,0,0
"IBPFAHIO_03005",0,0,0,0,0,0
"IBPFAHIO_03006",0,0,0,0,0,0
"IBPFAHIO_03007",0,0,0,0,0,0
"IBPFAHIO_03008",0,0,0,0,0,0
"IBPFAHIO_03009",0,0,0,0,0,0
"IBPFAHIO_03010",1.15475618815343,0,0,0,0,0
"IBPFAHIO_03011",0,0,0,0,0,0
"IBPFAHIO_03012",0,0,0,0,0,0
"IBPFAHIO_03013",0,0,0,0,0,0
"IBPFAHIO_03014",0,0,1.06629768559907,0.913820033276776,0,0.98945663245685
"IBPFAHIO_03015",0,0,0,0,0,0
"IBPFAHIO_03016",0,0,0,0,0,0
"IBPFAHIO_03017",0,0,0,0,0,0
"IBPFAHIO_03018",53.1187846550576,59.1108689296831,58.6463727079491,35.6389812977943,25.4013769498788,41.5571785631877
"IBPFAHIO_03019",217.094163372844,212.799128146859,204.729155635022,89.5543632611241,106.141467969136,126.650448954477
"IBPFAHIO_03020",0,0,0,0,0,0
"IBPFAHIO_03021",0,0,0,0,0,0
"IBPFAHIO_03022",1205.56546043218,1448.21628877724,1268.8942458629,533.670899433637,460.853553233515,445.255484605582
"IBPFAHIO_03023",446.890644815376,465.00550224684,496.894721489168,172.711986289311,157.851413902818,196.901869858913
"IBPFAHIO_03024",864.912384926915,793.070824806581,859.435934592854,540.981459699852,522.542611540363,529.359298364415
"IBPFAHIO_03025",11272.7299087537,12365.0085989409,12517.2685312475,4101.22430934617,4133.16690655885,3814.35531812116
"IBPFAHIO_03026",19.6308551986082,8.86663033945246,24.5248467687787,51.1739218634995,42.6380255944394,45.5150050930151
"IBPFAHIO_03027",235.570262383299,317.228329922632,254.845146858179,315.267911480488,294.837411025379,293.868619839684
"IBPFAHIO_03028",61.2020779721315,75.8589484597599,55.4474796511518,71.2779625955886,69.8537866121666,72.23033416935
"IBPFAHIO_03029",770.222377498335,702.4341591144,737.877998434559,520.877418967763,498.048426624409,494.728316228425
"IBPFAHIO_03030",0,0.985181148828051,0,0,0.907192033924242,0
"IBPFAHIO_03031",98.1542759930411,106.39956407343,104.497173188709,18.2764006655355,23.5869928820303,25.7258724438781
"IBPFAHIO_03032",375.295761149863,384.22064804294,404.126822842049,311.612631347381,255.828153566636,252.311441276497
"IBPFAHIO_03033",486.152355212592,502.442385902306,511.822889087555,392.942614309014,355.619277298303,348.288734624811
"IBPFAHIO_03034",143267.135995631,155949.249953736,152225.723893809,24869.6122056275,23073.5221908292,21794.761243127
"IBPFAHIO_03035",35365.5630183868,34887.2348422989,32916.6095544434,5270.00013190717,5210.00385082692,5119.44861633174
"IBPFAHIO_03036",2151.31077852983,2232.42048324436,2085.67827303179,1227.26030469071,1184.79279630506,1119.0754513087
"IBPFAHIO_03037",598.163705463474,679.774992691355,609.92227616267,275.973650049586,224.076432379288,239.448505054558
"IBPFAHIO_03038",744.817741358959,779.278288722988,816.784027168891,254.955789284221,175.088062547379,177.112737209776
"IBPFAHIO_03039",325.641245059266,391.116916084736,343.347854762902,182.764006655355,167.830526275985,180.081107107147
"IBPFAHIO_03040",3003.52084538706,3013.66913426501,3022.95393867337,1709.75728226085,1836.15667666267,1664.26605579242
"IBPFAHIO_03041",32.3331732682959,43.3479705484342,47.9833958519583,16.448760598982,20.8654167802576,15.8313061193096
"IBPFAHIO_03042",707.86554333805,613.767855719876,653.640481272232,310.698811314104,248.570617295242,244.395788216842
"IBPFAHIO_03043",280.605753721282,291.613620053103,260.176635286174,422.184855373871,458.131977131742,465.044617254719
"IBPFAHIO_03044",0,0,0,0,0,0
"IBPFAHIO_03045",479.223818083671,487.664668669885,480.900256205182,539.153819633298,627.776887475576,545.190604483724
"IBPFAHIO_03046",948.054830473962,927.055461047196,930.877879527991,1033.53045763603,1022.40542223262,978.572609499824
"IBPFAHIO_03047",884.543240125524,965.47752585149,844.507766994467,234.851748552132,232.241160684606,334.436341770415
"IBPFAHIO_03048",100.463788369348,89.6514845433527,74.6408379919352,56.6568420631601,32.6589132212727,49.4728316228425
"IBPFAHIO_03049",702.091762397282,737.90068047221,697.358686381794,336.285772245854,350.176125094757,302.773729531796
"IBPFAHIO_03050",233.260750006992,197.03622976561,201.530262578225,168.142886122927,170.552102377758,186.017846901888
"IBPFAHIO_03051",0,0,0,0,0,0
"IBPFAHIO_03052",19.6308551986082,22.6591664230452,23.4585490831796,2.74146009983033,4.53596016962121,5.9367397947411
"IBPFAHIO_03053",987.316540871179,1038.38093086477,1102.55180690944,746.590967187126,762.948500530288,676.788336600485
"IBPFAHIO_03054",2048.53747778418,2008.7843624604,2014.23632809665,1511.45833503979,1538.59768953551,1608.85648437484
"IBPFAHIO_03055",90.0709826759672,99.5032960316332,75.7071356775343,162.659965923266,138.800381190409,171.175997415035
"IBPFAHIO_03056",0,0,0,0,0,0
"IBPFAHIO_03057",0,0,0,0,0,0
"IBPFAHIO_03058",0,0.985181148828051,1.06629768559907,0,0,0
"IBPFAHIO_03059",0,0,0,0,0,0.98945663245685
"IBPFAHIO_03060",3.46426856446028,6.89626804179636,2.13259537119815,1.82764006655355,0,0
"IBPFAHIO_03061",1.15475618815343,5.91108689296831,1.06629768559907,1.82764006655355,0.907192033924242,0.98945663245685
"IBPFAHIO_03062",0,0,0,0,0,0
"IBPFAHIO_03063",0,0,0,0,0,0
"IBPFAHIO_03064",0,0,0,0,0,0
"IBPFAHIO_03065",0,0,0,0,0,0
"IBPFAHIO_03066",0,0,0,0,0,0
"IBPFAHIO_03067",0,0,0,0,0,0
"IBPFAHIO_03068",0,0,0,0,0,0
"IBPFAHIO_03069",0,0,0,0,0,0
"IBPFAHIO_03070",23.0951237630685,30.5406156136696,24.5248467687787,55.7430220298834,46.2667937301363,56.3990280500404
"IBPFAHIO_03071",45.0354913379836,55.1701443343709,59.7126703935481,127.020984625472,119.749348478,113.787512732538
"IBPFAHIO_03072",0,0,0,0,0,0
"IBPFAHIO_03073",2.30951237630685,0,0,0,1.81438406784848,0
"IBPFAHIO_03074",11.5475618815343,24.6295287207013,19.1933583407833,53.001561930053,40.8236415265909,48.4833749903856
"IBPFAHIO_03075",98.1542759930411,67.9774992691355,93.8341963327185,185.505466755186,149.6866855975,150.397408133441
"IBPFAHIO_03076",30.0236608919891,45.3183328460903,52.2485865943546,92.2958233609544,82.554475087106,90.0405535535733
"IBPFAHIO_03077",12.7023180696877,10.8369926371086,13.861869912788,34.7251612645175,36.2876813569697,34.6309821359897
"IBPFAHIO_03078",31.1784170801425,29.5554344648415,31.9889305679722,122.451884459088,89.8120113585,111.808599467624
"IBPFAHIO_03079",4.6190247526137,8.86663033945246,5.33148842799537,34.7251612645175,29.9373371195,24.7364158114212
"IBPFAHIO_03080",0,0,0,0,0,0
"IBPFAHIO_03081",35.7974418327562,61.0812312273392,47.9833958519583,68.5365024957582,63.5034423746969,59.367397947411
"IBPFAHIO_03082",1.15475618815343,0.985181148828051,7.46408379919352,11.8796604325981,5.44315220354545,3.9578265298274
"IBPFAHIO_03083",0,6.89626804179636,2.13259537119815,0,1.81438406784848,0
"IBPFAHIO_03084",0,0,0,0,0,0
"IBPFAHIO_03085",0,0,0,0,0,0
"IBPFAHIO_03086",0,0,0,0,0,0
"IBPFAHIO_03087",2859.17632186788,2471.81950240958,2287.20853561001,360.04509311105,405.514839164136,388.856456555542
"IBPFAHIO_03088",6.92853712892055,16.7480795300769,6.39778611359444,1.82764006655355,0.907192033924242,2.96836989737055
"IBPFAHIO_03089",0,0,0,0,0,0
"IBPFAHIO_03090",675.532370069754,654.160282821826,652.574183586633,320.750831680149,274.879186279045,294.858076472141
"IBPFAHIO_03091",63.5115903484384,65.0219558226514,52.2485865943546,53.001561930053,48.0811777979848,49.4728316228425
"IBPFAHIO_03092",650.127733930378,656.130645119482,710.154258608983,501.68719826895,424.565871876545,489.781033066141
"IBPFAHIO_03093",118.939887379803,132.014273942959,145.016485241474,134.331544891686,118.842156444076,108.840229570253
"IBPFAHIO_03094",5.77378094076713,9.85181148828051,4.2651907423963,5.48292019966066,5.44315220354545,5.9367397947411
"IBPFAHIO_03095",11.5475618815343,18.718441827733,15.9944652839861,10.0520203660445,7.25753627139394,11.8734795894822
"IBPFAHIO_03096",1345.29095919874,1218.6690811003,1164.39707267419,720.0901862221,755.690964258894,782.660196273368
"IBPFAHIO_03097",1382.24315721965,1321.12792057842,1359.52954913882,621.397622628208,604.189894593545,607.526372328506
"IBPFAHIO_03098",818.722137400778,782.233832169473,792.259180400112,1473.99171367544,1686.46999106517,1510.90027776161
"IBPFAHIO_03099",9.2380495052274,5.91108689296831,6.39778611359444,0,1.81438406784848,0
"IBPFAHIO_03100",8.08329331707398,4.92590574414026,2.13259537119815,0.913820033276776,1.81438406784848,0.98945663245685
"IBPFAHIO_03101",0,0,0,0,0,0
"IBPFAHIO_03102",0,0,0,0,0,0
"IBPFAHIO_03103",0,0,0,0,0,0
"IBPFAHIO_03104",2.30951237630685,1.9703622976561,1.06629768559907,0.913820033276776,0.907192033924242,0
"IBPFAHIO_03105",4890.39245682976,5198.80092236563,5081.97476956519,691.76176519052,590.582014084682,621.378765182902
"IBPFAHIO_03106",1.15475618815343,6.89626804179636,4.2651907423963,0,2.72157610177273,1.9789132649137
"IBPFAHIO_03107",0,0,1.06629768559907,0,0,0
"IBPFAHIO_03108",0,0,0,0,0,0
"IBPFAHIO_03109",0,0.985181148828051,3.19889305679722,0.913820033276776,0,1.9789132649137
"IBPFAHIO_03110",0,0,0,0,0,0
"IBPFAHIO_03111",0,0,0,0,0,0
"IBPFAHIO_03112",0,0,0,0,0,0
"IBPFAHIO_03113",0,0,0,0,0,0
"IBPFAHIO_03114",0,0,0,0,0,0
"IBPFAHIO_03115",193.999039609775,206.888041253891,201.530262578225,201.954227354168,305.72371543247,245.385244849299
"IBPFAHIO_03116",886.852752501831,898.485207731183,886.09337673283,803.247809250286,842.781399515621,750.008127402292
"IBPFAHIO_03117",235.570262383299,304.420974987868,282.568886683755,268.663089783372,263.992881871954,314.647209121278
"IBPFAHIO_03118",284.070022285743,313.28760532732,279.369993626957,315.267911480488,293.930218991454,285.95296678003
"IBPFAHIO_03119",50.8092722787507,44.3331516972623,45.8508004807602,97.7787435606151,92.5335874602727,86.0827270237459
"IBPFAHIO_03120",55.4282970313644,41.3776082507781,51.1822889087555,42.9495415640085,28.1229530516515,31.6626122386192
"IBPFAHIO_03121",297.927096543584,310.332061880836,262.309230657372,196.471307154507,192.324711191939,166.228714252751
"IBPFAHIO_03122",0,0.985181148828051,1.06629768559907,0,0.907192033924242,0
"IBPFAHIO_03123",0,0,0,0,0,0
"IBPFAHIO_03124",0,0.985181148828051,0,0,0,0.98945663245685
"IBPFAHIO_03125",0,0,0,0,0,0
"IBPFAHIO_03126",0,0,0,0,0,0
"IBPFAHIO_03127",0,0,1.06629768559907,0,0,0
"IBPFAHIO_03128",187.070502480855,264.028547885918,248.447360744584,88.6405432278473,89.8120113585,83.1143571263754
"IBPFAHIO_03129",299.081852731737,333.976409452709,301.762245024538,136.15918495824,130.635652885091,151.386864765898
"IBPFAHIO_03130",53.1187846550576,63.0515935249953,47.9833958519583,16.448760598982,14.5150725427879,17.8102193842233
"IBPFAHIO_03131",47.3450037142904,40.3924271019501,46.9170981663593,41.1219014974549,50.8027538997576,60.3568545798678
"IBPFAHIO_03132",10.3928056933808,16.7480795300769,15.9944652839861,8.22438029949099,8.16472830531818,15.8313061193096
"IBPFAHIO_03133",32.3331732682959,33.4961590601537,33.0552282535713,24.673140898473,11.7934964410151,28.6942423412486
"IBPFAHIO_03134",15.0118304459945,31.5257967624976,31.9889305679722,11.8796604325981,24.4941849159545,15.8313061193096
"IBPFAHIO_03135",49.6545160905973,32.5109779113257,55.4474796511518,40.2080814641782,30.8445291534242,38.5888086658171
"IBPFAHIO_03136",9.2380495052274,9.85181148828051,8.53038148479259,5.48292019966066,7.25753627139394,8.90510969211165
"IBPFAHIO_03137",11.5475618815343,9.85181148828051,21.3259537119815,10.9658403993213,12.7006884749394,18.7996760166801
"IBPFAHIO_03138",15.0118304459945,19.703622976561,19.1933583407833,14.6211205324284,9.97911237316666,18.7996760166801
"IBPFAHIO_03139",5.77378094076713,2.95554344648415,12.7955722271889,9.13820033276776,5.44315220354545,5.9367397947411
"IBPFAHIO_03140",21.9403675749151,20.6888041253891,21.3259537119815,12.7934804658749,12.7006884749394,16.8207627517664
"IBPFAHIO_03141",5.77378094076713,3.9407245953122,3.19889305679722,1.82764006655355,0.907192033924242,3.9578265298274
"IBPFAHIO_03142",69.2853712892055,55.1701443343709,57.58007502235,53.001561930053,66.2250184764697,57.3884846824973
"IBPFAHIO_03143",51.9640284669041,34.4813402089818,39.4530143671657,29.2422410648568,39.9164494926667,34.6309821359897
"IBPFAHIO_03144",53.1187846550576,65.0219558226514,50.1159912231565,42.0357215307317,31.7517211873485,32.652068871076
"IBPFAHIO_03145",1.15475618815343,1.9703622976561,3.19889305679722,0,0.907192033924242,0.98945663245685
"IBPFAHIO_03146",49.6545160905973,71.9182238644477,59.7126703935481,58.4844821297137,34.4732972891212,57.3884846824973
"IBPFAHIO_03147",487.307111400745,433.479705484343,476.635065462786,367.355653377264,344.732972891212,370.056780538862
"IBPFAHIO_03148",1.15475618815343,2.95554344648415,2.13259537119815,10.0520203660445,5.44315220354545,1.9789132649137
"IBPFAHIO_03149",11.5475618815343,5.91108689296831,3.19889305679722,15.5349405657052,18.1438406784848,15.8313061193096
"IBPFAHIO_03150",5.77378094076713,7.88144919062441,8.53038148479259,18.2764006655355,5.44315220354545,13.8523928543959
"IBPFAHIO_03151",20.7856113867617,23.6443475718732,17.0607629695852,21.9316807986426,29.9373371195,18.7996760166801
"IBPFAHIO_03152",6.92853712892055,9.85181148828051,8.53038148479259,10.9658403993213,8.16472830531818,6.92619642719795
"IBPFAHIO_03153",10.3928056933808,15.7628983812488,23.4585490831796,6.39674023293743,13.6078805088636,4.94728316228425
"IBPFAHIO_03154",2.30951237630685,1.9703622976561,1.06629768559907,1.82764006655355,0,0
"IBPFAHIO_03155",40.4164665853699,31.5257967624976,45.8508004807602,53.9153819633298,39.9164494926667,45.5150050930151
"IBPFAHIO_03156",26.5593923275288,44.3331516972623,38.3867166815667,29.2422410648568,41.7308335605151,29.6836989737055
"IBPFAHIO_03157",133.951717825797,106.39956407343,108.762363931106,101.434023693722,79.8328989853333,84.1038137588322
"IBPFAHIO_03158",5.77378094076713,6.89626804179636,8.53038148479259,4.56910016638388,6.35034423746969,11.8734795894822
"IBPFAHIO_03159",43.8807351498302,52.2146008878867,31.9889305679722,21.0178607653659,19.0510327124091,15.8313061193096
"IBPFAHIO_03160",4706.78622291336,4584.04788549692,4494.4447448001,898.285092711071,1084.09448053947,1040.90837734461
"IBPFAHIO_03161",696.317981456515,695.537891072604,696.292388696195,167.22906608965,193.231903225864,212.733175978223
"IBPFAHIO_03162",162.820622529633,163.540070705456,137.552401442281,116.055144226151,96.1623555959697,89.0510969211165
"IBPFAHIO_03163",221.713188125458,253.191555248809,224.988811661405,174.539626355864,193.231903225864,211.743719345766
"IBPFAHIO_03164",173.213428223014,135.954998538271,153.546866726267,83.1576230281866,104.327083901288,107.850772937797
